初期時点,新ランク（前）,新ランク(後),intercal 1,interval 2,定数項,道路構造,交通量（基準化）,車線コード,上下コード,舗装種別
0,0,0,0.25,2,1,1,0.378765828,,,
0,0,0,0.25,2,1,1,0.378765828,,,
0,0,0,0.25,2,1,1,0.378765828,,,
0,0,0,0.25,2,1,1,0.378765828,,,
0,0,1,0.25,2,1,1,0.378765828,,,
0,0,2,0.25,2,1,1,0.378765828,,,
0,0,2,0.25,2,1,1,0.378765828,,,
0,0,2,0.25,2,1,1,0.378765828,,,
0,0,3,0.25,2,1,1,0.378765828,,,
0,0,5,0.25,2,1,1,0.378765828,,,
0,0,5,0.25,2,1,1,0.378765828,,,
0,0,8,0.25,2,1,1,0.378765828,,,
0,2,0,2.25,0,1,1,0.378765828,,,
0,2,0,2.25,0,1,1,0.378765828,,,
0,2,0,2.25,0,1,1,0.378765828,,,
0,2,0,2.25,0,1,1,0.378765828
0,2,0,1.25,0,1,1,0.378765828
0,2,0,1.25,0,1,1,0.378765828
0,2,0,1.25,0,1,1,0.378765828
0,2,0,1.25,0,1,1,0.378765828
0,1,0,2.25,0,1,1,0.378765828
0,1,0,1.25,0,1,1,0.378765828
0,0,0,2.25,0,1,1,0.378765828
0,0,0,2.25,0,1,1,0.378765828
0,0,0,2.25,0,1,1,0.378765828
0,0,0,1.25,0,1,1,0.378765828
0,8,0,4.25,0,1,1,0.385171604
0,8,0,4.25,0,1,1,0.385171604
0,8,0,4.25,0,1,1,0.385171604
0,8,0,4.25,0,1,1,0.385171604
0,5,0,4.25,0,1,1,0.385171604
0,2,0,4.25,0,1,1,0.385171604
0,2,0,4.25,0,1,1,0.385171604
0,2,0,4.25,0,1,1,0.385171604
0,2,0,4.25,0,1,1,0.385171604
0,2,0,4.25,0,1,1,0.385171604
0,0,0,4.25,0,1,1,0.385171604
0,0,0,4.25,0,1,1,0.385171604
0,0,0,1,2.08,1,1,0.387681201
0,0,0,1,2.08,1,1,0.387681201
0,0,0,1,2.08,1,1,0.387681201
0,0,0,1.75,2.08,1,1,0.387681201
0,0,0,1,2.08,1,1,0.387681201
0,0,0,1.75,2.08,1,1,0.387681201
0,0,0,1,2.08,1,1,0.387681201
0,0,0,1.75,2.08,1,1,0.387681201
0,0,0,1,2.08,1,1,0.387681201
0,0,0,1,2.08,1,1,0.387681201
0,0,0,1,2.08,1,1,0.387681201
0,0,0,1.75,2.08,1,1,0.387681201
0,0,0,1,2.08,1,1,0.387681201
0,0,0,1.75,2.08,1,1,0.387681201
0,0,0,1.75,2.08,1,1,0.387681201
0,0,0,1.75,2.08,1,1,0.387681201
0,0,0,1,2.08,1,1,0.387681201
0,0,0,1,2.08,1,1,0.387681201
0,0,0,1,2.08,1,1,0.387681201
0,0,0,1.75,2.08,1,0,0.387681201
0,0,0,1.75,2.08,1,0,0.387681201
0,0,0,1.75,2.08,1,0,0.387681201
0,0,0,1,2.08,1,1,0.387681201
0,0,0,1,2.08,1,1,0.387681201
0,0,0,1,2.08,1,1,0.387681201
0,0,0,1.75,2.08,1,1,0.387681201
0,1,1,1,2.08,1,1,0.387681201
0,0,1,1,2.08,1,1,0.387681201
0,0,1,1,2.08,1,1,0.387681201
0,0,1,1,2.08,1,1,0.387681201
0,0,1,1,2.08,1,1,0.387681201
0,0,1,1.75,2.08,1,1,0.387681201
0,0,1,1.75,2.08,1,1,0.387681201
0,0,1,1.75,2.08,1,1,0.387681201
0,0,1,1.75,2.08,1,1,0.387681201
0,0,1,1.75,2.08,1,1,0.387681201
0,1,2,1,2.08,1,1,0.387681201
0,1,2,1.75,2.08,1,1,0.387681201
0,0,2,1.75,2.08,1,1,0.387681201
0,0,2,1.75,2.08,1,1,0.387681201
0,0,2,1,2.08,1,1,0.387681201
0,0,2,0.25,2.08,1,1,0.387681201
0,0,2,1,2.08,1,1,0.387681201
0,0,2,1,2.08,1,1,0.387681201
0,0,2,1,2.08,1,1,0.387681201
0,0,2,1,2.08,1,1,0.387681201
0,0,2,1.75,2.08,1,1,0.387681201
0,0,2,1.75,2.08,1,1,0.387681201
0,0,2,1.75,2.08,1,1,0.387681201
0,0,5,1.75,2.08,1,1,0.387681201
0,0,5,1,2.08,1,1,0.387681201
0,0,5,1,2.08,1,1,0.387681201
0,0,5,1,2.08,1,1,0.387681201
0,0,7,1.75,2.08,1,1,0.387681201
0,1,8,1.75,2.08,1,1,0.387681201
0,0,8,1,2.08,1,1,0.387681201
0,0,8,1,2.08,1,1,0.387681201
0,0,8,1.75,2.08,1,0,0.387681201
0,0,0,3,2,1,1,0.398876984
0,0,0,2,2,1,1,0.398876984
0,0,0,2,2,1,1,0.398876984
0,0,0,2,2,1,1,0.398876984
0,0,0,2,2,1,1,0.398876984
0,0,0,3,2,1,1,0.398876984
0,0,0,1,2,1,1,0.398876984
0,0,0,3,2,1,1,0.398876984
0,0,0,3,2,1,1,0.398876984
0,0,0,3,2,1,1,0.398876984
0,0,0,3,2,1,1,0.398876984
0,0,0,3,2,1,1,0.398876984
0,0,0,3,2,1,1,0.398876984
0,0,0,3,2,1,1,0.398876984
0,0,0,3,2,1,1,0.398876984
0,0,0,3,2,1,1,0.398876984
0,0,0,3,2,1,1,0.398876984
0,0,0,3,2,1,1,0.398876984
0,0,0,3,2,1,1,0.398876984
0,0,0,3,2,1,1,0.398876984
0,0,0,3,2,1,1,0.398876984
0,0,0,3,2,1,1,0.398876984
0,0,0,3,2,1,1,0.398876984
0,0,0,3,2,1,1,0.398876984
0,0,0,1.2,2,1,1,0.398876984
0,0,0,2.2,2,1,0,0.398876984
0,0,0,2.2,2,1,0,0.398876984
0,0,0,2.2,2,1,0,0.398876984
0,0,0,2.2,2,1,0,0.398876984
0,0,0,4.25,2,1,1,0.398876984
0,0,0,4.25,2,1,1,0.398876984
0,0,0,3,2,1,0,0.398876984
0,0,0,3,2,1,0,0.398876984
0,1,1,3,2,1,0,0.398876984
0,2,2,2.2,2,1,1,0.398876984
0,8,8,3,2,1,1,0.398876984
0,8,8,4.25,2,1,1,0.398876984
0,8,8,4.25,2,1,1,0.398876984
0,8,8,4.25,2,1,1,0.398876984
0,8,8,4.25,2,1,1,0.398876984
0,8,8,4.25,2,1,1,0.398876984
0,8,8,2.2,2,1,0,0.398876984
0,0,1,2,2,1,1,0.398876984
0,0,1,2,2,1,1,0.398876984
0,0,1,2,2,1,1,0.398876984
0,0,1,3,2,1,1,0.398876984
0,2,3,3,2,1,1,0.398876984
0,7,8,4.25,2,1,1,0.398876984
0,7,8,4.25,2,1,1,0.398876984
0,0,2,3,2,1,1,0.398876984
0,0,2,2,2,1,1,0.398876984
0,0,2,2,2,1,1,0.398876984
0,0,2,2,2,1,1,0.398876984
0,0,2,3,2,1,1,0.398876984
0,0,2,3,2,1,1,0.398876984
0,0,2,3,2,1,1,0.398876984
0,0,2,3,2,1,1,0.398876984
0,0,2,3,2,1,1,0.398876984
0,0,2,3,2,1,1,0.398876984
0,0,2,2.2,2,1,1,0.398876984
0,0,2,1.2,2,1,1,0.398876984
0,0,2,3,2,1,1,0.398876984
0,2,5,4.25,2,1,1,0.398876984
0,5,8,4.25,2,1,1,0.398876984
0,5,8,3,2,1,1,0.398876984
0,5,8,3,2,1,1,0.398876984
0,0,4,2,2,1,1,0.398876984
0,0,5,3,2,1,1,0.398876984
0,0,5,2.2,2,1,1,0.398876984
0,0,5,2.2,2,1,1,0.398876984
0,0,5,1.2,2,1,1,0.398876984
0,2,8,3,2,1,1,0.398876984
0,2,8,3,2,1,1,0.398876984
0,2,8,3,2,1,1,0.398876984
0,2,8,4.25,2,1,1,0.398876984
0,0,7,3,2,1,1,0.398876984
0,1,8,3,2,1,1,0.398876984
0,0,8,3,2,1,1,0.398876984
0,0,8,2,2,1,1,0.398876984
0,0,8,1,2,1,1,0.398876984
0,0,8,1,2,1,1,0.398876984
0,0,8,1,2,1,1,0.398876984
0,0,8,1,2,1,1,0.398876984
0,0,8,3,2,1,1,0.398876984
0,0,8,1,2,1,1,0.398876984
0,0,8,1,2,1,1,0.398876984
0,0,8,1.2,2,1,1,0.398876984
0,0,8,1.2,2,1,1,0.398876984
0,0,8,3,2,1,1,0.398876984
0,5,0,1,0,1,1,0.398876984
0,0,0,1,0,1,1,0.398876984
0,0,0,1,0,1,1,0.398876984
0,0,0,1,0,1,1,0.398876984
0,0,0,0.25,2,1,1,0.453526614
0,0,0,0.25,2,1,1,0.453526614
0,0,0,0.25,2,1,1,0.453526614
0,0,0,0.25,2,1,1,0.453526614
0,0,0,0.25,2,1,1,0.453526614
0,0,0,0.25,2,1,1,0.453526614
0,0,0,0.25,2,1,1,0.453526614
0,0,0,0.25,2,1,1,0.453526614
0,0,0,0.25,2,1,1,0.453526614
0,0,0,0.25,2,1,1,0.453526614
0,0,0,0.25,2,1,1,0.453526614
0,0,1,0.25,2,1,1,0.453526614
0,0,1,0.25,2,1,1,0.453526614
0,0,1,0.25,2,1,1,0.453526614
0,0,1,0.25,2,1,1,0.453526614
0,0,2,0.25,2,1,1,0.453526614
0,0,2,0.25,2,1,1,0.453526614
0,0,2,0.25,2,1,1,0.453526614
0,0,2,0.25,2,1,1,0.453526614
0,0,5,0.25,2,1,1,0.453526614
0,7,0,2.25,0,1,1,0.453526614
0,3,0,1.25,0,1,1,0.453526614
0,2,0,2.25,0,1,1,0.453526614
0,2,0,2.25,0,1,1,0.453526614
0,2,0,1.25,0,1,0,0.453526614
0,2,0,1.25,0,1,0,0.453526614
0,2,0,1.25,0,1,0,0.453526614
0,2,0,1.25,0,1,0,0.453526614
0,2,0,1.25,0,1,0,0.453526614
0,2,0,1.25,0,1,1,0.453526614
0,2,0,1.25,0,1,1,0.453526614
0,2,0,1.25,0,1,1,0.453526614
0,2,0,2.25,0,1,1,0.453526614
0,2,0,2.25,0,1,1,0.453526614
0,2,0,2.25,0,1,1,0.453526614
0,1,0,1.25,0,1,0,0.453526614
0,1,0,1.25,0,1,0,0.453526614
0,1,0,1.25,0,1,0,0.453526614
0,1,0,1.25,0,1,0,0.453526614
0,1,0,1.25,0,1,1,0.453526614
0,1,0,2.25,0,1,1,0.453526614
0,1,0,2.25,0,1,1,0.453526614
0,1,0,2.25,0,1,1,0.453526614
0,0,0,2.25,0,1,1,0.453526614
0,0,0,2.25,0,1,1,0.453526614
0,0,0,2.25,0,1,1,0.453526614
0,0,0,2.25,0,1,1,0.453526614
0,0,0,2.25,0,1,1,0.453526614
0,0,0,1.25,0,1,0,0.453526614
0,0,0,1.25,0,1,0,0.453526614
0,0,0,1.25,0,1,0,0.453526614
0,0,0,1.25,0,1,0,0.453526614
0,0,0,1.25,0,1,0,0.453526614
0,0,0,1.25,0,1,0,0.453526614
0,0,0,1.25,0,1,1,0.453526614
0,0,0,1.25,0,1,1,0.453526614
0,0,0,1.25,0,1,1,0.453526614
0,0,0,1.25,0,1,1,0.453526614
0,0,0,2.25,0,1,1,0.453526614
0,0,0,2.25,0,1,1,0.453526614
0,0,0,2.25,0,1,1,0.453526614
0,0,0,2.25,0,1,1,0.453526614
0,0,0,2.25,0,1,1,0.453526614
0,0,0,2.25,0,1,1,0.453526614
0,0,0,2.25,0,1,1,0.453526614
0,0,0,2.25,0,1,1,0.453526614
0,0,0,2.25,0,1,1,0.453526614
0,0,0,2.25,0,1,1,0.453526614
0,0,0,2.25,0,1,1,0.453526614
0,0,0,2.25,0,1,1,0.453526614
0,0,0,2.25,0,1,1,0.453526614
0,0,0,2.25,0,1,1,0.453526614
0,0,0,2.25,0,1,1,0.453526614
0,0,0,2.25,0,1,1,0.453526614
0,0,0,1,2.08,1,1,0.464584885
0,0,0,1.75,2.08,1,1,0.464584885
0,0,0,1,2.08,1,1,0.464584885
0,0,0,1.75,2.08,1,1,0.464584885
0,0,0,1.75,2.08,1,0,0.464584885
0,0,0,1.75,2.08,1,1,0.464584885
0,0,0,1.75,2.08,1,1,0.464584885
0,0,0,1.75,2.08,1,1,0.464584885
0,0,0,1.75,2.08,1,1,0.464584885
0,0,0,1.75,2.08,1,1,0.464584885
0,0,0,1.75,2.08,1,1,0.464584885
0,0,0,1.75,2.08,1,1,0.464584885
0,0,0,1.75,2.08,1,1,0.464584885
0,0,0,1.75,2.08,1,1,0.464584885
0,0,0,1.75,2.08,1,1,0.464584885
0,0,0,1.75,2.08,1,1,0.464584885
0,0,0,1.75,2.08,1,1,0.464584885
0,0,0,1.75,2.08,1,1,0.464584885
0,0,0,1.75,2.08,1,1,0.464584885
0,0,0,1,2.08,1,1,0.464584885
0,0,0,1.75,2.08,1,1,0.464584885
0,0,0,1,2.08,1,1,0.464584885
0,0,0,1,2.08,1,1,0.464584885
0,0,0,1.75,2.08,1,1,0.464584885
0,0,0,1,2.08,1,1,0.464584885
0,0,0,1,2.08,1,1,0.464584885
0,0,0,1.75,2.08,1,1,0.464584885
0,0,0,1,2.08,1,1,0.464584885
0,0,0,1.75,2.08,1,1,0.464584885
0,0,0,1.75,2.08,1,1,0.464584885
0,0,0,1,2.08,1,1,0.464584885
0,0,0,1.75,2.08,1,1,0.464584885
0,0,0,1.75,2.08,1,1,0.464584885
0,0,0,1,2.08,1,1,0.464584885
0,0,0,1.75,2.08,1,0,0.464584885
0,0,0,1.75,2.08,1,0,0.464584885
0,0,0,1.75,2.08,1,0,0.464584885
0,0,0,1,2.08,1,1,0.464584885
0,0,0,1,2.08,1,1,0.464584885
0,0,0,1.75,2.08,1,1,0.464584885
0,0,0,1.75,2.08,1,1,0.464584885
0,0,0,1,2.08,1,1,0.464584885
0,0,0,1,2.08,1,1,0.464584885
0,0,0,1.75,2.08,1,1,0.464584885
0,0,0,1,2.08,1,1,0.464584885
0,0,0,1.75,2.08,1,1,0.464584885
0,0,0,1,2.08,1,1,0.464584885
0,0,0,1.75,2.08,1,1,0.464584885
0,0,0,1,2.08,1,1,0.464584885
0,0,0,1.75,2.08,1,1,0.464584885
0,0,0,1,2.08,1,1,0.464584885
0,0,0,1.75,2.08,1,1,0.464584885
0,0,0,1,2.08,1,0,0.464584885
0,0,0,1,2.08,1,1,0.464584885
0,0,0,1,2.08,1,1,0.464584885
0,0,0,1,2.08,1,1,0.464584885
0,0,0,1,2.08,1,1,0.464584885
0,0,0,1,2.08,1,1,0.464584885
0,0,0,1,2.08,1,1,0.464584885
0,0,0,1.75,2.08,1,1,0.464584885
0,0,0,1.75,2.08,1,1,0.464584885
0,0,0,1.75,2.08,1,1,0.464584885
0,0,0,1.75,2.08,1,1,0.464584885
0,0,0,1.75,2.08,1,1,0.464584885
0,0,0,1.75,2.08,1,1,0.464584885
0,0,0,1.75,2.08,1,1,0.464584885
0,0,0,1.75,2.08,1,1,0.464584885
0,0,0,1.75,2.08,1,1,0.464584885
0,1,1,1.75,2.08,1,1,0.464584885
0,1,1,1.75,2.08,1,1,0.464584885
0,1,1,1,2.08,1,1,0.464584885
0,2,2,1,2.08,1,0,0.464584885
0,2,2,1.75,2.08,1,0,0.464584885
0,2,2,1.75,2.08,1,1,0.464584885
0,0,1,1,2.08,1,1,0.464584885
0,0,1,1,2.08,1,1,0.464584885
0,0,1,1.75,2.08,1,1,0.464584885
0,0,1,1.75,2.08,1,1,0.464584885
0,0,1,1.75,2.08,1,1,0.464584885
0,0,1,1.75,2.08,1,1,0.464584885
0,0,1,1.75,2.08,1,1,0.464584885
0,0,1,1.75,2.08,1,1,0.464584885
0,0,1,1.75,2.08,1,1,0.464584885
0,0,1,1,2.08,1,1,0.464584885
0,0,1,1.75,2.08,1,0,0.464584885
0,0,1,1,2.08,1,0,0.464584885
0,0,1,1.75,2.08,1,1,0.464584885
0,0,1,1,2.08,1,1,0.464584885
0,0,1,1,2.08,1,1,0.464584885
0,0,1,1.75,2.08,1,1,0.464584885
0,0,1,1,2.08,1,1,0.464584885
0,0,1,1,2.08,1,1,0.464584885
0,0,1,1.75,2.08,1,1,0.464584885
0,0,1,1.75,2.08,1,1,0.464584885
0,0,1,1,2.08,1,1,0.464584885
0,0,1,1,2.08,1,1,0.464584885
0,0,1,1.75,2.08,1,1,0.464584885
0,0,1,1.75,2.08,1,1,0.464584885
0,0,1,1.75,2.08,1,1,0.464584885
0,0,1,1.75,2.08,1,1,0.464584885
0,1,2,1.75,2.08,1,1,0.464584885
0,1,2,1,2.08,1,1,0.464584885
0,0,2,1,2.08,1,1,0.464584885
0,0,2,1.75,2.08,1,1,0.464584885
0,0,2,1.75,2.08,1,1,0.464584885
0,0,2,1.75,2.08,1,1,0.464584885
0,0,2,1.75,2.08,1,1,0.464584885
0,0,2,1,2.08,1,1,0.464584885
0,0,2,1,2.08,1,1,0.464584885
0,0,2,1.75,2.08,1,1,0.464584885
0,0,2,1.75,2.08,1,1,0.464584885
0,0,2,1.75,2.08,1,1,0.464584885
0,0,2,1,2.08,1,1,0.464584885
0,0,2,1,2.08,1,1,0.464584885
0,0,2,1,2.08,1,1,0.464584885
0,0,2,1,2.08,1,1,0.464584885
0,0,2,1,2.08,1,0,0.464584885
0,0,2,1,2.08,1,0,0.464584885
0,0,2,1,2.08,1,1,0.464584885
0,0,2,1,2.08,1,1,0.464584885
0,0,2,1,2.08,1,1,0.464584885
0,0,2,1,2.08,1,1,0.464584885
0,0,2,1.75,2.08,1,1,0.464584885
0,0,2,1,2.08,1,1,0.464584885
0,0,2,1,2.08,1,1,0.464584885
0,0,2,1.75,2.08,1,1,0.464584885
0,0,2,1,2.08,1,1,0.464584885
0,0,2,1.75,2.08,1,1,0.464584885
0,0,2,1,2.08,1,1,0.464584885
0,0,2,1,2.08,1,1,0.464584885
0,0,2,1.75,2.08,1,1,0.464584885
0,0,2,1,2.08,1,1,0.464584885
0,0,2,1,2.08,1,1,0.464584885
0,0,2,1.75,2.08,1,1,0.464584885
0,0,4,1.75,2.08,1,1,0.464584885
0,0,5,1,2.08,1,1,0.464584885
0,0,5,1,2.08,1,1,0.464584885
0,0,5,1,2.08,1,1,0.464584885
0,0,5,1,2.08,1,1,0.464584885
0,0,5,1,2.08,1,1,0.464584885
0,0,5,1,2.08,1,1,0.464584885
0,0,5,1,2.08,1,1,0.464584885
0,0,5,1,2.08,1,1,0.464584885
0,0,5,1.75,2.08,1,1,0.464584885
0,0,5,1.75,2.08,1,1,0.464584885
0,0,5,1,2.08,1,1,0.464584885
0,0,5,1,2.08,1,1,0.464584885
0,0,5,1,2.08,1,1,0.464584885
0,0,5,1.75,2.08,1,1,0.464584885
0,0,5,1,2.08,1,1,0.464584885
0,0,5,1.75,2.08,1,1,0.464584885
0,0,5,1.75,2.08,1,1,0.464584885
0,0,8,1.75,2.08,1,1,0.464584885
0,0,8,1.75,2.08,1,1,0.464584885
0,0,8,1.75,2.08,1,1,0.464584885
0,0,8,1.75,2.08,1,1,0.464584885
0,0,8,1,2.08,1,1,0.464584885
0,0,8,1,2.08,1,0,0.464584885
0,0,8,1,2.08,1,1,0.464584885
0,0,8,1,2.08,1,1,0.464584885
0,0,8,1,2.08,1,1,0.464584885
0,0,8,1.75,2.08,1,1,0.464584885
0,0,8,1.75,2.08,1,1,0.464584885
0,0,8,1,2.08,1,1,0.464584885
0,2,0,2,0,1,1,0.464584885
0,2,0,2,0,1,1,0.464584885
0,2,0,2,0,1,1,0.464584885
0,2,0,1,0,1,1,0.464584885
0,1,0,1,0,1,1,0.464584885
0,1,0,1,0,1,1,0.464584885
0,0,0,3,3,1,1,0.467721882
0,0,0,3,3,1,1,0.467721882
0,0,0,1.25,3,1,1,0.467721882
0,0,0,1.25,3,1,1,0.467721882
0,0,0,1.25,3,1,1,0.467721882
0,0,0,1.25,3,1,1,0.467721882
0,0,0,1.25,3,1,1,0.467721882
0,0,0,1.25,3,1,1,0.467721882
0,0,0,1.25,3,1,1,0.467721882
0,0,0,1.25,3,1,1,0.467721882
0,0,0,1.25,3,1,1,0.467721882
0,0,0,1.25,3,1,1,0.467721882
0,0,0,1.25,3,1,1,0.467721882
0,0,0,1.25,3,1,1,0.467721882
0,0,0,1.25,3,1,1,0.467721882
0,0,0,1.25,3,1,1,0.467721882
0,0,0,1.25,3,1,1,0.467721882
0,0,0,1.25,3,1,1,0.467721882
0,0,0,1.25,3,1,1,0.467721882
0,0,0,1.25,3,1,1,0.467721882
0,5,5,1.25,3,1,1,0.467721882
0,8,8,3,3,1,1,0.467721882
0,8,8,3,3,1,1,0.467721882
0,8,8,3,3,1,1,0.467721882
0,8,8,3,3,1,1,0.467721882
0,8,8,3,3,1,1,0.467721882
0,8,8,3,3,1,1,0.467721882
0,0,2,1.25,3,1,1,0.467721882
0,0,2,3,3,1,1,0.467721882
0,5,8,3,3,1,1,0.467721882
0,0,4,1.25,3,1,1,0.467721882
0,0,5,1.25,3,1,1,0.467721882
0,0,5,1.25,3,1,1,0.467721882
0,0,5,1.25,3,1,1,0.467721882
0,0,5,1.25,3,1,1,0.467721882
0,0,8,3,3,1,1,0.467721882
0,0,8,1.25,3,1,1,0.467721882
0,0,8,3,3,1,1,0.467721882
0,8,0,3,0,1,1,0.467721882
0,8,0,3,0,1,1,0.467721882
0,8,0,3,0,1,1,0.467721882
0,8,0,3,0,1,1,0.467721882
0,8,0,3,0,1,1,0.467721882
0,8,0,3,0,1,1,0.467721882
0,8,0,4.25,0,1,1,0.467721882
0,8,0,4.25,0,1,1,0.467721882
0,8,0,5,0,1,1,0.467721882
0,7,0,3,0,1,1,0.467721882
0,5,0,3,0,1,1,0.467721882
0,5,0,3,0,1,1,0.467721882
0,5,0,3,0,1,1,0.467721882
0,5,0,3,0,1,1,0.467721882
0,5,0,4.25,0,1,1,0.467721882
0,3,0,3,0,1,1,0.467721882
0,2,0,3,0,1,0,0.467721882
0,2,0,4.25,0,1,1,0.467721882
0,2,0,4.25,0,1,1,0.467721882
0,2,0,5,0,1,1,0.467721882
0,1,0,4.25,0,1,1,0.467721882
0,0,0,1.25,0,1,1,0.467721882
0,0,0,3,0,1,1,0.467721882
0,0,0,5,0,1,1,0.467721882
0,0,0,4.25,0,1,1,0.467721882
0,0,0,4.25,0,1,1,0.467721882
0,0,0,4.25,0,1,1,0.467721882
0,0,0,3,2,1,1,0.480330029
0,0,0,3,2,1,1,0.480330029
0,0,0,3,2,1,1,0.480330029
0,0,0,3,2,1,1,0.480330029
0,0,0,3,2,1,1,0.480330029
0,0,0,3,2,1,1,0.480330029
0,0,0,3,2,1,1,0.480330029
0,0,0,3,2,1,1,0.480330029
0,0,0,3,2,1,1,0.480330029
0,0,0,3,2,1,1,0.480330029
0,0,0,3,2,1,1,0.480330029
0,0,0,3,2,1,1,0.480330029
0,0,0,3,2,1,1,0.480330029
0,0,0,3,2,1,1,0.480330029
0,0,0,3,2,1,1,0.480330029
0,0,0,3,2,1,1,0.480330029
0,0,0,2,2,1,1,0.480330029
0,0,0,2,2,1,1,0.480330029
0,0,0,2,2,1,1,0.480330029
0,0,0,2,2,1,1,0.480330029
0,0,0,2,2,1,1,0.480330029
0,0,0,2,2,1,1,0.480330029
0,0,0,2,2,1,0,0.480330029
0,0,0,2,2,1,1,0.480330029
0,0,0,2,2,1,1,0.480330029
0,0,0,2,2,1,1,0.480330029
0,0,0,2,2,1,1,0.480330029
0,0,0,3,2,1,1,0.480330029
0,0,0,3,2,1,1,0.480330029
0,0,0,3,2,1,1,0.480330029
0,0,0,3,2,1,1,0.480330029
0,0,0,3,2,1,1,0.480330029
0,0,0,2,2,1,1,0.480330029
0,0,0,2,2,1,1,0.480330029
0,0,0,3,2,1,1,0.480330029
0,0,0,3,2,1,1,0.480330029
0,0,0,3,2,1,1,0.480330029
0,0,0,3,2,1,1,0.480330029
0,0,0,2,2,1,1,0.480330029
0,0,0,3,2,1,1,0.480330029
0,0,0,3,2,1,0,0.480330029
0,0,0,2,2,1,0,0.480330029
0,0,0,3,2,1,1,0.480330029
0,0,0,3,2,1,1,0.480330029
0,0,0,3,2,1,1,0.480330029
0,0,0,3,2,1,1,0.480330029
0,0,0,3,2,1,1,0.480330029
0,0,0,3,2,1,1,0.480330029
0,0,0,4.25,2,1,1,0.480330029
0,0,0,3,2,1,0,0.480330029
0,0,0,4.25,2,1,0,0.480330029
0,0,0,3,2,1,0,0.480330029
0,0,0,4.25,2,1,0,0.480330029
0,0,0,3,2,1,0,0.480330029
0,0,0,3,2,1,1,0.480330029
0,0,0,3,2,1,1,0.480330029
0,0,0,4.25,2,1,1,0.480330029
0,0,0,4.25,2,1,1,0.480330029
0,0,0,4.25,2,1,1,0.480330029
0,0,0,4.25,2,1,1,0.480330029
0,0,0,5,2,1,1,0.480330029
0,0,0,4.25,2,1,1,0.480330029
0,0,0,4.25,2,1,0,0.480330029
0,0,0,4.25,2,1,0,0.480330029
0,0,0,4.25,2,1,0,0.480330029
0,0,0,4.25,2,1,1,0.480330029
0,0,0,5,2,1,1,0.480330029
0,0,0,2.2,2,1,0,0.480330029
0,0,0,2.2,2,1,1,0.480330029
0,2,2,2,2,1,1,0.480330029
0,2,2,5,2,1,1,0.480330029
0,2,2,4.25,2,1,1,0.480330029
0,2,2,4.25,2,1,0,0.480330029
0,2,2,5,2,1,1,0.480330029
0,2,2,5,2,1,1,0.480330029
0,2,2,5,2,1,1,0.480330029
0,2,2,5,2,1,1,0.480330029
0,2,2,5,2,1,1,0.480330029
0,2,2,5,2,1,1,0.480330029
0,4,4,4.25,2,1,1,0.480330029
0,4,4,3,2,1,1,0.480330029
0,7,7,4.25,2,1,1,0.480330029
0,8,8,3,2,1,1,0.480330029
0,8,8,2,2,1,1,0.480330029
0,8,8,2,2,1,1,0.480330029
0,8,8,2,2,1,1,0.480330029
0,8,8,5,2,1,1,0.480330029
0,8,8,3,2,1,1,0.480330029
0,8,8,3,2,1,1,0.480330029
0,8,8,5,2,1,1,0.480330029
0,8,8,4.25,2,1,1,0.480330029
0,8,8,4.25,2,1,1,0.480330029
0,8,8,4.25,2,1,1,0.480330029
0,8,8,4.25,2,1,1,0.480330029
0,8,8,4.25,2,1,1,0.480330029
0,8,8,4.25,2,1,1,0.480330029
0,0,1,3,2,1,1,0.480330029
0,0,1,3,2,1,1,0.480330029
0,0,1,3,2,1,1,0.480330029
0,0,1,3,2,1,1,0.480330029
0,0,1,3,2,1,1,0.480330029
0,0,1,3,2,1,1,0.480330029
0,0,1,2,2,1,1,0.480330029
0,0,1,2,2,1,0,0.480330029
0,0,1,4.25,2,1,1,0.480330029
0,0,1,4.25,2,1,0,0.480330029
0,0,1,3,2,1,0,0.480330029
0,0,1,4.25,2,1,1,0.480330029
0,0,1,3,2,1,1,0.480330029
0,0,1,5,2,1,1,0.480330029
0,0,1,5,2,1,1,0.480330029
0,0,1,5,2,1,1,0.480330029
0,0,1,4.25,2,1,1,0.480330029
0,5,6,5,2,1,1,0.480330029
0,0,2,3,2,1,1,0.480330029
0,0,2,3,2,1,1,0.480330029
0,0,2,3,2,1,1,0.480330029
0,0,2,3,2,1,1,0.480330029
0,0,2,3,2,1,0,0.480330029
0,0,2,3,2,1,1,0.480330029
0,0,2,3,2,1,1,0.480330029
0,0,2,2,2,1,1,0.480330029
0,0,2,2,2,1,1,0.480330029
0,0,2,3,2,1,1,0.480330029
0,0,2,3,2,1,1,0.480330029
0,0,2,3,2,1,1,0.480330029
0,0,2,2,2,1,1,0.480330029
0,0,2,3,2,1,1,0.480330029
0,0,2,3,2,1,0,0.480330029
0,0,2,4.25,2,1,1,0.480330029
0,2,4,4.25,2,1,1,0.480330029
0,5,7,4.25,2,1,1,0.480330029
0,0,3,3,2,1,0,0.480330029
0,0,3,3,2,1,1,0.480330029
0,2,5,3,2,1,1,0.480330029
0,2,5,3,2,1,1,0.480330029
0,2,5,5,2,1,1,0.480330029
0,2,5,4.25,2,1,0,0.480330029
0,2,5,5,2,1,1,0.480330029
0,2,5,5,2,1,1,0.480330029
0,2,5,2.2,2,1,1,0.480330029
0,4,7,3,2,1,1,0.480330029
0,5,8,3,2,1,1,0.480330029
0,5,8,3,2,1,1,0.480330029
0,5,8,3,2,1,1,0.480330029
0,5,8,2,2,1,1,0.480330029
0,5,8,3,2,1,1,0.480330029
0,5,8,5,2,1,1,0.480330029
0,5,8,3,2,1,1,0.480330029
0,5,8,5,2,1,1,0.480330029
0,5,8,4.25,2,1,1,0.480330029
0,5,8,4.25,2,1,1,0.480330029
0,5,8,4.25,2,1,1,0.480330029
0,5,8,5,2,1,1,0.480330029
0,5,8,5,2,1,1,0.480330029
0,5,8,4.25,2,1,1,0.480330029
0,5,8,5,2,1,1,0.480330029
0,0,4,3,2,1,1,0.480330029
0,0,4,5,2,1,1,0.480330029
0,0,4,3,2,1,1,0.480330029
0,0,4,4.25,2,1,1,0.480330029
0,0,4,4.25,2,1,0,0.480330029
0,0,4,5,2,1,1,0.480330029
0,0,4,5,2,1,1,0.480330029
0,0,4,5,2,1,1,0.480330029
0,4,8,3,2,1,1,0.480330029
0,0,5,3,2,1,1,0.480330029
0,0,5,3,2,1,1,0.480330029
0,0,5,3,2,1,1,0.480330029
0,0,5,3,2,1,1,0.480330029
0,0,5,2,2,1,1,0.480330029
0,0,5,3,2,1,1,0.480330029
0,0,5,2,2,1,1,0.480330029
0,0,5,2,2,1,1,0.480330029
0,0,5,3,2,1,1,0.480330029
0,0,5,4.25,2,1,1,0.480330029
0,0,5,3,2,1,1,0.480330029
0,0,5,4.25,2,1,1,0.480330029
0,0,5,4.25,2,1,1,0.480330029
0,0,5,5,2,1,1,0.480330029
0,0,5,2.2,2,1,1,0.480330029
0,2,7,4.25,2,1,1,0.480330029
0,0,6,2,2,1,0,0.480330029
0,2,8,3,2,1,0,0.480330029
0,2,8,2,2,1,1,0.480330029
0,2,8,2,2,1,1,0.480330029
0,2,8,3,2,1,1,0.480330029
0,2,8,2,2,1,1,0.480330029
0,2,8,3,2,1,1,0.480330029
0,2,8,4.25,2,1,1,0.480330029
0,2,8,4.25,2,1,1,0.480330029
0,2,8,4.25,2,1,1,0.480330029
0,2,8,3,2,1,1,0.480330029
0,2,8,3,2,1,1,0.480330029
0,2,8,3,2,1,1,0.480330029
0,2,8,2.2,2,1,1,0.480330029
0,0,7,5,2,1,1,0.480330029
0,0,7,3,2,1,1,0.480330029
0,0,7,4.25,2,1,1,0.480330029
0,0,8,3,2,1,1,0.480330029
0,0,8,3,2,1,1,0.480330029
0,0,8,3,2,1,1,0.480330029
0,0,8,3,2,1,1,0.480330029
0,0,8,3,2,1,1,0.480330029
0,0,8,3,2,1,1,0.480330029
0,0,8,3,2,1,1,0.480330029
0,0,8,3,2,1,1,0.480330029
0,0,8,2,2,1,1,0.480330029
0,0,8,2,2,1,1,0.480330029
0,0,8,2,2,1,1,0.480330029
0,0,8,2,2,1,1,0.480330029
0,0,8,3,2,1,1,0.480330029
0,0,8,3,2,1,1,0.480330029
0,0,8,3,2,1,1,0.480330029
0,0,8,2,2,1,1,0.480330029
0,0,8,2,2,1,1,0.480330029
0,0,8,3,2,1,1,0.480330029
0,0,8,3,2,1,1,0.480330029
0,0,8,3,2,1,1,0.480330029
0,0,8,3,2,1,1,0.480330029
0,0,8,4.25,2,1,1,0.480330029
0,0,8,4.25,2,1,0,0.480330029
0,0,8,4.25,2,1,0,0.480330029
0,0,8,4.25,2,1,1,0.480330029
0,0,8,4.25,2,1,1,0.480330029
0,0,8,3,2,1,1,0.480330029
0,0,8,4.25,2,1,1,0.480330029
0,0,8,3,2,1,1,0.480330029
0,0,8,3,2,1,1,0.480330029
0,0,8,3,2,1,1,0.480330029
0,0,8,4.25,2,1,1,0.480330029
0,0,8,4.25,2,1,1,0.480330029
0,0,8,2.2,2,1,1,0.480330029
0,0,8,2.2,2,1,1,0.480330029
0,1,0,1,0,1,1,0.480330029
0,0,0,1,0,1,1,0.480330029
0,0,0,1,0,1,1,0.480330029
0,0,0,1,0,1,1,0.480330029
0,0,0,1,0,1,1,0.480330029
0,0,0,0.25,2,1,1,0.590821062
0,0,0,0.25,2,1,1,0.590821062
0,0,0,0.25,2,1,1,0.590821062
0,0,0,0.25,2,1,1,0.590821062
0,0,0,0.25,2,1,1,0.590821062
0,0,0,0.25,2,1,1,0.590821062
0,0,0,0.25,2,1,1,0.590821062
0,0,0,0.25,2,1,1,0.590821062
0,0,0,0.25,2,1,1,0.590821062
0,0,0,0.25,2,1,0,0.590821062
0,0,0,0.25,2,1,1,0.590821062
0,0,0,0.25,2,1,1,0.590821062
0,0,0,0.25,2,1,1,0.590821062
0,0,0,0.25,2,1,1,0.590821062
0,0,0,0.25,2,1,1,0.590821062
0,0,0,0.25,2,1,1,0.590821062
0,0,0,0.25,2,1,1,0.590821062
0,0,0,0.25,2,1,1,0.590821062
0,0,0,0.25,2,1,1,0.590821062
0,0,0,0.25,2,1,1,0.590821062
0,0,0,0.25,2,1,1,0.590821062
0,0,0,0.25,2,1,1,0.590821062
0,0,0,0.25,2,1,1,0.590821062
0,0,0,0.25,2,1,1,0.590821062
0,0,0,0.25,2,1,1,0.590821062
0,0,0,0.25,2,1,1,0.590821062
0,0,0,0.25,2,1,1,0.590821062
0,0,0,0.25,2,1,1,0.590821062
0,0,0,0.25,2,1,1,0.590821062
0,0,0,0.25,2,1,1,0.590821062
0,0,0,0.25,2,1,1,0.590821062
0,0,0,0.25,2,1,1,0.590821062
0,0,0,2,2,1,1,0.590821062
0,0,0,0.25,2,1,0,0.590821062
0,0,0,0.25,2,1,1,0.590821062
0,0,0,0.25,2,1,1,0.590821062
0,0,0,0.25,2,1,1,0.590821062
0,0,0,0.25,2,1,1,0.590821062
0,0,0,0.25,2,1,1,0.590821062
0,0,0,0.25,2,1,1,0.590821062
0,0,0,0.25,2,1,1,0.590821062
0,0,0,0.25,2,1,1,0.590821062
0,0,0,0.25,2,1,1,0.590821062
0,0,0,0.25,2,1,1,0.590821062
0,0,0,0.25,2,1,1,0.590821062
0,0,0,0.25,2,1,1,0.590821062
0,0,0,0.25,2,1,1,0.590821062
0,0,0,0.25,2,1,1,0.590821062
0,0,0,0.25,2,1,1,0.590821062
0,0,0,0.25,2,1,1,0.590821062
0,0,0,0.25,2,1,1,0.590821062
0,0,0,0.25,2,1,1,0.590821062
0,0,0,0.25,2,1,1,0.590821062
0,0,0,0.25,2,1,1,0.590821062
0,0,0,0.25,2,1,1,0.590821062
0,0,0,0.25,2,1,1,0.590821062
0,0,0,0.25,2,1,1,0.590821062
0,0,0,0.25,2,1,1,0.590821062
0,0,0,0.25,2,1,1,0.590821062
0,0,0,0.25,2,1,1,0.590821062
0,0,0,0.25,2,1,1,0.590821062
0,0,0,0.25,2,1,1,0.590821062
0,0,0,0.25,2,1,1,0.590821062
0,0,0,0.25,2,1,1,0.590821062
0,0,0,0.25,2,1,1,0.590821062
0,0,0,0.25,2,1,1,0.590821062
0,0,0,0.25,2,1,1,0.590821062
0,0,0,0.25,2,1,1,0.590821062
0,0,0,0.25,2,1,1,0.590821062
0,0,0,0.25,2,1,1,0.590821062
0,0,0,0.25,2,1,1,0.590821062
0,0,0,0.25,2,1,1,0.590821062
0,0,0,0.25,2,1,1,0.590821062
0,0,0,0.25,2,1,1,0.590821062
0,0,0,0.25,2,1,1,0.590821062
0,0,0,0.25,2,1,1,0.590821062
0,0,0,0.25,2,1,1,0.590821062
0,0,0,0.25,2,1,1,0.590821062
0,0,0,0.25,2,1,1,0.590821062
0,0,0,0.25,2,1,1,0.590821062
0,0,0,0.25,2,1,1,0.590821062
0,0,0,0.25,2,1,1,0.590821062
0,2,2,2,2,1,1,0.590821062
0,0,1,0.25,2,1,1,0.590821062
0,0,1,0.25,2,1,1,0.590821062
0,0,1,0.25,2,1,1,0.590821062
0,0,1,0.25,2,1,1,0.590821062
0,0,1,0.25,2,1,1,0.590821062
0,0,1,0.25,2,1,1,0.590821062
0,0,1,0.25,2,1,1,0.590821062
0,0,1,0.25,2,1,1,0.590821062
0,0,1,0.25,2,1,1,0.590821062
0,0,1,0.25,2,1,1,0.590821062
0,0,1,0.25,2,1,1,0.590821062
0,0,1,0.25,2,1,1,0.590821062
0,0,1,0.25,2,1,1,0.590821062
0,0,1,0.25,2,1,1,0.590821062
0,0,1,0.25,2,1,1,0.590821062
0,0,1,0.25,2,1,1,0.590821062
0,0,1,0.25,2,1,1,0.590821062
0,0,1,0.25,2,1,1,0.590821062
0,0,1,0.25,2,1,1,0.590821062
0,0,2,0.25,2,1,1,0.590821062
0,0,2,0.25,2,1,1,0.590821062
0,0,2,0.25,2,1,1,0.590821062
0,0,2,0.25,2,1,1,0.590821062
0,0,2,0.25,2,1,1,0.590821062
0,0,2,0.25,2,1,1,0.590821062
0,0,2,0.25,2,1,1,0.590821062
0,0,2,0.25,2,1,1,0.590821062
0,0,2,0.25,2,1,1,0.590821062
0,0,2,0.25,2,1,1,0.590821062
0,0,2,0.25,2,1,1,0.590821062
0,0,2,0.25,2,1,1,0.590821062
0,0,2,0.25,2,1,1,0.590821062
0,0,2,0.25,2,1,1,0.590821062
0,0,2,0.25,2,1,1,0.590821062
0,0,2,2,2,1,1,0.590821062
0,0,2,0.25,2,1,1,0.590821062
0,0,2,0.25,2,1,1,0.590821062
0,0,2,0.25,2,1,1,0.590821062
0,0,2,0.25,2,1,1,0.590821062
0,0,2,0.25,2,1,1,0.590821062
0,0,2,0.25,2,1,1,0.590821062
0,0,2,0.25,2,1,1,0.590821062
0,0,2,0.25,2,1,1,0.590821062
0,0,2,0.25,2,1,1,0.590821062
0,0,2,0.25,2,1,1,0.590821062
0,0,2,0.25,2,1,1,0.590821062
0,0,2,0.25,2,1,1,0.590821062
0,0,2,0.25,2,1,1,0.590821062
0,0,2,0.25,2,1,1,0.590821062
0,0,2,0.25,2,1,1,0.590821062
0,0,2,0.25,2,1,1,0.590821062
0,0,2,0.25,2,1,1,0.590821062
0,0,2,0.25,2,1,1,0.590821062
0,0,2,0.25,2,1,1,0.590821062
0,0,2,0.25,2,1,1,0.590821062
0,0,2,0.25,2,1,1,0.590821062
0,0,2,0.25,2,1,1,0.590821062
0,0,3,0.25,2,1,1,0.590821062
0,0,3,0.25,2,1,1,0.590821062
0,0,3,0.25,2,1,1,0.590821062
0,0,4,0.25,2,1,1,0.590821062
0,0,6,0.25,2,1,0,0.590821062
0,0,7,0.25,2,1,1,0.590821062
0,0,7,0.25,2,1,1,0.590821062
0,0,8,0.25,2,1,1,0.590821062
0,0,8,0.25,2,1,1,0.590821062
0,0,8,0.25,2,1,1,0.590821062
0,7,0,2.25,0,1,0,0.590821062
0,7,0,2.25,0,1,0,0.590821062
0,7,0,2.25,0,1,1,0.590821062
0,7,0,2.25,0,1,1,0.590821062
0,5,0,2.25,0,1,1,0.590821062
0,5,0,2.25,0,1,1,0.590821062
0,4,0,2.25,0,1,1,0.590821062
0,3,0,2.25,0,1,1,0.590821062
0,2,0,2.25,0,1,1,0.590821062
0,2,0,2.25,0,1,0,0.590821062
0,2,0,2.25,0,1,0,0.590821062
0,2,0,2.25,0,1,1,0.590821062
0,2,0,2.25,0,1,1,0.590821062
0,2,0,2.25,0,1,1,0.590821062
0,2,0,2.25,0,1,1,0.590821062
0,2,0,2.25,0,1,1,0.590821062
0,2,0,2.25,0,1,1,0.590821062
0,2,0,2.25,0,1,1,0.590821062
0,2,0,2.25,0,1,1,0.590821062
0,2,0,2.25,0,1,1,0.590821062
0,2,0,2.25,0,1,1,0.590821062
0,2,0,2.25,0,1,1,0.590821062
0,2,0,2.25,0,1,1,0.590821062
0,2,0,2.25,0,1,1,0.590821062
0,1,0,2.25,0,1,1,0.590821062
0,1,0,2.25,0,1,1,0.590821062
0,1,0,2.25,0,1,1,0.590821062
0,1,0,2.25,0,1,1,0.590821062
0,1,0,2.25,0,1,1,0.590821062
0,1,0,2.25,0,1,1,0.590821062
0,0,0,2.25,0,1,1,0.590821062
0,0,0,2.25,0,1,1,0.590821062
0,0,0,2.25,0,1,1,0.590821062
0,0,0,2.25,0,1,1,0.590821062
0,0,0,2.25,0,1,1,0.590821062
0,0,0,2.25,0,1,0,0.590821062
0,0,0,2.25,0,1,0,0.590821062
0,0,0,2.25,0,1,1,0.590821062
0,0,0,2.25,0,1,1,0.590821062
0,0,0,2.25,0,1,1,0.590821062
0,0,0,2.25,0,1,1,0.590821062
0,0,0,2.25,0,1,1,0.590821062
0,0,0,2.25,0,1,1,0.590821062
0,0,0,2.25,0,1,1,0.590821062
0,0,0,2.25,0,1,1,0.590821062
0,0,0,2.25,0,1,1,0.590821062
0,0,0,2.25,0,1,1,0.590821062
0,0,0,1.75,2.08,1,0,0.607288145
0,0,0,1.75,2.08,1,0,0.607288145
0,0,0,1.75,2.08,1,0,0.607288145
0,0,0,1.75,2.08,1,0,0.607288145
0,2,2,1,2.08,1,1,0.607288145
0,8,8,1,2.08,1,1,0.607288145
0,0,1,1.75,2.08,1,0,0.607288145
0,0,1,1,2.08,1,1,0.607288145
0,0,1,1,2.08,1,1,0.607288145
0,0,2,1.75,2.08,1,0,0.607288145
0,0,2,1.75,2.08,1,0,0.607288145
0,0,2,1,2.08,1,1,0.607288145
0,0,2,1,2.08,1,1,0.607288145
0,0,2,1,2.08,1,1,0.607288145
0,0,2,1,2.08,1,1,0.607288145
0,0,2,1,2.08,1,1,0.607288145
0,0,2,1,2.08,1,1,0.607288145
0,0,2,1,2.08,1,1,0.607288145
0,0,5,1.75,2.08,1,0,0.607288145
0,7,0,2,0,1,1,0.607288145
0,2,0,1,0,1,1,0.607288145
0,2,0,1,0,1,1,0.607288145
0,2,0,1,0,1,1,0.607288145
0,2,0,1,0,1,1,0.607288145
0,2,0,1,0,1,1,0.607288145
0,2,0,2,0,1,1,0.607288145
0,2,0,2,0,1,1,0.607288145
0,2,0,2,0,1,1,0.607288145
0,2,0,2,0,1,1,0.607288145
0,2,0,2,0,1,1,0.607288145
0,2,0,2,0,1,1,0.607288145
0,1,0,1,0,1,1,0.607288145
0,1,0,2,0,1,1,0.607288145
0,1,0,2,0,1,1,0.607288145
0,0,0,0.25,2,1,1,0.609293531
0,0,0,0.25,2,1,1,0.609293531
0,0,0,0.25,2,1,1,0.609293531
0,0,0,0.25,2,1,1,0.609293531
0,0,0,0.25,2,1,1,0.609293531
0,0,0,0.25,2,1,1,0.609293531
0,0,0,0.25,2,1,1,0.609293531
0,0,0,0.25,2,1,1,0.609293531
0,0,0,0.25,2,1,1,0.609293531
0,0,0,0.25,2,1,1,0.609293531
0,0,0,0.25,2,1,1,0.609293531
0,0,0,0.25,2,1,1,0.609293531
0,0,0,0.25,2,1,1,0.609293531
0,0,0,0.25,2,1,1,0.609293531
0,0,0,0.25,2,1,1,0.609293531
0,0,0,0.25,2,1,1,0.609293531
0,0,0,0.25,2,1,1,0.609293531
0,0,0,0.25,2,1,1,0.609293531
0,0,0,0.25,2,1,1,0.609293531
0,0,0,0.25,2,1,1,0.609293531
0,0,0,0.25,2,1,1,0.609293531
0,0,0,0.25,2,1,1,0.609293531
0,0,0,0.25,2,1,1,0.609293531
0,0,0,0.25,2,1,1,0.609293531
0,0,0,0.25,2,1,1,0.609293531
0,0,0,0.25,2,1,1,0.609293531
0,0,0,0.25,2,1,1,0.609293531
0,0,0,0.25,2,1,1,0.609293531
0,0,0,0.25,2,1,1,0.609293531
0,0,0,0.25,2,1,1,0.609293531
0,0,0,0.25,2,1,1,0.609293531
0,0,0,0.25,2,1,1,0.609293531
0,0,0,0.25,2,1,1,0.609293531
0,0,0,0.25,2,1,1,0.609293531
0,0,0,0.25,2,1,1,0.609293531
0,0,0,0.25,2,1,1,0.609293531
0,0,0,0.25,2,1,1,0.609293531
0,0,0,0.25,2,1,1,0.609293531
0,0,0,0.25,2,1,1,0.609293531
0,0,0,0.25,2,1,1,0.609293531
0,0,0,0.25,2,1,1,0.609293531
0,0,0,0.25,2,1,1,0.609293531
0,0,0,0.25,2,1,1,0.609293531
0,0,0,0.25,2,1,1,0.609293531
0,0,0,0.25,2,1,1,0.609293531
0,0,0,0.25,2,1,1,0.609293531
0,0,0,0.25,2,1,1,0.609293531
0,0,0,0.25,2,1,1,0.609293531
0,0,0,0.25,2,1,1,0.609293531
0,0,0,0.25,2,1,1,0.609293531
0,0,0,0.25,2,1,1,0.609293531
0,0,0,0.25,2,1,1,0.609293531
0,0,0,0.25,2,1,1,0.609293531
0,0,0,0.25,2,1,1,0.609293531
0,0,0,0.25,2,1,1,0.609293531
0,0,0,0.25,2,1,1,0.609293531
0,0,0,0.25,2,1,1,0.609293531
0,0,0,0.25,2,1,1,0.609293531
0,0,0,0.25,2,1,1,0.609293531
0,0,0,0.25,2,1,1,0.609293531
0,0,0,0.25,2,1,1,0.609293531
0,0,0,0.25,2,1,1,0.609293531
0,0,0,0.25,2,1,1,0.609293531
0,0,0,0.25,2,1,1,0.609293531
0,0,0,0.25,2,1,1,0.609293531
0,0,0,0.25,2,1,1,0.609293531
0,0,0,0.25,2,1,1,0.609293531
0,0,0,0.25,2,1,1,0.609293531
0,0,0,0.25,2,1,1,0.609293531
0,0,0,0.25,2,1,1,0.609293531
0,0,0,0.25,2,1,1,0.609293531
0,0,0,0.25,2,1,1,0.609293531
0,0,0,0.25,2,1,1,0.609293531
0,0,0,0.25,2,1,1,0.609293531
0,0,0,0.25,2,1,1,0.609293531
0,0,0,0.25,2,1,1,0.609293531
0,0,0,0.25,2,1,1,0.609293531
0,0,0,0.25,2,1,1,0.609293531
0,0,0,0.25,2,1,1,0.609293531
0,0,0,0.25,2,1,1,0.609293531
0,0,0,0.25,2,1,1,0.609293531
0,0,0,0.25,2,1,1,0.609293531
0,0,0,0.25,2,1,1,0.609293531
0,0,0,0.25,2,1,1,0.609293531
0,0,0,0.25,2,1,1,0.609293531
0,0,0,0.25,2,1,1,0.609293531
0,0,0,0.25,2,1,1,0.609293531
0,0,0,0.25,2,1,1,0.609293531
0,0,0,0.25,2,1,1,0.609293531
0,0,0,0.25,2,1,1,0.609293531
0,0,0,0.25,2,1,1,0.609293531
0,0,0,0.25,2,1,1,0.609293531
0,0,0,0.25,2,1,1,0.609293531
0,0,0,0.25,2,1,1,0.609293531
0,0,0,0.25,2,1,1,0.609293531
0,0,0,0.25,2,1,1,0.609293531
0,0,0,0.25,2,1,1,0.609293531
0,0,0,0.25,2,1,1,0.609293531
0,0,0,0.25,2,1,1,0.609293531
0,0,0,0.25,2,1,1,0.609293531
0,8,8,2,2,1,1,0.609293531
0,0,1,0.25,2,1,1,0.609293531
0,0,1,0.25,2,1,1,0.609293531
0,0,1,0.25,2,1,1,0.609293531
0,0,1,0.25,2,1,1,0.609293531
0,0,1,0.25,2,1,1,0.609293531
0,0,1,0.25,2,1,1,0.609293531
0,0,1,0.25,2,1,1,0.609293531
0,0,1,0.25,2,1,1,0.609293531
0,0,1,0.25,2,1,1,0.609293531
0,0,1,0.25,2,1,1,0.609293531
0,0,1,0.25,2,1,1,0.609293531
0,0,1,0.25,2,1,1,0.609293531
0,0,1,0.25,2,1,1,0.609293531
0,0,1,0.25,2,1,1,0.609293531
0,0,1,0.25,2,1,1,0.609293531
0,0,1,0.25,2,1,1,0.609293531
0,0,1,0.25,2,1,1,0.609293531
0,0,1,0.25,2,1,1,0.609293531
0,0,1,0.25,2,1,1,0.609293531
0,0,1,0.25,2,1,1,0.609293531
0,0,1,0.25,2,1,1,0.609293531
0,0,1,0.25,2,1,1,0.609293531
0,0,1,0.25,2,1,1,0.609293531
0,0,1,0.25,2,1,1,0.609293531
0,0,1,0.25,2,1,1,0.609293531
0,0,1,0.25,2,1,1,0.609293531
0,0,1,0.25,2,1,1,0.609293531
0,0,1,0.25,2,1,1,0.609293531
0,0,1,0.25,2,1,1,0.609293531
0,0,1,0.25,2,1,1,0.609293531
0,0,1,0.25,2,1,1,0.609293531
0,0,1,0.25,2,1,1,0.609293531
0,0,1,0.25,2,1,1,0.609293531
0,0,1,0.25,2,1,1,0.609293531
0,0,1,0.25,2,1,1,0.609293531
0,0,1,0.25,2,1,1,0.609293531
0,0,1,0.25,2,1,1,0.609293531
0,0,1,0.25,2,1,1,0.609293531
0,0,1,0.25,2,1,1,0.609293531
0,0,1,0.25,2,1,1,0.609293531
0,0,1,0.25,2,1,1,0.609293531
0,0,1,0.25,2,1,1,0.609293531
0,0,1,0.25,2,1,1,0.609293531
0,0,1,0.25,2,1,1,0.609293531
0,0,1,0.25,2,1,1,0.609293531
0,0,1,0.25,2,1,1,0.609293531
0,0,1,0.25,2,1,1,0.609293531
0,0,1,0.25,2,1,1,0.609293531
0,0,2,0.25,2,1,1,0.609293531
0,0,2,0.25,2,1,1,0.609293531
0,0,2,0.25,2,1,1,0.609293531
0,0,2,0.25,2,1,1,0.609293531
0,0,2,0.25,2,1,1,0.609293531
0,0,2,0.25,2,1,1,0.609293531
0,0,2,0.25,2,1,1,0.609293531
0,0,2,0.25,2,1,1,0.609293531
0,0,2,0.25,2,1,1,0.609293531
0,0,2,0.25,2,1,1,0.609293531
0,0,2,0.25,2,1,1,0.609293531
0,0,2,0.25,2,1,1,0.609293531
0,0,2,0.25,2,1,1,0.609293531
0,0,2,0.25,2,1,1,0.609293531
0,0,2,0.25,2,1,1,0.609293531
0,0,2,0.25,2,1,1,0.609293531
0,0,2,0.25,2,1,1,0.609293531
0,0,2,0.25,2,1,1,0.609293531
0,0,2,0.25,2,1,1,0.609293531
0,0,2,0.25,2,1,1,0.609293531
0,0,2,0.25,2,1,1,0.609293531
0,0,2,0.25,2,1,1,0.609293531
0,0,2,0.25,2,1,1,0.609293531
0,0,2,0.25,2,1,1,0.609293531
0,0,2,0.25,2,1,1,0.609293531
0,0,2,0.25,2,1,1,0.609293531
0,0,2,0.25,2,1,1,0.609293531
0,0,2,0.25,2,1,1,0.609293531
0,0,2,0.25,2,1,1,0.609293531
0,0,2,0.25,2,1,1,0.609293531
0,0,2,0.25,2,1,1,0.609293531
0,0,2,0.25,2,1,1,0.609293531
0,0,2,0.25,2,1,1,0.609293531
0,0,2,0.25,2,1,1,0.609293531
0,0,2,0.25,2,1,1,0.609293531
0,0,2,0.25,2,1,1,0.609293531
0,0,2,0.25,2,1,1,0.609293531
0,0,2,0.25,2,1,1,0.609293531
0,0,2,0.25,2,1,1,0.609293531
0,0,2,0.25,2,1,1,0.609293531
0,0,2,0.25,2,1,1,0.609293531
0,0,2,0.25,2,1,1,0.609293531
0,0,2,0.25,2,1,1,0.609293531
0,0,2,0.25,2,1,1,0.609293531
0,0,2,0.25,2,1,1,0.609293531
0,0,2,0.25,2,1,1,0.609293531
0,0,2,0.25,2,1,1,0.609293531
0,0,2,0.25,2,1,1,0.609293531
0,0,2,0.25,2,1,1,0.609293531
0,0,2,0.25,2,1,1,0.609293531
0,0,2,0.25,2,1,1,0.609293531
0,0,2,0.25,2,1,1,0.609293531
0,0,2,0.25,2,1,1,0.609293531
0,0,2,0.25,2,1,1,0.609293531
0,0,2,0.25,2,1,1,0.609293531
0,0,2,0.25,2,1,1,0.609293531
0,0,2,0.25,2,1,1,0.609293531
0,0,2,0.25,2,1,1,0.609293531
0,0,2,0.25,2,1,1,0.609293531
0,0,2,0.25,2,1,1,0.609293531
0,0,2,0.25,2,1,1,0.609293531
0,0,2,0.25,2,1,1,0.609293531
0,0,2,0.25,2,1,1,0.609293531
0,0,2,0.25,2,1,1,0.609293531
0,0,2,0.25,2,1,1,0.609293531
0,0,2,0.25,2,1,1,0.609293531
0,0,2,0.25,2,1,1,0.609293531
0,2,4,2,2,1,1,0.609293531
0,0,3,0.25,2,1,1,0.609293531
0,0,3,0.25,2,1,1,0.609293531
0,5,8,2,2,1,1,0.609293531
0,0,5,0.25,2,1,1,0.609293531
0,0,8,0.25,2,1,1,0.609293531
0,0,8,0.25,2,1,1,0.609293531
0,0,8,0.25,2,1,1,0.609293531
0,0,8,0.25,2,1,1,0.609293531
0,0,8,0.25,2,1,1,0.609293531
0,0,8,0.25,2,1,1,0.609293531
0,0,8,0.25,2,1,1,0.609293531
0,0,8,0.25,2,1,1,0.609293531
0,8,0,2.25,0,1,1,0.609293531
0,8,0,2.25,0,1,1,0.609293531
0,5,0,2.25,0,1,1,0.609293531
0,5,0,2.25,0,1,1,0.609293531
0,3,0,2.25,0,1,1,0.609293531
0,2,0,2.25,0,1,1,0.609293531
0,2,0,2.25,0,1,1,0.609293531
0,2,0,2.25,0,1,1,0.609293531
0,2,0,2.25,0,1,1,0.609293531
0,2,0,2.25,0,1,1,0.609293531
0,2,0,2.25,0,1,1,0.609293531
0,2,0,2.25,0,1,1,0.609293531
0,2,0,2.25,0,1,1,0.609293531
0,2,0,2.25,0,1,1,0.609293531
0,2,0,2.25,0,1,1,0.609293531
0,2,0,2.25,0,1,1,0.609293531
0,2,0,2.25,0,1,1,0.609293531
0,2,0,2.25,0,1,1,0.609293531
0,2,0,2.25,0,1,1,0.609293531
0,1,0,2.25,0,1,1,0.609293531
0,1,0,2.25,0,1,1,0.609293531
0,1,0,2.25,0,1,1,0.609293531
0,1,0,2.25,0,1,1,0.609293531
0,1,0,2.25,0,1,1,0.609293531
0,1,0,2.25,0,1,1,0.609293531
0,1,0,2.25,0,1,1,0.609293531
0,1,0,2.25,0,1,1,0.609293531
0,0,0,2.25,0,1,1,0.609293531
0,0,0,2.25,0,1,1,0.609293531
0,0,0,2.25,0,1,1,0.609293531
0,0,0,2.25,0,1,1,0.609293531
0,0,0,2.25,0,1,1,0.609293531
0,0,0,2.25,0,1,1,0.609293531
0,0,0,2.25,0,1,1,0.609293531
0,0,0,2.25,0,1,1,0.609293531
0,0,0,2.25,0,1,1,0.609293531
0,0,0,2.25,0,1,1,0.609293531
0,0,0,2.25,0,1,1,0.609293531
0,0,0,2.25,0,1,1,0.609293531
0,0,0,2.25,0,1,1,0.609293531
0,0,0,2.25,0,1,1,0.609293531
0,0,0,2.25,0,1,1,0.609293531
0,0,0,2.25,0,1,1,0.609293531
0,0,0,2.25,0,1,1,0.609293531
0,0,0,2.25,0,1,1,0.609293531
0,0,0,2.25,0,1,1,0.609293531
0,0,0,2.25,0,1,1,0.609293531
0,0,0,2.25,0,1,1,0.609293531
0,0,0,2.25,0,1,1,0.609293531
0,0,0,2.25,0,1,1,0.609293531
0,0,0,2.25,0,1,1,0.609293531
0,0,0,2.25,0,1,1,0.609293531
0,0,0,2.25,0,1,1,0.609293531
0,0,0,2.25,0,1,1,0.609293531
0,0,0,2.25,0,1,1,0.609293531
0,0,0,2.25,0,1,1,0.609293531
0,0,0,2.25,0,1,1,0.609293531
0,0,0,2.25,0,1,1,0.609293531
0,0,0,2.25,0,1,1,0.609293531
0,0,0,2.25,0,1,1,0.609293531
0,0,0,2.25,0,1,1,0.609293531
0,0,0,2.25,0,1,1,0.609293531
0,0,0,2.25,0,1,1,0.609293531
0,0,0,2.25,0,1,1,0.609293531
0,0,0,2.25,0,1,1,0.609293531
0,0,0,2.25,0,1,1,0.609293531
0,0,0,2.25,0,1,1,0.609293531
0,0,0,2.25,0,1,1,0.609293531
0,0,0,2.25,0,1,1,0.609293531
0,0,0,2.25,0,1,1,0.609293531
0,0,0,2.4,3,1,1,0.615487309
0,0,0,2.4,3,1,1,0.615487309
0,0,0,2.4,3,1,1,0.615487309
0,0,0,2.4,3,1,1,0.615487309
0,0,0,2.4,3,1,1,0.615487309
0,0,0,2.4,3,1,1,0.615487309
0,0,0,2.4,3,1,1,0.615487309
0,0,0,2.4,3,1,1,0.615487309
0,0,0,3,3,1,1,0.615487309
0,0,0,2.4,3,1,1,0.615487309
0,0,0,3,3,1,1,0.615487309
0,0,0,3,3,1,0,0.615487309
0,0,0,2.4,3,1,1,0.615487309
0,0,0,2.4,3,1,1,0.615487309
0,0,0,2.4,3,1,1,0.615487309
0,0,0,2.4,3,1,1,0.615487309
0,0,0,2.4,3,1,1,0.615487309
0,0,0,2.4,3,1,1,0.615487309
0,0,0,2.4,3,1,1,0.615487309
0,0,0,2.4,3,1,1,0.615487309
0,0,0,2.4,3,1,1,0.615487309
0,0,0,2.4,3,1,1,0.615487309
0,0,0,2.4,3,1,1,0.615487309
0,0,0,2.4,3,1,0,0.615487309
0,0,0,2.4,3,1,1,0.615487309
0,0,0,2.4,3,1,1,0.615487309
0,0,0,2.4,3,1,1,0.615487309
0,0,0,2.4,3,1,1,0.615487309
0,0,0,3,3,1,1,0.615487309
0,0,0,3,3,1,1,0.615487309
0,8,8,2.4,3,1,1,0.615487309
0,0,1,2.4,3,1,1,0.615487309
0,0,2,2.4,3,1,1,0.615487309
0,0,2,3,3,1,1,0.615487309
0,0,2,2.4,3,1,1,0.615487309
0,0,2,2.4,3,1,1,0.615487309
0,0,2,2.4,3,1,1,0.615487309
0,0,2,2.4,3,1,1,0.615487309
0,0,2,2.4,3,1,1,0.615487309
0,0,2,2.4,3,1,1,0.615487309
0,5,8,3,3,1,1,0.615487309
0,8,0,2.4,0,1,1,0.615487309
0,8,0,3,0,1,1,0.615487309
0,7,0,4.25,0,1,0,0.615487309
0,5,0,3,0,1,1,0.615487309
0,5,0,4.25,0,1,1,0.615487309
0,5,0,4.25,0,1,1,0.615487309
0,4,0,4.25,0,1,1,0.615487309
0,4,0,4.25,0,1,1,0.615487309
0,4,0,4.25,0,1,1,0.615487309
0,4,0,4.25,0,1,1,0.615487309
0,4,0,4.25,0,1,1,0.615487309
0,2,0,4.25,0,1,1,0.615487309
0,2,0,4.25,0,1,1,0.615487309
0,2,0,4.25,0,1,0,0.615487309
0,2,0,4.25,0,1,0,0.615487309
0,2,0,4.25,0,1,0,0.615487309
0,2,0,4.25,0,1,0,0.615487309
0,2,0,4.25,0,1,1,0.615487309
0,2,0,4.25,0,1,1,0.615487309
0,2,0,4.25,0,1,1,0.615487309
0,1,0,4.25,0,1,1,0.615487309
0,1,0,4.25,0,1,1,0.615487309
0,1,0,4.25,0,1,0,0.615487309
0,1,0,4.25,0,1,0,0.615487309
0,0,0,3,0,1,1,0.615487309
0,0,0,3,0,1,1,0.615487309
0,0,0,3,0,1,1,0.615487309
0,0,0,3,0,1,1,0.615487309
0,0,0,3,0,1,1,0.615487309
0,0,0,3,0,1,1,0.615487309
0,0,0,3,0,1,1,0.615487309
0,0,0,3,0,1,1,0.615487309
0,0,0,3,0,1,1,0.615487309
0,0,0,3,0,1,1,0.615487309
0,0,0,3,0,1,1,0.615487309
0,0,0,3,0,1,1,0.615487309
0,0,0,3,0,1,1,0.615487309
0,0,0,3,0,1,1,0.615487309
0,0,0,3,0,1,1,0.615487309
0,0,0,3,0,1,1,0.615487309
0,0,0,3,0,1,1,0.615487309
0,0,0,3,0,1,1,0.615487309
0,0,0,3,0,1,1,0.615487309
0,0,0,3,0,1,1,0.615487309
0,0,0,3,0,1,1,0.615487309
0,0,0,3,0,1,1,0.615487309
0,0,0,3,0,1,1,0.615487309
0,0,0,3,0,1,1,0.615487309
0,0,0,3,0,1,1,0.615487309
0,0,0,3,0,1,1,0.615487309
0,0,0,3,0,1,1,0.615487309
0,0,0,3,0,1,1,0.615487309
0,0,0,3,0,1,1,0.615487309
0,0,0,3,0,1,1,0.615487309
0,0,0,3,0,1,1,0.615487309
0,0,0,3,0,1,1,0.615487309
0,0,0,3,0,1,1,0.615487309
0,0,0,3,0,1,1,0.615487309
0,0,0,3,0,1,1,0.615487309
0,0,0,3,0,1,1,0.615487309
0,0,0,3,0,1,1,0.615487309
0,0,0,3,0,1,1,0.615487309
0,0,0,4.25,0,1,1,0.615487309
0,0,0,4.25,0,1,1,0.615487309
0,0,0,4.25,0,1,1,0.615487309
0,0,0,4.25,0,1,1,0.615487309
0,0,0,4.25,0,1,1,0.615487309
0,0,0,4.25,0,1,1,0.615487309
0,0,0,4.25,0,1,1,0.615487309
0,0,0,4.25,0,1,1,0.615487309
0,0,0,4.25,0,1,1,0.615487309
0,0,0,4.25,0,1,1,0.615487309
0,0,0,4.25,0,1,1,0.615487309
0,0,0,4.25,0,1,1,0.615487309
0,0,0,1,2.08,1,1,0.628167077
0,0,0,1,2.08,1,1,0.628167077
0,0,0,1,2.08,1,1,0.628167077
0,0,0,1,2.08,1,1,0.628167077
0,0,0,1,2.08,1,1,0.628167077
0,0,0,1,2.08,1,1,0.628167077
0,0,0,1,2.08,1,1,0.628167077
0,0,0,1,2.08,1,1,0.628167077
0,0,0,1,2.08,1,1,0.628167077
0,0,0,1,2.08,1,1,0.628167077
0,0,0,1,2.08,1,1,0.628167077
0,0,0,1,2.08,1,1,0.628167077
0,0,0,1,2.08,1,1,0.628167077
0,0,0,1,2.08,1,1,0.628167077
0,0,0,1,2.08,1,1,0.628167077
0,0,0,1,2.08,1,1,0.628167077
0,0,0,1,2.08,1,1,0.628167077
0,0,0,1,2.08,1,1,0.628167077
0,0,0,1,2.08,1,1,0.628167077
0,0,0,1,2.08,1,1,0.628167077
0,0,0,1,2.08,1,1,0.628167077
0,0,0,1,2.08,1,1,0.628167077
0,0,0,1,2.08,1,1,0.628167077
0,1,1,1,2.08,1,1,0.628167077
0,0,1,1,2.08,1,1,0.628167077
0,0,2,1,2.08,1,1,0.628167077
0,0,2,1,2.08,1,1,0.628167077
0,0,2,1,2.08,1,1,0.628167077
0,0,2,1,2.08,1,1,0.628167077
0,0,2,1,2.08,1,1,0.628167077
0,0,2,1,2.08,1,1,0.628167077
0,0,2,1,2.08,1,1,0.628167077
0,0,2,1.75,2.08,1,1,0.628167077
0,0,2,1,2.08,1,1,0.628167077
0,0,2,1.75,2.08,1,1,0.628167077
0,0,2,1,2.08,1,1,0.628167077
0,0,2,1,2.08,1,1,0.628167077
0,0,2,1.75,2.08,1,1,0.628167077
0,0,5,1,2.08,1,1,0.628167077
0,8,0,2,0,1,1,0.628167077
0,2,0,1,0,1,1,0.628167077
0,1,0,1,0,1,1,0.628167077
0,1,0,1,0,1,1,0.628167077
0,0,0,3,2,1,1,0.630161004
0,0,0,2,2,1,1,0.630161004
0,0,0,3,2,1,1,0.630161004
0,0,0,3,2,1,1,0.630161004
0,0,0,2,2,1,1,0.630161004
0,0,0,3,2,1,1,0.630161004
0,0,0,3,2,1,1,0.630161004
0,0,0,2,2,1,1,0.630161004
0,0,0,3,2,1,1,0.630161004
0,0,0,3,2,1,1,0.630161004
0,0,0,2,2,1,0,0.630161004
0,0,0,3,2,1,1,0.630161004
0,0,0,1,2,1,0,0.630161004
0,0,0,3,2,1,0,0.630161004
0,0,0,1,2,1,0,0.630161004
0,0,0,3,2,1,0,0.630161004
0,0,0,1,2,1,0,0.630161004
0,0,0,3,2,1,0,0.630161004
0,0,0,1,2,1,0,0.630161004
0,0,0,3,2,1,0,0.630161004
0,0,0,3,2,1,0,0.630161004
0,0,0,1,2,1,0,0.630161004
0,0,0,3,2,1,0,0.630161004
0,0,0,1,2,1,0,0.630161004
0,0,0,3,2,1,0,0.630161004
0,0,0,1,2,1,0,0.630161004
0,0,0,3,2,1,1,0.630161004
0,0,0,3,2,1,1,0.630161004
0,0,0,3,2,1,1,0.630161004
0,0,0,3,2,1,1,0.630161004
0,0,0,3,2,1,1,0.630161004
0,0,0,3,2,1,1,0.630161004
0,0,0,3,2,1,1,0.630161004
0,0,0,3,2,1,1,0.630161004
0,0,0,3,2,1,1,0.630161004
0,0,0,3,2,1,1,0.630161004
0,0,0,3,2,1,1,0.630161004
0,0,0,3,2,1,1,0.630161004
0,0,0,3,2,1,1,0.630161004
0,0,0,3,2,1,1,0.630161004
0,0,0,3,2,1,1,0.630161004
0,0,0,3,2,1,1,0.630161004
0,0,0,3,2,1,0,0.630161004
0,0,0,3,2,1,1,0.630161004
0,0,0,3,2,1,1,0.630161004
0,0,0,3,2,1,1,0.630161004
0,0,0,3,2,1,1,0.630161004
0,0,0,3,2,1,1,0.630161004
0,0,0,3,2,1,1,0.630161004
0,0,0,2,2,1,1,0.630161004
0,0,0,2,2,1,1,0.630161004
0,0,0,2,2,1,1,0.630161004
0,0,0,2,2,1,1,0.630161004
0,0,0,2,2,1,1,0.630161004
0,0,0,2,2,1,1,0.630161004
0,0,0,2,2,1,1,0.630161004
0,0,0,2,2,1,1,0.630161004
0,0,0,3,2,1,1,0.630161004
0,0,0,3,2,1,1,0.630161004
0,0,0,3,2,1,1,0.630161004
0,0,0,4.25,2,1,1,0.630161004
0,0,0,4.25,2,1,1,0.630161004
0,0,0,4.25,2,1,0,0.630161004
0,0,0,4.25,2,1,1,0.630161004
0,0,0,3,2,1,1,0.630161004
0,0,0,2.2,2,1,1,0.630161004
0,0,0,2.2,2,1,1,0.630161004
0,2,2,4.25,2,1,1,0.630161004
0,2,2,4.25,2,1,1,0.630161004
0,4,4,4.25,2,1,0,0.630161004
0,8,8,4.25,2,1,1,0.630161004
0,8,8,4.25,2,1,1,0.630161004
0,8,8,2.2,2,1,1,0.630161004
0,0,1,3,2,1,1,0.630161004
0,0,1,3,2,1,1,0.630161004
0,0,1,3,2,1,1,0.630161004
0,0,1,3,2,1,1,0.630161004
0,0,1,3,2,1,1,0.630161004
0,0,1,3,2,1,1,0.630161004
0,0,1,3,2,1,1,0.630161004
0,0,1,4.25,2,1,0,0.630161004
0,0,1,4.25,2,1,1,0.630161004
0,0,1,4.25,2,1,1,0.630161004
0,0,1,4.25,2,1,0,0.630161004
0,0,1,4.25,2,1,0,0.630161004
0,0,1,5,2,1,1,0.630161004
0,0,2,3,2,1,1,0.630161004
0,0,2,3,2,1,1,0.630161004
0,0,2,1,2,1,0,0.630161004
0,0,2,1,2,1,0,0.630161004
0,0,2,3,2,1,0,0.630161004
0,0,2,3,2,1,1,0.630161004
0,0,2,3,2,1,0,0.630161004
0,0,2,3,2,1,1,0.630161004
0,0,2,4.25,2,1,1,0.630161004
0,0,2,4.25,2,1,1,0.630161004
0,0,2,4.25,2,1,0,0.630161004
0,0,2,2.2,2,1,1,0.630161004
0,0,2,4.25,2,1,1,0.630161004
0,0,2,4.25,2,1,1,0.630161004
0,0,2,3,2,1,1,0.630161004
0,2,4,4.25,2,1,0,0.630161004
0,6,8,5,2,1,1,0.630161004
0,0,3,3,2,1,1,0.630161004
0,5,8,3,2,1,1,0.630161004
0,5,8,3,2,1,1,0.630161004
0,5,8,2.2,2,1,1,0.630161004
0,0,4,4.25,2,1,1,0.630161004
0,0,4,4.25,2,1,1,0.630161004
0,0,4,4.25,2,1,1,0.630161004
0,0,5,2,2,1,1,0.630161004
0,2,8,3,2,1,0,0.630161004
0,2,8,4.25,2,1,0,0.630161004
0,2,8,3,2,1,1,0.630161004
0,0,7,4.25,2,1,1,0.630161004
0,0,7,4.25,2,1,1,0.630161004
0,0,7,4.25,2,1,1,0.630161004
0,0,7,4.25,2,1,1,0.630161004
0,0,8,2,2,1,1,0.630161004
0,0,8,4.25,2,1,1,0.630161004
0,0,8,4.25,2,1,1,0.630161004
0,0,8,3,2,1,1,0.630161004
0,8,0,1,0,1,1,0.630161004
0,7,0,2,0,1,1,0.630161004
0,2,0,1,0,1,1,0.630161004
0,2,0,1,0,1,1,0.630161004
0,2,0,1,0,1,1,0.630161004
0,0,0,2,0,1,1,0.630161004
0,0,0,2,0,1,1,0.630161004
0,0,0,2,0,1,1,0.630161004
0,0,0,1,0,1,1,0.630161004
0,0,0,1,0,1,1,0.630161004
0,0,0,1,0,1,1,0.630161004
0,0,0,1,0,1,1,0.630161004
0,0,0,1,0,1,1,0.630161004
0,0,0,1,0,1,1,0.630161004
0,0,0,1,0,1,1,0.630161004
0,0,0,1,0,1,1,0.630161004
0,0,0,1,0,1,1,0.630161004
0,0,0,1,0,1,1,0.630161004
0,0,0,1,0,1,1,0.630161004
0,0,0,1,0,1,1,0.630161004
0,0,0,1,0,1,1,0.630161004
0,0,0,1,0,1,1,0.630161004
0,0,0,1,0,1,1,0.630161004
0,0,0,1,0,1,1,0.630161004
0,0,0,1,0,1,1,0.630161004
0,0,0,1,0,1,1,0.630161004
0,0,0,1,0,1,1,0.630161004
0,0,0,1,0,1,1,0.630161004
0,0,0,1,0,1,1,0.630161004
0,0,0,1,0,1,1,0.630161004
0,0,0,1,0,1,1,0.630161004
0,0,0,1,0,1,1,0.630161004
0,0,0,1,0,1,1,0.630161004
0,0,0,1,0,1,1,0.630161004
0,0,0,1.25,3,1,1,0.635830516
0,0,0,1.25,3,1,1,0.635830516
0,0,0,1.25,3,1,1,0.635830516
0,0,0,1.25,3,1,1,0.635830516
0,0,0,1.25,3,1,1,0.635830516
0,0,0,1.25,3,1,1,0.635830516
0,0,0,1.25,3,1,1,0.635830516
0,0,0,1.25,3,1,1,0.635830516
0,0,0,1.25,3,1,1,0.635830516
0,0,0,1.25,3,1,1,0.635830516
0,0,0,1.25,3,1,1,0.635830516
0,0,0,1.25,3,1,1,0.635830516
0,0,0,1.25,3,1,1,0.635830516
0,0,0,1.25,3,1,1,0.635830516
0,0,0,2.4,3,1,1,0.635830516
0,0,0,2.4,3,1,1,0.635830516
0,0,0,2.4,3,1,1,0.635830516
0,0,0,2.4,3,1,1,0.635830516
0,0,2,1.25,3,1,1,0.635830516
0,0,2,1.25,3,1,1,0.635830516
0,0,2,1.25,3,1,1,0.635830516
0,0,3,1.25,3,1,1,0.635830516
0,8,0,3,0,1,1,0.635830516
0,8,0,3,0,1,1,0.635830516
0,8,0,4.25,0,1,1,0.635830516
0,8,0,4.25,0,1,1,0.635830516
0,5,0,3,0,1,1,0.635830516
0,5,0,4.25,0,1,1,0.635830516
0,5,0,4.25,0,1,1,0.635830516
0,2,0,4.25,0,1,1,0.635830516
0,1,0,4.25,0,1,1,0.635830516
0,0,0,1.2,0,1,1,0.635830516
0,0,0,1.2,0,1,1,0.635830516
0,0,0,3,0,1,1,0.635830516
0,0,0,3,0,1,1,0.635830516
0,0,0,3,0,1,1,0.635830516
0,0,0,3,0,1,1,0.635830516
0,0,0,3,0,1,1,0.635830516
0,0,0,3,0,1,1,0.635830516
0,0,0,3,0,1,1,0.635830516
0,0,0,3,0,1,1,0.635830516
0,0,0,3,0,1,1,0.635830516
0,0,0,3,0,1,1,0.635830516
0,0,0,3,0,1,1,0.635830516
0,0,0,3,0,1,1,0.635830516
0,0,0,3,0,1,1,0.635830516
0,0,0,3,0,1,1,0.635830516
0,0,0,3,0,1,1,0.635830516
0,0,0,3,0,1,1,0.635830516
0,0,0,3,0,1,1,0.635830516
0,0,0,4.25,0,1,1,0.635830516
0,0,0,4.25,0,1,1,0.635830516
0,0,0,2.2,0,1,1,0.635830516
0,0,0,1,2,1,1,0.652277545
0,0,0,1,2,1,1,0.652277545
0,0,0,1,2,1,1,0.652277545
0,0,0,2,2,1,1,0.652277545
0,0,0,2,2,1,1,0.652277545
0,0,0,2,2,1,1,0.652277545
0,0,0,2,2,1,1,0.652277545
0,0,0,2,2,1,1,0.652277545
0,0,0,2,2,1,1,0.652277545
0,0,0,2,2,1,1,0.652277545
0,0,0,2,2,1,1,0.652277545
0,0,0,2,2,1,1,0.652277545
0,0,0,2,2,1,1,0.652277545
0,0,0,2,2,1,1,0.652277545
0,0,0,2,2,1,1,0.652277545
0,0,0,2,2,1,1,0.652277545
0,0,0,2,2,1,1,0.652277545
0,0,0,2,2,1,1,0.652277545
0,0,0,2,2,1,1,0.652277545
0,0,0,2,2,1,1,0.652277545
0,0,0,2,2,1,1,0.652277545
0,0,0,2,2,1,1,0.652277545
0,0,0,2,2,1,1,0.652277545
0,0,0,2,2,1,1,0.652277545
0,0,0,2,2,1,1,0.652277545
0,0,0,2,2,1,1,0.652277545
0,0,0,2,2,1,1,0.652277545
0,0,0,2,2,1,1,0.652277545
0,0,0,2,2,1,1,0.652277545
0,0,0,2,2,1,1,0.652277545
0,0,0,2,2,1,1,0.652277545
0,0,0,2,2,1,1,0.652277545
0,0,0,2,2,1,1,0.652277545
0,0,0,2,2,1,1,0.652277545
0,0,0,2,2,1,1,0.652277545
0,0,0,2,2,1,1,0.652277545
0,0,0,3,2,1,1,0.652277545
0,0,0,2,2,1,1,0.652277545
0,0,0,2,2,1,1,0.652277545
0,0,0,3,2,1,1,0.652277545
0,0,0,2,2,1,1,0.652277545
0,0,0,2,2,1,1,0.652277545
0,0,0,3,2,1,1,0.652277545
0,0,0,2,2,1,1,0.652277545
0,0,0,3,2,1,1,0.652277545
0,0,0,3,2,1,1,0.652277545
0,0,0,3,2,1,1,0.652277545
0,0,0,3,2,1,1,0.652277545
0,0,0,3,2,1,1,0.652277545
0,0,0,3,2,1,1,0.652277545
0,0,0,3,2,1,1,0.652277545
0,0,0,3,2,1,1,0.652277545
0,0,0,2,2,1,1,0.652277545
0,0,0,3,2,1,1,0.652277545
0,0,0,2,2,1,1,0.652277545
0,0,0,2,2,1,1,0.652277545
0,0,0,3,2,1,1,0.652277545
0,0,0,2,2,1,1,0.652277545
0,0,0,2,2,1,1,0.652277545
0,0,0,3,2,1,1,0.652277545
0,0,0,2,2,1,1,0.652277545
0,0,0,2,2,1,1,0.652277545
0,0,0,2,2,1,1,0.652277545
0,0,0,2,2,1,1,0.652277545
0,0,0,3,2,1,1,0.652277545
0,0,0,2,2,1,1,0.652277545
0,0,0,2,2,1,1,0.652277545
0,0,0,3,2,1,1,0.652277545
0,0,0,3,2,1,1,0.652277545
0,0,0,3,2,1,1,0.652277545
0,0,0,3,2,1,1,0.652277545
0,0,0,3,2,1,1,0.652277545
0,0,0,3,2,1,1,0.652277545
0,0,0,3,2,1,1,0.652277545
0,0,0,3,2,1,1,0.652277545
0,0,0,3,2,1,1,0.652277545
0,0,0,3,2,1,1,0.652277545
0,0,0,3,2,1,1,0.652277545
0,0,0,3,2,1,1,0.652277545
0,0,0,3,2,1,1,0.652277545
0,0,0,2,2,1,1,0.652277545
0,0,0,2,2,1,1,0.652277545
0,0,0,3,2,1,1,0.652277545
0,0,0,3,2,1,1,0.652277545
0,0,0,3,2,1,1,0.652277545
0,0,0,2,2,1,1,0.652277545
0,0,0,3,2,1,1,0.652277545
0,0,0,2,2,1,1,0.652277545
0,0,0,3,2,1,1,0.652277545
0,0,0,2,2,1,1,0.652277545
0,0,0,3,2,1,1,0.652277545
0,0,0,2.2,2,1,1,0.652277545
0,0,0,2.2,2,1,1,0.652277545
0,0,0,2.2,2,1,1,0.652277545
0,0,0,4.25,2,1,1,0.652277545
0,0,0,4.25,2,1,1,0.652277545
0,0,0,4.25,2,1,1,0.652277545
0,0,0,5,2,1,1,0.652277545
0,0,0,4.25,2,1,1,0.652277545
0,0,0,5,2,1,1,0.652277545
0,0,0,2.2,2,1,1,0.652277545
0,0,0,2.2,2,1,1,0.652277545
0,0,0,2.2,2,1,1,0.652277545
0,0,0,4.25,2,1,1,0.652277545
0,1,1,4.25,2,1,1,0.652277545
0,2,2,4.25,2,1,1,0.652277545
0,2,2,4.25,2,1,1,0.652277545
0,5,5,5,2,1,1,0.652277545
0,8,8,2,2,1,1,0.652277545
0,8,8,3,2,1,1,0.652277545
0,8,8,2,2,1,1,0.652277545
0,8,8,5,2,1,1,0.652277545
0,8,8,2.2,2,1,1,0.652277545
0,8,8,2.2,2,1,1,0.652277545
0,8,8,4.25,2,1,1,0.652277545
0,8,8,2.2,2,1,1,0.652277545
0,8,8,2.2,2,1,1,0.652277545
0,0,1,2,2,1,1,0.652277545
0,0,1,3,2,1,1,0.652277545
0,0,1,3,2,1,1,0.652277545
0,0,1,3,2,1,1,0.652277545
0,0,1,3,2,1,1,0.652277545
0,0,1,3,2,1,1,0.652277545
0,0,1,3,2,1,1,0.652277545
0,0,1,2.2,2,1,1,0.652277545
0,0,1,4.25,2,1,1,0.652277545
0,0,1,4.25,2,1,1,0.652277545
0,0,1,4.25,2,1,1,0.652277545
0,0,1,4.25,2,1,1,0.652277545
0,0,2,3,2,1,1,0.652277545
0,0,2,3,2,1,1,0.652277545
0,0,2,3,2,1,1,0.652277545
0,0,2,2,2,1,1,0.652277545
0,0,2,3,2,1,1,0.652277545
0,0,2,2,2,1,1,0.652277545
0,0,2,2.2,2,1,1,0.652277545
0,0,2,2.2,2,1,1,0.652277545
0,0,2,4.25,2,1,1,0.652277545
0,0,2,4.25,2,1,1,0.652277545
0,0,2,4.25,2,1,1,0.652277545
0,2,4,4.25,2,1,1,0.652277545
0,2,4,2.2,2,1,1,0.652277545
0,5,7,2.2,2,1,1,0.652277545
0,0,3,1,2,1,1,0.652277545
0,0,3,5,2,1,1,0.652277545
0,2,5,3,2,1,1,0.652277545
0,2,5,2.2,2,1,1,0.652277545
0,4,7,5,2,1,1,0.652277545
0,4,7,4.25,2,1,1,0.652277545
0,5,8,2,2,1,1,0.652277545
0,5,8,2.2,2,1,1,0.652277545
0,5,8,2.2,2,1,1,0.652277545
0,5,8,2.2,2,1,1,0.652277545
0,5,8,5,2,1,1,0.652277545
0,5,8,4.25,2,1,1,0.652277545
0,0,4,2,2,1,1,0.652277545
0,0,4,2.2,2,1,1,0.652277545
0,0,4,4.25,2,1,1,0.652277545
0,4,8,2.2,2,1,1,0.652277545
0,0,5,2,2,1,1,0.652277545
0,0,5,1,2,1,1,0.652277545
0,0,5,2,2,1,1,0.652277545
0,0,5,3,2,1,1,0.652277545
0,0,5,3,2,1,1,0.652277545
0,0,5,1.2,2,1,1,0.652277545
0,0,5,1.2,2,1,1,0.652277545
0,2,7,4.25,2,1,1,0.652277545
0,2,8,2,2,1,1,0.652277545
0,2,8,2,2,1,1,0.652277545
0,2,8,2.2,2,1,1,0.652277545
0,2,8,2.2,2,1,1,0.652277545
0,2,8,2.2,2,1,1,0.652277545
0,0,7,2.2,2,1,1,0.652277545
0,0,7,2.2,2,1,1,0.652277545
0,0,8,1,2,1,1,0.652277545
0,0,8,1,2,1,1,0.652277545
0,0,8,2,2,1,1,0.652277545
0,0,8,2,2,1,1,0.652277545
0,0,8,3,2,1,1,0.652277545
0,0,8,3,2,1,1,0.652277545
0,0,8,3,2,1,1,0.652277545
0,0,8,3,2,1,1,0.652277545
0,0,8,3,2,1,1,0.652277545
0,0,8,1.2,2,1,1,0.652277545
0,0,8,1.2,2,1,1,0.652277545
0,0,8,1.2,2,1,1,0.652277545
0,0,8,2.2,2,1,1,0.652277545
0,0,8,4.25,2,1,1,0.652277545
0,4,0,2,0,1,1,0.652277545
0,2,0,1,0,1,1,0.652277545
0,0,0,2,0,1,1,0.652277545
0,0,0,2,0,1,1,0.652277545
0,0,0,2,0,1,1,0.652277545
0,0,0,2,0,1,1,0.652277545
0,0,0,2,0,1,1,0.652277545
0,0,0,2,0,1,1,0.652277545
0,0,0,2,0,1,1,0.652277545
0,0,0,2,0,1,1,0.652277545
0,0,0,2,0,1,1,0.652277545
0,0,0,2,0,1,1,0.652277545
0,0,0,0.25,2,1,1,0.716449894
0,0,0,0.25,2,1,1,0.716449894
0,0,0,0.25,2,1,1,0.716449894
0,0,0,0.25,2,1,1,0.716449894
0,0,0,0.25,2,1,1,0.716449894
0,0,0,0.25,2,1,1,0.716449894
0,0,0,0.25,2,1,1,0.716449894
0,0,0,0.25,2,1,1,0.716449894
0,0,0,0.25,2,1,1,0.716449894
0,0,0,0.25,2,1,1,0.716449894
0,0,0,0.25,2,1,1,0.716449894
0,0,0,0.25,2,1,1,0.716449894
0,0,0,0.25,2,1,1,0.716449894
0,0,0,0.25,2,1,1,0.716449894
0,0,0,0.25,2,1,1,0.716449894
0,0,0,0.25,2,1,1,0.716449894
0,0,0,0.25,2,1,1,0.716449894
0,0,0,0.25,2,1,1,0.716449894
0,0,0,0.25,2,1,1,0.716449894
0,1,1,1,2,1,1,0.716449894
0,0,1,0.25,2,1,1,0.716449894
0,0,1,0.25,2,1,1,0.716449894
0,0,1,0.25,2,1,1,0.716449894
0,0,1,0.25,2,1,1,0.716449894
0,0,2,0.25,2,1,1,0.716449894
0,0,2,0.25,2,1,1,0.716449894
0,0,2,0.25,2,1,1,0.716449894
0,0,8,0.25,2,1,0,0.716449894
0,8,0,2.25,0,1,0,0.716449894
0,8,0,2.25,0,1,0,0.716449894
0,2,0,2.25,0,1,1,0.716449894
0,2,0,2.25,0,1,1,0.716449894
0,2,0,2.25,0,1,1,0.716449894
0,2,0,2.25,0,1,1,0.716449894
0,1,0,2.25,0,1,1,0.716449894
0,1,0,2.25,0,1,1,0.716449894
0,1,0,2.25,0,1,1,0.716449894
0,1,0,2.25,0,1,1,0.716449894
0,1,0,2.25,0,1,1,0.716449894
0,1,0,2.25,0,1,1,0.716449894
0,1,0,2.25,0,1,1,0.716449894
0,1,0,2.25,0,1,1,0.716449894
0,1,0,2.25,0,1,1,0.716449894
0,0,0,2.25,0,1,1,0.716449894
0,0,0,2.25,0,1,1,0.716449894
0,0,0,2.25,0,1,1,0.716449894
0,0,0,2.25,0,1,1,0.716449894
0,0,0,2.25,0,1,1,0.716449894
0,0,0,2.25,0,1,1,0.716449894
0,0,0,2.25,0,1,1,0.716449894
0,0,0,2.25,0,1,1,0.716449894
0,0,0,2.25,0,1,1,0.716449894
0,0,0,2.25,0,1,1,0.716449894
0,0,0,2.25,0,1,1,0.716449894
0,0,0,2,3,1,1,0.735277603
0,0,0,2,3,1,1,0.735277603
0,0,0,1.25,3,1,1,0.735277603
0,0,0,1.25,3,1,1,0.735277603
0,0,0,1.25,3,1,1,0.735277603
0,0,0,1.25,3,1,1,0.735277603
0,0,0,1.25,3,1,1,0.735277603
0,0,2,2,3,1,1,0.735277603
0,7,0,5,0,1,1,0.735277603
0,5,0,1.2,0,1,0,0.735277603
0,4,0,5,0,1,1,0.735277603
0,0,0,1.25,0,1,1,0.735277603
0,0,0,4.25,0,1,1,0.735277603
0,0,0,4.25,0,1,1,0.735277603
0,0,0,4.25,0,1,1,0.735277603
0,0,0,1.75,2.08,1,1,0.743333524
0,0,0,1.75,2.08,1,1,0.743333524
0,0,0,1.75,2.08,1,0,0.743333524
0,0,0,1.75,2.08,1,0,0.743333524
0,0,0,1.75,2.08,1,0,0.743333524
0,0,0,1.75,2.08,1,0,0.743333524
0,0,0,1.75,2.08,1,0,0.743333524
0,0,0,1.75,2.08,1,0,0.743333524
0,0,0,1.75,2.08,1,0,0.743333524
0,0,0,1.75,2.08,1,0,0.743333524
0,0,0,1.75,2.08,1,0,0.743333524
0,0,0,1.75,2.08,1,0,0.743333524
0,0,0,1.75,2.08,1,0,0.743333524
0,0,0,1.75,2.08,1,0,0.743333524
0,0,0,1.75,2.08,1,0,0.743333524
0,0,0,1.75,2.08,1,0,0.743333524
0,0,0,1.75,2.08,1,0,0.743333524
0,0,0,1.75,2.08,1,1,0.743333524
0,8,8,1.75,2.08,1,0,0.743333524
0,0,1,1.75,2.08,1,1,0.743333524
0,0,1,1.75,2.08,1,1,0.743333524
0,0,1,1.75,2.08,1,0,0.743333524
0,0,1,1.75,2.08,1,0,0.743333524
0,0,1,1.75,2.08,1,0,0.743333524
0,0,2,1.75,2.08,1,1,0.743333524
0,0,2,1.75,2.08,1,1,0.743333524
0,0,2,1.75,2.08,1,1,0.743333524
0,0,2,1.75,2.08,1,1,0.743333524
0,0,2,1.75,2.08,1,0,0.743333524
0,0,2,1.75,2.08,1,0,0.743333524
0,0,2,1.75,2.08,1,0,0.743333524
0,0,2,1.75,2.08,1,0,0.743333524
0,0,2,1.75,2.08,1,0,0.743333524
0,0,2,1.75,2.08,1,0,0.743333524
0,0,2,1.75,2.08,1,0,0.743333524
0,0,2,1.75,2.08,1,0,0.743333524
0,0,2,1.75,2.08,1,0,0.743333524
0,0,2,1.75,2.08,1,0,0.743333524
0,0,2,1.75,2.08,1,0,0.743333524
0,0,5,1.75,2.08,1,0,0.743333524
0,1,8,1.75,2.08,1,1,0.743333524
0,5,0,1,0,1,1,0.743333524
0,5,0,1,0,1,1,0.743333524
0,5,0,1,0,1,1,0.743333524
0,5,0,1,0,1,1,0.743333524
0,2,0,1,0,1,1,0.743333524
0,2,0,1,0,1,1,0.743333524
0,2,0,1,0,1,1,0.743333524
0,2,0,1,0,1,1,0.743333524
0,2,0,1,0,1,1,0.743333524
0,2,0,2,0,1,1,0.743333524
0,1,0,1,0,1,1,0.743333524
0,1,0,1,0,1,1,0.743333524
0,1,0,1,0,1,1,0.743333524
0,1,0,1,0,1,1,0.743333524
0,1,0,1,0,1,1,0.743333524
0,1,0,1,0,1,1,0.743333524
0,1,0,2,0,1,1,0.743333524
0,0,0,2,2,1,1,0.768303444
0,0,0,2,2,1,1,0.768303444
0,0,0,2,2,1,1,0.768303444
0,0,0,2,2,1,1,0.768303444
0,0,0,2,2,1,1,0.768303444
0,0,0,2,2,1,0,0.768303444
0,0,0,2,2,1,0,0.768303444
0,0,0,2,2,1,1,0.768303444
0,0,0,4.25,2,1,1,0.768303444
0,0,0,4.25,2,1,1,0.768303444
0,0,0,4.25,2,1,1,0.768303444
0,1,1,5,2,1,1,0.768303444
0,2,2,1,2,1,0,0.768303444
0,8,8,2,2,1,0,0.768303444
0,0,1,2,2,1,1,0.768303444
0,0,1,2,2,1,1,0.768303444
0,0,1,2,2,1,1,0.768303444
0,0,1,5,2,1,1,0.768303444
0,0,1,4.25,2,1,1,0.768303444
0,0,1,5,2,1,1,0.768303444
0,0,2,1,2,1,1,0.768303444
0,1,4,1,2,1,1,0.768303444
0,2,5,2,2,1,0,0.768303444
0,4,7,5,2,1,1,0.768303444
0,0,4,2,2,1,1,0.768303444
0,0,4,1.2,2,1,1,0.768303444
0,1,7,5,2,1,1,0.768303444
0,0,0,3,3,1,1,0.813762677
0,5,5,3,3,1,1,0.813762677
0,0,2,3,3,1,1,0.813762677
0,0,5,3,3,1,1,0.813762677
0,0,8,3,3,1,1,0.813762677
0,7,0,5,0,1,0,0.813762677
0,5,0,5,0,1,1,0.813762677
0,5,0,5,0,1,1,0.813762677
0,0,0,1.75,2.08,1,1,0.820340343
0,0,0,1.75,2.08,1,0,0.820340343
0,0,0,1.75,2.08,1,0,0.820340343
0,0,0,1.75,2.08,1,0,0.820340343
0,0,0,1.75,2.08,1,1,0.820340343
0,0,0,1.75,2.08,1,1,0.820340343
0,0,0,1.75,2.08,1,1,0.820340343
0,2,2,1.75,2.08,1,1,0.820340343
0,0,1,1.75,2.08,1,0,0.820340343
0,0,1,1.75,2.08,1,1,0.820340343
0,0,1,1.75,2.08,1,1,0.820340343
0,0,1,1.75,2.08,1,1,0.820340343
0,0,1,1.75,2.08,1,1,0.820340343
0,0,2,1.75,2.08,1,0,0.820340343
0,0,2,1.75,2.08,1,1,0.820340343
0,0,2,1.75,2.08,1,1,0.820340343
0,0,2,1.75,2.08,1,1,0.820340343
0,0,2,1.75,2.08,1,1,0.820340343
0,0,2,1.75,2.08,1,1,0.820340343
0,5,8,1.75,2.08,1,1,0.820340343
0,0,4,1.75,2.08,1,1,0.820340343
0,0,4,1.75,2.08,1,1,0.820340343
0,0,4,1.75,2.08,1,1,0.820340343
0,0,4,1.75,2.08,1,1,0.820340343
0,2,8,1.75,2.08,1,1,0.820340343
0,0,7,1.75,2.08,1,1,0.820340343
0,0,8,1.75,2.08,1,1,0.820340343
0,0,8,1.75,2.08,1,1,0.820340343
0,0,8,1.75,2.08,1,1,0.820340343
0,0,8,1.75,2.08,1,1,0.820340343
0,0,8,1.75,2.08,1,0,0.820340343
0,0,8,1.75,2.08,1,1,0.820340343
0,0,8,1.75,2.08,1,1,0.820340343
0,0,0,0.25,2,1,1,0.820603908
0,0,0,0.25,2,1,1,0.820603908
0,0,0,0.25,2,1,1,0.820603908
0,0,0,0.25,2,1,1,0.820603908
0,0,0,0.25,2,1,1,0.820603908
0,0,0,0.25,2,1,1,0.820603908
0,0,0,0.25,2,1,0,0.820603908
0,0,0,0.25,2,1,0,0.820603908
0,0,0,0.25,2,1,0,0.820603908
0,0,0,0.25,2,1,0,0.820603908
0,0,0,0.25,2,1,0,0.820603908
0,0,0,0.25,2,1,0,0.820603908
0,0,0,0.25,2,1,0,0.820603908
0,0,0,0.25,2,1,0,0.820603908
0,0,0,0.25,2,1,0,0.820603908
0,0,0,0.25,2,1,0,0.820603908
0,0,0,0.25,2,1,0,0.820603908
0,0,0,0.25,2,1,0,0.820603908
0,0,0,0.25,2,1,0,0.820603908
0,0,0,0.25,2,1,0,0.820603908
0,0,0,0.25,2,1,0,0.820603908
0,0,0,0.25,2,1,0,0.820603908
0,0,0,0.25,2,1,0,0.820603908
0,0,0,0.25,2,1,0,0.820603908
0,0,0,0.25,2,1,1,0.820603908
0,0,0,1,2,1,0,0.820603908
0,0,1,0.25,2,1,1,0.820603908
0,0,1,0.25,2,1,1,0.820603908
0,0,1,0.25,2,1,0,0.820603908
0,0,1,0.25,2,1,0,0.820603908
0,0,1,0.25,2,1,0,0.820603908
0,0,1,0.25,2,1,0,0.820603908
0,0,1,0.25,2,1,0,0.820603908
0,0,1,0.25,2,1,0,0.820603908
0,0,1,0.25,2,1,0,0.820603908
0,0,1,0.25,2,1,1,0.820603908
0,0,2,0.25,2,1,1,0.820603908
0,0,2,0.25,2,1,1,0.820603908
0,0,2,0.25,2,1,1,0.820603908
0,0,2,0.25,2,1,1,0.820603908
0,0,2,0.25,2,1,1,0.820603908
0,0,2,0.25,2,1,0,0.820603908
0,0,2,0.25,2,1,0,0.820603908
0,0,2,0.25,2,1,0,0.820603908
0,0,2,0.25,2,1,0,0.820603908
0,0,2,0.25,2,1,0,0.820603908
0,0,2,0.25,2,1,1,0.820603908
0,0,2,0.25,2,1,1,0.820603908
0,0,2,0.25,2,1,1,0.820603908
0,0,2,1,2,1,0,0.820603908
0,0,2,1,2,1,0,0.820603908
0,0,3,0.25,2,1,1,0.820603908
0,2,5,1,2,1,0,0.820603908
0,0,4,0.25,2,1,1,0.820603908
0,0,6,0.25,2,1,0,0.820603908
0,0,8,0.25,2,1,1,0.820603908
0,5,0,2.25,0,1,1,0.820603908
0,2,0,1.25,0,1,0,0.820603908
0,2,0,2.25,0,1,0,0.820603908
0,2,0,2.25,0,1,0,0.820603908
0,2,0,2.25,0,1,0,0.820603908
0,2,0,2.25,0,1,0,0.820603908
0,2,0,2.25,0,1,1,0.820603908
0,1,0,2.25,0,1,1,0.820603908
0,1,0,2.25,0,1,1,0.820603908
0,1,0,2.25,0,1,1,0.820603908
0,1,0,2.25,0,1,1,0.820603908
0,1,0,1.25,0,1,1,0.820603908
0,1,0,1.25,0,1,0,0.820603908
0,1,0,1.25,0,1,0,0.820603908
0,1,0,2.25,0,1,0,0.820603908
0,1,0,2.25,0,1,0,0.820603908
0,1,0,2.25,0,1,0,0.820603908
0,1,0,2.25,0,1,0,0.820603908
0,1,0,2.25,0,1,0,0.820603908
0,1,0,2.25,0,1,0,0.820603908
0,1,0,2.25,0,1,0,0.820603908
0,1,0,2.25,0,1,0,0.820603908
0,1,0,2.25,0,1,1,0.820603908
0,0,0,2.25,0,1,1,0.820603908
0,0,0,2.25,0,1,1,0.820603908
0,0,0,2.25,0,1,1,0.820603908
0,0,0,2.25,0,1,1,0.820603908
0,0,0,2.25,0,1,1,0.820603908
0,0,0,2.25,0,1,1,0.820603908
0,0,0,1.25,0,1,1,0.820603908
0,0,0,1.25,0,1,1,0.820603908
0,0,0,1.25,0,1,1,0.820603908
0,0,0,1.25,0,1,1,0.820603908
0,0,0,1.25,0,1,1,0.820603908
0,0,0,2.25,0,1,1,0.820603908
0,0,0,1.25,0,1,0,0.820603908
0,0,0,1.25,0,1,0,0.820603908
0,0,0,1.25,0,1,0,0.820603908
0,0,0,2.25,0,1,0,0.820603908
0,0,0,2.25,0,1,0,0.820603908
0,0,0,2.25,0,1,0,0.820603908
0,0,0,2.25,0,1,0,0.820603908
0,0,0,2.25,0,1,0,0.820603908
0,0,0,2.25,0,1,0,0.820603908
0,0,0,2.25,0,1,0,0.820603908
0,0,0,2.25,0,1,0,0.820603908
0,0,0,2.25,0,1,0,0.820603908
0,0,0,2.25,0,1,0,0.820603908
0,0,0,2.25,0,1,0,0.820603908
0,0,0,2.25,0,1,0,0.820603908
0,0,0,2.25,0,1,0,0.820603908
0,0,0,2.25,0,1,0,0.820603908
0,0,0,2.25,0,1,0,0.820603908
0,0,0,2.25,0,1,1,0.820603908
0,0,0,1.25,3,1,1,0.838824271
0,0,0,2,0,1,1,0.838824271
0,0,0,2,0,1,1,0.838824271
0,0,0,2,0,1,1,0.838824271
0,0,0,2,0,1,1,0.838824271
0,0,0,2,0,1,1,0.838824271
0,0,0,2,0,1,1,0.838824271
0,0,0,2,0,1,0,0.838824271
0,0,0,1.2,0,1,0,0.838824271
0,0,0,1.2,0,1,0,0.838824271
0,0,0,1.2,0,1,0,0.838824271
0,0,0,4.25,0,1,1,0.838824271
0,0,0,2.2,0,1,0,0.838824271
0,0,0,2.2,0,1,0,0.838824271
0,0,0,2.2,0,1,0,0.838824271
0,0,0,2.2,0,1,0,0.838824271
0,0,0,1.2,0,1,0,0.838824271
0,0,0,1.75,2.08,1,1,0.845493611
0,0,0,1.75,2.08,1,0,0.845493611
0,0,0,1.75,2.08,1,0,0.845493611
0,2,2,1.75,2.08,1,1,0.845493611
0,2,2,1,2.08,1,1,0.845493611
0,2,2,1.75,2.08,1,1,0.845493611
0,2,2,1.75,2.08,1,1,0.845493611
0,2,2,1,2.08,1,0,0.845493611
0,8,8,1,2.08,1,0,0.845493611
0,0,1,1,2.08,1,1,0.845493611
0,0,1,1.75,2.08,1,1,0.845493611
0,0,1,1.75,2.08,1,1,0.845493611
0,0,1,1,2.08,1,0,0.845493611
0,1,2,1,2.08,1,1,0.845493611
0,0,2,1.75,2.08,1,0,0.845493611
0,0,2,1.75,2.08,1,0,0.845493611
0,0,2,1.75,2.08,1,1,0.845493611
0,0,2,1,2.08,1,1,0.845493611
0,0,2,1,2.08,1,1,0.845493611
0,0,2,1.75,2.08,1,1,0.845493611
0,0,2,1,2.08,1,1,0.845493611
0,0,2,1.75,2.08,1,1,0.845493611
0,0,2,1,2.08,1,1,0.845493611
0,0,2,1,2.08,1,1,0.845493611
0,0,2,1,2.08,1,0,0.845493611
0,0,2,1.75,2.08,1,1,0.845493611
0,0,2,1.75,2.08,1,1,0.845493611
0,0,2,1,2.08,1,0,0.845493611
0,0,2,1,2.08,1,0,0.845493611
0,0,2,1,2.08,1,0,0.845493611
0,0,2,1.75,2.08,1,0,0.845493611
0,2,8,1,2.08,1,0,0.845493611
0,0,8,1.75,2.08,1,1,0.845493611
0,5,0,1,0,1,1,0.845493611
0,5,0,1,0,1,1,0.845493611
0,2,0,2,0,1,1,0.845493611
0,2,0,1,0,1,0,0.845493611
0,2,0,1,0,1,0,0.845493611
0,2,0,1,0,1,0,0.845493611
0,2,0,1,0,1,1,0.845493611
0,2,0,1,0,1,1,0.845493611
0,0,0,2,2,1,1,0.845527989
0,0,0,2,2,1,1,0.845527989
0,0,0,2,2,1,1,0.845527989
0,0,0,2,2,1,1,0.845527989
0,0,0,2,2,1,1,0.845527989
0,0,0,2,2,1,0,0.845527989
0,0,0,2,2,1,0,0.845527989
0,0,0,2,2,1,0,0.845527989
0,0,0,3,2,1,1,0.845527989
0,0,0,3,2,1,1,0.845527989
0,0,0,3,2,1,1,0.845527989
0,4,4,5,2,1,1,0.845527989
0,7,7,5,2,1,1,0.845527989
0,8,8,5,2,1,1,0.845527989
0,8,8,5,2,1,1,0.845527989
0,8,8,5,2,1,1,0.845527989
0,0,1,2,2,1,1,0.845527989
0,0,1,3,2,1,1,0.845527989
0,5,8,2,2,1,1,0.845527989
0,5,8,5,2,1,1,0.845527989
0,2,8,2,2,1,1,0.845527989
0,0,8,2,2,1,1,0.845527989
0,0,8,2,2,1,1,0.845527989
0,0,0,2,2,1,1,0.876422392
0,0,0,2,2,1,0,0.876422392
0,0,0,2,2,1,0,0.876422392
0,0,0,2,2,1,1,0.876422392
0,0,0,2,2,1,1,0.876422392
0,0,0,2,2,1,1,0.876422392
0,0,0,2,2,1,1,0.876422392
0,0,0,2,2,1,1,0.876422392
0,0,0,2,2,1,0,0.876422392
0,0,0,2,2,1,0,0.876422392
0,0,0,2,2,1,0,0.876422392
0,0,0,2,2,1,0,0.876422392
0,0,0,1,2,1,1,0.876422392
0,0,0,1,2,1,1,0.876422392
0,0,0,1,2,1,1,0.876422392
0,0,0,1,2,1,1,0.876422392
0,0,0,1,2,1,1,0.876422392
0,0,0,3,2,1,1,0.876422392
0,0,0,4.25,2,1,1,0.876422392
0,0,0,4.25,2,1,0,0.876422392
0,0,0,4.25,2,1,1,0.876422392
0,0,0,4.25,2,1,1,0.876422392
0,0,0,4.25,2,1,1,0.876422392
0,0,0,4.25,2,1,1,0.876422392
0,0,0,4.25,2,1,1,0.876422392
0,0,0,4.25,2,1,1,0.876422392
0,0,0,4.25,2,1,1,0.876422392
0,0,0,4.25,2,1,0,0.876422392
0,0,0,4.25,2,1,0,0.876422392
0,0,0,4.25,2,1,0,0.876422392
0,0,0,4.25,2,1,0,0.876422392
0,0,0,4.25,2,1,0,0.876422392
0,0,0,4.25,2,1,0,0.876422392
0,0,0,4.25,2,1,1,0.876422392
0,0,0,4.25,2,1,1,0.876422392
0,0,0,4.25,2,1,1,0.876422392
0,0,0,4.25,2,1,1,0.876422392
0,0,0,1.2,2,1,1,0.876422392
0,0,0,1.2,2,1,1,0.876422392
0,0,0,2.2,2,1,0,0.876422392
0,0,0,2.2,2,1,0,0.876422392
0,0,0,2.2,2,1,0,0.876422392
0,0,0,2.2,2,1,0,0.876422392
0,1,1,5,2,1,1,0.876422392
0,2,2,2.2,2,1,1,0.876422392
0,8,8,3,2,1,1,0.876422392
0,8,8,3,2,1,1,0.876422392
0,0,1,2,2,1,1,0.876422392
0,0,1,1,2,1,1,0.876422392
0,0,1,1,2,1,1,0.876422392
0,0,1,4.25,2,1,1,0.876422392
0,2,3,4.25,2,1,1,0.876422392
0,0,2,2,2,1,0,0.876422392
0,0,2,2,2,1,0,0.876422392
0,0,2,1,2,1,1,0.876422392
0,0,2,1,2,1,1,0.876422392
0,0,2,2,2,1,0,0.876422392
0,0,2,2,2,1,0,0.876422392
0,0,2,1.2,2,1,1,0.876422392
0,0,4,1.2,2,1,1,0.876422392
0,2,8,4.25,2,1,0,0.876422392
0,2,8,1.2,2,1,1,0.876422392
0,2,8,3,2,1,1,0.876422392
0,1,8,3,2,1,1,0.876422392
0,0,8,1,2,1,1,0.876422392
0,0,8,1,2,1,1,0.876422392
0,0,8,1,2,1,1,0.876422392
0,0,8,2,2,1,1,0.876422392
0,0,8,3,2,1,1,0.876422392
0,0,8,3,2,1,1,0.876422392
0,0,8,1.2,2,1,1,0.876422392
0,0,8,1.2,2,1,1,0.876422392
0,8,0,1,0,1,0,0.876422392
0,2,0,1,0,1,1,0.876422392
0,0,0,1,0,1,1,0.876422392
0,0,0,1,0,1,1,0.876422392
0,0,0,1,0,1,1,0.876422392
0,0,0,1,0,1,1,0.876422392
0,0,0,1,0,1,1,0.876422392
0,0,0,1,0,1,1,0.876422392
0,0,0,1,0,1,1,0.876422392
0,0,0,1,0,1,1,0.876422392
0,0,0,1,0,1,1,0.876422392
0,0,0,1,0,1,0,0.876422392
0,0,0,1,0,1,0,0.876422392
0,0,0,1,0,1,0,0.876422392
0,0,0,1,0,1,0,0.876422392
0,0,0,1,0,1,0,0.876422392
0,0,0,1,0,1,0,0.876422392
0,0,0,1,0,1,0,0.876422392
0,0,0,2,0,1,0,0.876422392
0,0,0,2,0,1,0,0.876422392
0,0,0,2,0,1,0,0.876422392
0,0,0,2,0,1,0,0.876422392
0,0,0,0.25,2,1,1,0.93673294
0,0,0,0.25,2,1,1,0.93673294
0,0,0,0.25,2,1,1,0.93673294
0,0,0,0.25,2,1,1,0.93673294
0,0,0,0.25,2,1,1,0.93673294
0,0,0,0.25,2,1,0,0.93673294
0,0,0,0.25,2,1,0,0.93673294
0,0,0,0.25,2,1,0,0.93673294
0,0,0,0.25,2,1,0,0.93673294
0,0,0,0.25,2,1,0,0.93673294
0,0,0,0.25,2,1,0,0.93673294
0,0,0,0.25,2,1,0,0.93673294
0,0,0,0.25,2,1,0,0.93673294
0,0,0,0.25,2,1,1,0.93673294
0,0,0,0.25,2,1,1,0.93673294
0,0,0,0.25,2,1,1,0.93673294
0,0,0,0.25,2,1,1,0.93673294
0,0,0,0.25,2,1,1,0.93673294
0,0,0,0.25,2,1,1,0.93673294
0,0,0,0.25,2,1,1,0.93673294
0,0,0,0.25,2,1,1,0.93673294
0,0,0,0.25,2,1,1,0.93673294
0,0,0,0.25,2,1,1,0.93673294
0,0,0,0.25,2,1,1,0.93673294
0,0,0,0.25,2,1,1,0.93673294
0,0,0,0.25,2,1,1,0.93673294
0,0,0,0.25,2,1,1,0.93673294
0,0,0,0.25,2,1,1,0.93673294
0,0,0,0.25,2,1,1,0.93673294
0,0,0,0.25,2,1,1,0.93673294
0,0,0,0.25,2,1,1,0.93673294
0,0,0,0.25,2,1,1,0.93673294
0,0,0,0.25,2,1,1,0.93673294
0,0,0,0.25,2,1,1,0.93673294
0,0,0,0.25,2,1,1,0.93673294
0,0,0,0.25,2,1,1,0.93673294
0,0,1,0.25,2,1,1,0.93673294
0,0,1,0.25,2,1,1,0.93673294
0,0,1,0.25,2,1,0,0.93673294
0,0,1,0.25,2,1,0,0.93673294
0,0,1,0.25,2,1,0,0.93673294
0,0,1,0.25,2,1,1,0.93673294
0,0,1,0.25,2,1,1,0.93673294
0,0,1,0.25,2,1,1,0.93673294
0,0,1,0.25,2,1,1,0.93673294
0,0,1,0.25,2,1,1,0.93673294
0,0,2,1,2,1,0,0.93673294
0,0,2,1,2,1,0,0.93673294
0,0,2,0.25,2,1,0,0.93673294
0,0,2,1,2,1,0,0.93673294
0,0,2,0.25,2,1,1,0.93673294
0,0,2,0.25,2,1,1,0.93673294
0,0,2,0.25,2,1,1,0.93673294
0,0,2,0.25,2,1,1,0.93673294
0,0,2,0.25,2,1,1,0.93673294
0,0,2,0.25,2,1,0,0.93673294
0,0,2,0.25,2,1,0,0.93673294
0,0,2,0.25,2,1,0,0.93673294
0,0,2,0.25,2,1,0,0.93673294
0,0,2,0.25,2,1,0,0.93673294
0,0,2,0.25,2,1,0,0.93673294
0,0,2,0.25,2,1,1,0.93673294
0,0,2,0.25,2,1,1,0.93673294
0,0,2,0.25,2,1,1,0.93673294
0,0,2,0.25,2,1,1,0.93673294
0,0,2,0.25,2,1,1,0.93673294
0,0,2,0.25,2,1,1,0.93673294
0,0,2,0.25,2,1,1,0.93673294
0,0,2,0.25,2,1,1,0.93673294
0,2,5,2,2,1,0,0.93673294
0,0,5,0.25,2,1,1,0.93673294
0,2,8,2,2,1,0,0.93673294
0,1,8,2,2,1,0,0.93673294
0,0,8,0.25,2,1,0,0.93673294
0,0,8,0.25,2,1,1,0.93673294
0,0,8,0.25,2,1,1,0.93673294
0,5,0,2.25,0,1,1,0.93673294
0,5,0,2.25,0,1,1,0.93673294
0,2,0,2.25,0,1,0,0.93673294
0,2,0,2.25,0,1,1,0.93673294
0,2,0,2.25,0,1,1,0.93673294
0,2,0,2.25,0,1,1,0.93673294
0,2,0,2.25,0,1,0,0.93673294
0,2,0,2.25,0,1,0,0.93673294
0,2,0,1.25,0,1,0,0.93673294
0,2,0,1.25,0,1,0,0.93673294
0,2,0,1.25,0,1,0,0.93673294
0,2,0,1.25,0,1,0,0.93673294
0,2,0,1.25,0,1,0,0.93673294
0,2,0,1.25,0,1,0,0.93673294
0,2,0,1.25,0,1,0,0.93673294
0,2,0,1.25,0,1,0,0.93673294
0,2,0,1.25,0,1,0,0.93673294
0,2,0,1.25,0,1,0,0.93673294
0,2,0,1.25,0,1,0,0.93673294
0,2,0,1.25,0,1,0,0.93673294
0,2,0,1.25,0,1,0,0.93673294
0,2,0,1.25,0,1,0,0.93673294
0,2,0,1.25,0,1,0,0.93673294
0,2,0,1.25,0,1,0,0.93673294
0,2,0,1.25,0,1,0,0.93673294
0,2,0,1.25,0,1,0,0.93673294
0,2,0,1.25,0,1,0,0.93673294
0,2,0,1.25,0,1,0,0.93673294
0,2,0,1.25,0,1,0,0.93673294
0,2,0,1.25,0,1,0,0.93673294
0,2,0,1.25,0,1,0,0.93673294
0,2,0,1.25,0,1,0,0.93673294
0,2,0,1.25,0,1,0,0.93673294
0,2,0,1.25,0,1,0,0.93673294
0,2,0,1.25,0,1,0,0.93673294
0,2,0,1.25,0,1,0,0.93673294
0,2,0,1.25,0,1,0,0.93673294
0,2,0,1.25,0,1,0,0.93673294
0,2,0,2.25,0,1,1,0.93673294
0,2,0,2.25,0,1,1,0.93673294
0,2,0,2.25,0,1,1,0.93673294
0,2,0,2.25,0,1,1,0.93673294
0,2,0,2.25,0,1,1,0.93673294
0,2,0,2.25,0,1,1,0.93673294
0,1,0,2.25,0,1,1,0.93673294
0,1,0,2.25,0,1,0,0.93673294
0,1,0,2.25,0,1,0,0.93673294
0,1,0,2.25,0,1,0,0.93673294
0,1,0,2.25,0,1,0,0.93673294
0,1,0,2.25,0,1,0,0.93673294
0,1,0,2.25,0,1,0,0.93673294
0,1,0,2.25,0,1,0,0.93673294
0,1,0,2.25,0,1,0,0.93673294
0,1,0,2.25,0,1,0,0.93673294
0,1,0,1.25,0,1,0,0.93673294
0,1,0,1.25,0,1,0,0.93673294
0,1,0,1.25,0,1,0,0.93673294
0,1,0,1.25,0,1,0,0.93673294
0,1,0,1.25,0,1,0,0.93673294
0,1,0,1.25,0,1,0,0.93673294
0,1,0,1.25,0,1,0,0.93673294
0,1,0,1.25,0,1,0,0.93673294
0,1,0,1.25,0,1,0,0.93673294
0,1,0,1.25,0,1,0,0.93673294
0,1,0,1.25,0,1,0,0.93673294
0,1,0,1.25,0,1,0,0.93673294
0,1,0,1.25,0,1,0,0.93673294
0,1,0,1.25,0,1,0,0.93673294
0,1,0,1.25,0,1,0,0.93673294
0,1,0,1.25,0,1,0,0.93673294
0,1,0,1.25,0,1,0,0.93673294
0,1,0,1.25,0,1,0,0.93673294
0,1,0,1.25,0,1,0,0.93673294
0,1,0,1.25,0,1,0,0.93673294
0,1,0,1.25,0,1,0,0.93673294
0,1,0,2.25,0,1,0,0.93673294
0,1,0,2.25,0,1,1,0.93673294
0,1,0,2.25,0,1,1,0.93673294
0,1,0,2.25,0,1,1,0.93673294
0,1,0,2.25,0,1,1,0.93673294
0,1,0,2.25,0,1,1,0.93673294
0,0,0,2.25,0,1,0,0.93673294
0,0,0,2.25,0,1,1,0.93673294
0,0,0,2.25,0,1,1,0.93673294
0,0,0,2.25,0,1,0,0.93673294
0,0,0,2.25,0,1,0,0.93673294
0,0,0,2.25,0,1,0,0.93673294
0,0,0,1.25,0,1,0,0.93673294
0,0,0,1.25,0,1,0,0.93673294
0,0,0,1.25,0,1,0,0.93673294
0,0,0,1.25,0,1,0,0.93673294
0,0,0,1.25,0,1,0,0.93673294
0,0,0,1.25,0,1,0,0.93673294
0,0,0,1.25,0,1,0,0.93673294
0,0,0,1.25,0,1,0,0.93673294
0,0,0,1.25,0,1,0,0.93673294
0,0,0,1.25,0,1,0,0.93673294
0,0,0,1.25,0,1,0,0.93673294
0,0,0,1.25,0,1,0,0.93673294
0,0,0,1.25,0,1,0,0.93673294
0,0,0,1.25,0,1,0,0.93673294
0,0,0,1.25,0,1,0,0.93673294
0,0,0,1.25,0,1,0,0.93673294
0,0,0,1.25,0,1,0,0.93673294
0,0,0,1.25,0,1,0,0.93673294
0,0,0,1.25,0,1,0,0.93673294
0,0,0,1.25,0,1,0,0.93673294
0,0,0,1.25,0,1,0,0.93673294
0,0,0,1.25,0,1,0,0.93673294
0,0,0,1.25,0,1,0,0.93673294
0,0,0,1.25,0,1,0,0.93673294
0,0,0,1.25,0,1,0,0.93673294
0,0,0,1.25,0,1,0,0.93673294
0,0,0,1.25,0,1,0,0.93673294
0,0,0,1.25,0,1,0,0.93673294
0,0,0,1.25,0,1,0,0.93673294
0,0,0,1.25,0,1,0,0.93673294
0,0,0,1.25,0,1,0,0.93673294
0,0,0,1.25,0,1,0,0.93673294
0,0,0,1.25,0,1,0,0.93673294
0,0,0,1.25,0,1,0,0.93673294
0,0,0,1.25,0,1,0,0.93673294
0,0,0,1.25,0,1,0,0.93673294
0,0,0,2.25,0,1,1,0.93673294
0,0,0,2.25,0,1,1,0.93673294
0,0,0,2.25,0,1,1,0.93673294
0,0,0,2.25,0,1,1,0.93673294
0,0,0,2.25,0,1,1,0.93673294
0,0,0,2.25,0,1,1,0.93673294
0,0,0,2.25,0,1,1,0.93673294
0,0,0,2.25,0,1,1,0.93673294
0,0,0,2.25,0,1,1,0.93673294
0,0,0,2.25,0,1,1,0.93673294
0,0,0,2.25,0,1,1,0.93673294
0,0,0,2.25,0,1,1,0.93673294
0,0,0,2.25,0,1,1,0.93673294
0,0,0,2.25,0,1,1,0.93673294
0,0,0,2.25,0,1,1,0.93673294
0,0,0,2.25,0,1,1,0.93673294
0,0,0,2.25,0,1,1,0.93673294
0,0,0,2.25,0,1,1,0.93673294
0,0,0,2.25,0,1,1,0.93673294
0,0,0,2.25,0,1,1,0.93673294
0,0,0,2.25,0,1,1,0.93673294
0,0,0,2.25,0,1,1,0.93673294
0,2,2,1,2.08,1,1,0.969609809
0,2,2,1,2.08,1,1,0.969609809
0,2,2,1,2.08,1,1,0.969609809
0,2,2,1,2.08,1,1,0.969609809
0,0,1,1,2.08,1,0,0.969609809
0,0,2,1,2.08,1,1,0.969609809
0,0,2,1,2.08,1,1,0.969609809
0,7,0,2,0,1,1,0.969609809
0,5,0,1,0,1,1,0.969609809
0,5,0,1,0,1,1,0.969609809
0,5,0,1,0,1,1,0.969609809
0,5,0,1,0,1,0,0.969609809
0,5,0,1,0,1,0,0.969609809
0,5,0,1,0,1,1,0.969609809
0,5,0,1,0,1,1,0.969609809
0,4,0,1,0,1,0,0.969609809
0,2,0,1,0,1,1,0.969609809
0,2,0,2,0,1,0,0.969609809
0,2,0,1,0,1,0,0.969609809
0,2,0,1,0,1,0,0.969609809
0,2,0,1,0,1,0,0.969609809
0,2,0,2,0,1,0,0.969609809
0,2,0,1,0,1,1,0.969609809
0,2,0,2,0,1,1,0.969609809
0,2,0,2,0,1,1,0.969609809
0,2,0,1,0,1,1,0.969609809
0,2,0,1,0,1,1,0.969609809
0,2,0,2,0,1,1,0.969609809
0,2,0,2,0,1,1,0.969609809
0,2,0,2,0,1,1,0.969609809
0,2,0,1,0,1,1,0.969609809
0,2,0,2,0,1,1,0.969609809
0,2,0,2,0,1,1,0.969609809
0,2,0,2,0,1,1,0.969609809
0,2,0,2,0,1,1,0.969609809
0,2,0,2,0,1,1,0.969609809
0,2,0,2,0,1,1,0.969609809
0,1,0,1,0,1,0,0.969609809
0,1,0,2,0,1,0,0.969609809
0,1,0,1,0,1,0,0.969609809
0,1,0,1,0,1,0,0.969609809
0,1,0,2,0,1,1,0.969609809
0,1,0,1,0,1,1,0.969609809
0,1,0,1,0,1,1,0.969609809
0,1,0,2,0,1,1,0.969609809
0,1,0,2,0,1,1,0.969609809
0,0,0,1,0,1,0,0.969609809
0,0,0,2.4,3,1,1,0.975966882
0,0,0,2.4,3,1,1,0.975966882
0,0,0,2.4,3,1,1,0.975966882
0,0,0,2.4,3,1,0,0.975966882
0,0,0,2.4,3,1,0,0.975966882
0,0,0,2.4,3,1,0,0.975966882
0,0,0,2.4,3,1,0,0.975966882
0,0,0,2.4,3,1,0,0.975966882
0,0,0,2.4,3,1,0,0.975966882
0,0,0,2.4,3,1,0,0.975966882
0,0,0,2.4,3,1,0,0.975966882
0,0,0,2.4,3,1,0,0.975966882
0,0,0,2.4,3,1,0,0.975966882
0,0,0,2.4,3,1,0,0.975966882
0,0,0,2.4,3,1,0,0.975966882
0,0,0,2.4,3,1,0,0.975966882
0,0,0,2.4,3,1,0,0.975966882
0,0,0,2.4,3,1,0,0.975966882
0,0,0,2.4,3,1,0,0.975966882
0,0,0,2.4,3,1,0,0.975966882
0,0,0,2.4,3,1,0,0.975966882
0,0,0,2.4,3,1,0,0.975966882
0,0,0,2.4,3,1,0,0.975966882
0,0,0,2.4,3,1,0,0.975966882
0,0,0,2.4,3,1,0,0.975966882
0,0,0,2.4,3,1,0,0.975966882
0,0,0,2.4,3,1,0,0.975966882
0,0,0,2.4,3,1,0,0.975966882
0,0,0,2.4,3,1,0,0.975966882
0,0,0,2.4,3,1,0,0.975966882
0,0,0,2.4,3,1,0,0.975966882
0,0,0,2.4,3,1,0,0.975966882
0,0,0,2.4,3,1,0,0.975966882
0,0,0,2.4,3,1,0,0.975966882
0,0,0,2.4,3,1,0,0.975966882
0,0,0,2.4,3,1,0,0.975966882
0,0,0,2.4,3,1,0,0.975966882
0,0,0,2,3,1,1,0.975966882
0,2,2,2,3,1,1,0.975966882
0,8,8,2.4,3,1,1,0.975966882
0,0,1,2,3,1,1,0.975966882
0,0,2,2.4,3,1,0,0.975966882
0,0,2,2.4,3,1,0,0.975966882
0,8,0,2.4,0,1,0,0.975966882
0,8,0,2.2,0,1,0,0.975966882
0,7,0,1.2,0,1,1,0.975966882
0,2,0,2.2,0,1,1,0.975966882
0,0,0,2.4,0,1,0,0.975966882
0,0,0,2.4,0,1,0,0.975966882
0,0,0,2.4,0,1,0,0.975966882
0,0,0,1.2,0,1,1,0.975966882
0,0,0,1.2,0,1,1,0.975966882
0,0,0,1.2,0,1,1,0.975966882
0,0,0,2,0,1,1,0.975966882
0,0,0,2,0,1,1,0.975966882
0,0,0,1.2,0,1,0,0.975966882
0,0,0,2.2,0,1,0,0.975966882
0,0,0,2.2,0,1,1,0.975966882
0,0,0,2.2,0,1,1,0.975966882
0,0,0,2.2,0,1,1,0.975966882
0,0,0,2.2,0,1,1,0.975966882
0,0,0,1,2,1,0,1
0,0,0,1,2,1,0,1
0,0,0,1,2,1,0,1
0,0,0,1,2,1,0,1
0,0,0,2,2,1,0,1
0,0,0,2,2,1,0,1
0,0,0,2,2,1,0,1
0,0,0,2,2,1,0,1
0,0,0,2,2,1,0,1
0,0,0,2,2,1,0,1
0,0,0,2,2,1,0,1
0,0,0,3,2,1,0,1
0,0,0,3,2,1,0,1
0,0,0,3,2,1,0,1
0,0,0,3,2,1,0,1
0,0,0,1,2,1,0,1
0,0,0,1,2,1,0,1
0,0,0,1,2,1,1,1
0,0,0,1,2,1,1,1
0,0,0,1.2,2,1,0,1
0,0,0,1.2,2,1,0,1
0,0,0,2.2,2,1,0,1
0,0,0,2.2,2,1,0,1
0,0,0,5,2,1,0,1
0,0,0,5,2,1,0,1
0,0,0,5,2,1,0,1
0,0,0,5,2,1,0,1
0,0,0,5,2,1,0,1
0,0,0,5,2,1,0,1
0,0,0,5,2,1,0,1
0,0,0,5,2,1,0,1
0,0,0,5,2,1,0,1
0,0,0,5,2,1,0,1
0,0,0,5,2,1,0,1
0,0,0,5,2,1,0,1
0,0,0,5,2,1,0,1
0,0,0,5,2,1,0,1
0,0,0,5,2,1,0,1
0,0,0,5,2,1,0,1
0,0,0,5,2,1,0,1
0,0,0,5,2,1,0,1
0,0,0,5,2,1,0,1
0,0,0,5,2,1,0,1
0,0,0,5,2,1,0,1
0,0,0,2.2,2,1,0,1
0,0,0,2.2,2,1,0,1
0,0,0,2.2,2,1,0,1
0,0,0,2.2,2,1,0,1
0,0,0,2.2,2,1,0,1
0,0,0,2.2,2,1,0,1
0,0,0,2.2,2,1,0,1
0,0,0,2.2,2,1,1,1
0,0,0,3,2,1,1,1
0,0,0,2.2,2,1,1,1
0,0,0,3,2,1,1,1
0,0,0,2.2,2,1,1,1
0,0,0,3,2,1,1,1
0,0,0,2.2,2,1,1,1
0,0,0,3,2,1,1,1
0,0,0,3,2,1,1,1
0,0,0,2.2,2,1,0,1
0,0,0,2.2,2,1,0,1
0,0,0,2.2,2,1,0,1
0,0,0,2.2,2,1,0,1
0,0,0,2.2,2,1,0,1
0,0,0,2.2,2,1,0,1
0,0,0,2.2,2,1,0,1
0,0,0,2.2,2,1,1,1
0,0,0,2.2,2,1,1,1
0,0,0,2.2,2,1,1,1
0,0,0,2.2,2,1,0,1
0,0,0,2.2,2,1,0,1
0,0,0,2.2,2,1,0,1
0,0,0,2.2,2,1,0,1
0,0,0,2.2,2,1,0,1
0,0,0,2.2,2,1,0,1
0,0,0,2.2,2,1,0,1
0,0,0,6,2,1,1,1
0,0,1,1,2,1,0,1
0,0,1,2.2,2,1,1,1
0,0,1,2.2,2,1,1,1
0,0,1,5,2,1,0,1
0,0,1,2.2,2,1,0,1
0,1,2,5,2,1,1,1
0,0,2,1,2,1,0,1
0,0,2,1,2,1,0,1
0,0,2,2,2,1,0,1
0,0,2,2,2,1,0,1
0,0,2,2,2,1,1,1
0,0,2,2,2,1,1,1
0,0,2,1,2,1,0,1
0,0,2,1.2,2,1,0,1
0,0,2,2.2,2,1,1,1
0,0,2,2.2,2,1,1,1
0,0,2,3,2,1,1,1
0,0,2,2.2,2,1,0,1
0,2,5,5,2,1,0,1
0,0,4,2.2,2,1,1,1
0,0,5,3,2,1,0,1
0,2,8,2.2,2,1,0,1
0,2,8,5,2,1,1,1
0,0,8,2.2,2,1,1,1
0,0,8,2.2,2,1,1,1
0,0,8,2.2,2,1,0,1
0,0,0,1,0,1,1,1
0,0,0,1,0,1,1,1
0,0,0,1,0,1,1,1
0,0,0,1,0,1,1,1
