inspect1,inspect2,interval,x0
1,2,0.30226287,1
1,2,0.604700683,1
1,2,0.632459253,1
1,2,0.754436923,1
1,2,0.855775728,1
1,2,0.893880693,1
1,2,0.957456741,1
1,2,0.975311817,1
1,2,1.05458198,1
1,2,1.066709876,1
1,2,1.094666844,1
1,2,1.097091448,1
1,2,1.16962503,1
1,2,1.170077829,1
1,2,1.217215517,1
1,2,1.224512767,1
1,2,1.279536717,1
1,2,1.307965298,1
1,2,1.318183681,1
1,2,1.3272182,1
1,2,1.346159459,1
1,2,1.361659446,1
1,2,1.365889041,1
1,2,1.372256153,1
1,2,1.385445773,1
1,2,1.390925353,1
1,2,1.407922977,1
1,2,1.408640955,1
1,2,1.416705787,1
1,2,1.417957852,1
1,2,1.424176501,1
1,2,1.439576117,1
1,2,1.442266463,1
1,2,1.488153655,1
1,2,1.4986208,1
1,2,1.519237188,1
1,2,1.529129816,1
1,2,1.532347527,1
1,2,1.533269639,1
1,2,1.53493628,1
1,2,1.53557042,1
1,2,1.551256016,1
1,2,1.58587883,1
1,2,1.609749858,1
1,2,1.612982216,1
1,2,1.652504701,1
1,2,1.665563157,1
1,2,1.671150618,1
1,2,1.673105869,1
1,2,1.698841801,1
1,2,1.708114453,1
1,2,1.711315502,1
1,2,1.73221854,1
1,2,1.738686137,1
1,2,1.746910235,1
1,2,1.750879268,1
1,2,1.755558983,1
1,2,1.766033536,1
1,2,1.766172318,1
1,3,1.766656297,1
1,2,1.773338858,1
1,2,1.78068704,1
1,3,1.791570296,1
1,2,1.796921837,1
1,2,1.797281028,1
1,2,1.801166732,1
1,2,1.815674462,1
1,2,1.816064412,1
1,2,1.820974082,1
1,2,1.821663956,1
1,2,1.825900555,1
1,2,1.834179237,1
1,2,1.840787225,1
1,2,1.847598803,1
1,3,1.849244435,1
1,2,1.849511198,1
1,3,1.856953569,1
1,2,1.857583598,1
1,2,1.858522043,1
1,2,1.866332574,1
1,2,1.869397055,1
1,2,1.875082621,1
1,2,1.879287824,1
1,2,1.883434571,1
1,2,1.890686697,1
1,3,1.891050243,1
1,2,1.898219784,1
1,2,1.909359981,1
1,2,1.926572782,1
1,2,1.930813675,1
1,2,1.933466842,1
1,2,1.948144967,1
1,2,1.952357049,1
1,2,1.954916765,1
1,2,1.978304162,1
1,2,1.979012249,1
1,2,1.979789248,1
1,2,1.988565917,1
1,2,1.994487724,1
1,2,2.009057061,1
1,2,2.011628908,1
1,2,2.013990971,1
1,3,2.016964335,1
1,3,2.050219205,1
1,2,2.050295133,1
1,3,2.053167151,1
1,2,2.060772293,1
1,2,2.063848101,1
1,2,2.068124075,1
1,3,2.071379665,1
1,2,2.073962544,1
1,2,2.080124531,1
1,2,2.08766452,1
1,2,2.096303438,1
1,2,2.114878109,1
1,3,2.117209107,1
1,2,2.122329932,1
1,2,2.12801302,1
1,2,2.130641353,1
1,2,2.138382488,1
1,2,2.145057619,1
1,2,2.145156412,1
1,2,2.170634315,1
1,2,2.17282433,1
1,3,2.175393205,1
1,2,2.177163355,1
1,2,2.180348889,1
1,2,2.184836805,1
1,3,2.192479622,1
1,3,2.206165517,1
1,3,2.206483523,1
1,2,2.208878022,1
1,2,2.221155426,1
1,2,2.232621919,1
1,2,2.237979776,1
1,2,2.243331229,1
1,2,2.245305357,1
1,2,2.246105989,1
1,2,2.250110517,1
1,2,2.262914352,1
1,3,2.268366048,1
1,2,2.269519373,1
1,3,2.269674144,1
1,2,2.277752757,1
1,2,2.284283745,1
1,2,2.288081574,1
1,2,2.291814592,1
1,3,2.296857624,1
1,2,2.300121795,1
1,3,2.300476232,1
1,3,2.305992173,1
1,2,2.321785301,1
1,2,2.324236018,1
1,2,2.342271984,1
1,2,2.347762281,1
1,3,2.350269822,1
1,2,2.35123381,1
1,2,2.351925342,1
1,2,2.362025117,1
1,2,2.362297172,1
1,3,2.36328973,1
1,2,2.37630655,1
1,3,2.38006191,1
1,2,2.387970924,1
1,2,2.396078416,1
1,2,2.398482434,1
1,2,2.399457228,1
1,2,2.411546586,1
1,2,2.413287777,1
1,2,2.417855231,1
1,2,2.420148939,1
1,2,2.420356159,1
1,2,2.425248894,1
1,3,2.438036255,1
1,2,2.438572424,1
1,4,2.439222283,1
1,2,2.442897925,1
1,2,2.453123213,1
1,2,2.463089603,1
1,2,2.488212001,1
1,2,2.488892278,1
1,2,2.501112885,1
1,2,2.505767942,1
1,2,2.507965537,1
1,2,2.509864264,1
1,3,2.519337373,1
1,2,2.528826315,1
1,3,2.548420962,1
1,3,2.557348115,1
1,2,2.562907665,1
1,2,2.565195522,1
1,3,2.565575724,1
1,2,2.568788024,1
1,2,2.571117159,1
1,2,2.584599078,1
1,2,2.600926459,1
1,2,2.616797796,1
1,3,2.616987679,1
1,2,2.625149936,1
1,2,2.633429532,1
1,2,2.636634165,1
1,2,2.643235111,1
1,2,2.643448923,1
1,3,2.651495243,1
1,2,2.653130055,1
1,2,2.65441802,1
1,2,2.661035432,1
1,2,2.662249017,1
1,3,2.677709732,1
1,2,2.680828776,1
1,2,2.686544736,1
1,2,2.686772995,1
1,2,2.692297936,1
1,2,2.695258509,1
1,3,2.695458962,1
1,3,2.695709716,1
1,3,2.738098311,1
1,2,2.753984676,1
1,2,2.756339086,1
1,2,2.75812823,1
1,2,2.76317923,1
1,2,2.765697254,1
1,2,2.774899529,1
1,2,2.779663531,1
1,4,2.792706676,1
1,2,2.799336709,1
1,2,2.79964249,1
1,2,2.803633532,1
1,2,2.808473689,1
1,2,2.81368982,1
1,3,2.816730525,1
1,3,2.818116487,1
1,2,2.819103543,1
1,3,2.828213724,1
1,3,2.840460633,1
1,2,2.860927138,1
1,2,2.874583546,1
1,3,2.876573925,1
1,2,2.880975412,1
1,3,2.883524409,1
1,2,2.889016379,1
1,2,2.90473751,1
1,3,2.907796052,1
1,2,2.913463187,1
1,2,2.916601796,1
1,2,2.925921245,1
1,2,2.94166343,1
1,2,2.946796791,1
1,3,2.958187704,1
1,2,2.968058828,1
1,2,2.976697006,1
1,2,2.990590889,1
1,3,2.994641859,1
1,2,2.995143156,1
1,3,2.995967321,1
1,2,3.001347712,1
1,2,3.003140202,1
1,4,3.018365293,1
1,2,3.030317772,1
1,2,3.040986597,1
1,4,3.042699636,1
1,2,3.04576396,1
1,2,3.055717539,1
1,4,3.057450832,1
1,2,3.083371715,1
1,3,3.086927862,1
1,3,3.099992803,1
1,2,3.111289173,1
1,3,3.127749353,1
1,2,3.153695287,1
1,3,3.163128981,1
1,2,3.165385637,1
1,3,3.169038561,1
1,2,3.187971859,1
1,2,3.19105711,1
1,2,3.193016627,1
1,2,3.196768376,1
1,3,3.201719884,1
1,3,3.210901621,1
1,3,3.211767803,1
1,3,3.22615188,1
1,2,3.226888845,1
1,2,3.227905849,1
1,2,3.231171642,1
1,4,3.232628322,1
1,2,3.237417146,1
1,2,3.252599958,1
1,3,3.25716969,1
1,2,3.264607139,1
1,3,3.269500711,1
1,3,3.270625664,1
1,3,3.272621495,1
1,2,3.280368174,1
1,2,3.28373793,1
1,3,3.284745459,1
1,2,3.291038568,1
1,2,3.29113295,1
1,2,3.291983821,1
1,3,3.295145555,1
1,2,3.29593615,1
1,3,3.306524139,1
1,2,3.312827273,1
1,4,3.316979578,1
1,2,3.322168678,1
1,3,3.346145713,1
1,3,3.348560791,1
1,2,3.376052842,1
1,4,3.377420838,1
1,2,3.379048789,1
1,3,3.383826822,1
1,3,3.386933331,1
1,4,3.389697275,1
1,2,3.389733953,1
1,3,3.395536324,1
1,3,3.395944819,1
1,2,3.404057589,1
1,3,3.421786071,1
1,2,3.423830813,1
1,3,3.432363105,1
1,4,3.442792744,1
1,2,3.444762289,1
1,2,3.44781108,1
1,2,3.461761349,1
1,3,3.471794566,1
1,3,3.474137121,1
1,2,3.476532881,1
1,3,3.47738711,1
1,2,3.48276424,1
1,3,3.485143941,1
1,2,3.486344667,1
1,3,3.487939067,1
1,2,3.489615617,1
1,2,3.494813672,1
1,3,3.500227409,1
1,2,3.514283582,1
1,2,3.517273966,1
1,4,3.519295307,1
1,4,3.524941687,1
1,3,3.525116755,1
1,3,3.528128934,1
1,2,3.543176088,1
1,2,3.543491042,1
1,2,3.556742579,1
1,3,3.563758298,1
1,2,3.567247076,1
1,2,3.568981668,1
1,2,3.571099724,1
1,2,3.573207495,1
1,4,3.573286858,1
1,2,3.573420458,1
1,2,3.574571632,1
1,4,3.576111815,1
1,2,3.579424567,1
1,3,3.587255791,1
1,3,3.588424925,1
1,3,3.595699179,1
1,3,3.597124509,1
1,4,3.612360558,1
1,2,3.617274683,1
1,2,3.617973835,1
1,2,3.621967647,1
1,3,3.636708409,1
1,3,3.646710501,1
1,3,3.650504662,1
1,3,3.652728925,1
1,2,3.667848636,1
1,2,3.67559033,1
1,2,3.707942368,1
1,2,3.714621002,1
1,3,3.714630404,1
1,2,3.715580851,1
1,2,3.716053221,1
1,2,3.721295431,1
1,3,3.723377283,1
1,2,3.736134964,1
1,5,3.736393406,1
1,2,3.736905553,1
1,2,3.74447419,1
1,2,3.749422141,1
1,3,3.758403761,1
1,2,3.783894255,1
1,2,3.791688666,1
1,3,3.793020082,1
1,2,3.801066325,1
1,2,3.805399228,1
1,2,3.813805654,1
1,3,3.813921737,1
1,3,3.816154975,1
1,3,3.824146419,1
1,4,3.82753308,1
1,3,3.827744827,1
1,2,3.835466086,1
1,3,3.837836957,1
1,2,3.841323198,1
1,2,3.85516724,1
1,3,3.859370094,1
1,3,3.860935928,1
1,3,3.881241111,1
1,3,3.883760048,1
1,2,3.88396272,1
1,2,3.887698067,1
1,3,3.900126666,1
1,3,3.900585547,1
1,2,3.912753208,1
1,3,3.923217426,1
1,2,3.928523313,1
1,3,3.92864981,1
1,2,3.929234439,1
1,2,3.943311336,1
1,2,3.948053718,1
1,3,3.953477953,1
1,2,3.955606696,1
1,2,3.968141796,1
1,2,3.970611176,1
1,2,3.983825126,1
1,2,3.985831537,1
1,3,3.987555823,1
1,3,3.989020936,1
1,3,3.992613469,1
1,2,4.000577738,1
1,2,4.002782338,1
1,2,4.006554787,1
1,3,4.013039936,1
1,2,4.016222605,1
1,2,4.016990767,1
1,2,4.02815844,1
1,2,4.03497806,1
1,3,4.03607075,1
1,2,4.036613246,1
1,4,4.044462236,1
1,2,4.050062748,1
1,3,4.061887606,1
1,2,4.080627565,1
1,3,4.082532053,1
1,3,4.084100326,1
1,3,4.10822715,1
1,2,4.109194115,1
1,2,4.113539694,1
1,2,4.114128804,1
1,2,4.121608067,1
1,3,4.1242906,1
1,2,4.125051426,1
1,2,4.148513995,1
1,2,4.168211975,1
1,2,4.176904188,1
1,4,4.178661417,1
1,4,4.179506995,1
1,4,4.187149865,1
1,2,4.189816907,1
1,2,4.19184018,1
1,2,4.202482014,1
1,3,4.213517068,1
1,3,4.21592676,1
1,2,4.228142286,1
1,3,4.229286507,1
1,2,4.230703592,1
1,2,4.245649118,1
1,4,4.2544632,1
1,2,4.259883797,1
1,2,4.269058886,1
1,4,4.273429028,1
1,2,4.27437072,1
1,2,4.275223923,1
1,3,4.277792669,1
1,2,4.279472826,1
1,2,4.281364407,1
1,3,4.298173063,1
1,3,4.298349109,1
1,4,4.309799918,1
1,4,4.354712103,1
1,3,4.358137771,1
1,4,4.359629837,1
1,3,4.363553801,1
1,2,4.364142551,1
1,2,4.364326072,1
1,2,4.365229238,1
1,3,4.365475232,1
1,3,4.366740567,1
1,3,4.382306821,1
1,3,4.384207264,1
1,2,4.38475098,1
1,2,4.403604899,1
1,3,4.421765912,1
1,2,4.42350241,1
1,2,4.423795444,1
1,4,4.425334329,1
1,3,4.435295549,1
1,3,4.436798607,1
1,2,4.462679581,1
1,2,4.46412208,1
1,3,4.468975745,1
1,2,4.473877906,1
1,4,4.491970058,1
1,2,4.493795865,1
1,2,4.495858368,1
1,3,4.497077937,1
1,4,4.500997795,1
1,2,4.521356035,1
1,3,4.523236489,1
1,2,4.525470864,1
1,2,4.53158544,1
1,2,4.540149844,1
1,2,4.54871446,1
1,2,4.550725371,1
1,2,4.562492202,1
1,5,4.567178875,1
1,3,4.569370225,1
1,2,4.576847835,1
1,3,4.578990603,1
1,2,4.579779775,1
1,4,4.587346134,1
1,3,4.589667321,1
1,3,4.616831385,1
1,4,4.625274065,1
1,2,4.63729226,1
1,4,4.642793722,1
1,3,4.654769379,1
1,2,4.65673068,1
1,2,4.666215723,1
1,4,4.668572889,1
1,2,4.669624761,1
1,4,4.695525365,1
1,2,4.697053891,1
1,2,4.717718091,1
1,2,4.718829619,1
1,4,4.719558912,1
1,2,4.726679032,1
1,3,4.733030414,1
1,2,4.736213818,1
1,2,4.744646843,1
1,4,4.747160106,1
1,3,4.748388594,1
1,3,4.751191489,1
1,4,4.75188132,1
1,4,4.753876153,1
1,3,4.75697457,1
1,3,4.759559276,1
1,4,4.776466262,1
1,3,4.778581041,1
1,2,4.780915213,1
1,2,4.783339325,1
1,2,4.788875177,1
1,3,4.797752374,1
1,3,4.804221718,1
1,2,4.808816613,1
1,5,4.816054976,1
1,3,4.817729221,1
1,2,4.818550025,1
1,3,4.843835284,1
1,3,4.847213263,1
1,4,4.857630675,1
1,2,4.871175026,1
1,2,4.878374604,1
1,2,4.880926109,1
1,4,4.88243801,1
1,2,4.895119884,1
1,2,4.906700379,1
1,2,4.910887653,1
1,2,4.919316804,1
1,2,4.934414104,1
1,3,4.947850182,1
1,4,4.957742713,1
1,4,4.958135403,1
1,2,4.960244814,1
1,2,4.962071988,1
1,3,4.966600183,1
1,2,4.968084883,1
1,2,4.97750458,1
1,3,4.980112801,1
1,2,4.994148363,1
1,3,5.001839333,1
1,4,5.002666078,1
1,4,5.002721407,1
1,3,5.004128643,1
1,3,5.005417671,1
1,2,5.01476994,1
1,4,5.039010436,1
1,2,5.040684427,1
1,2,5.052358118,1
1,2,5.052888591,1
1,4,5.053641872,1
1,2,5.058095442,1
1,2,5.058572587,1
1,2,5.065483628,1
1,2,5.078361894,1
1,3,5.096505789,1
1,2,5.107696373,1
1,4,5.113615517,1
1,2,5.115010228,1
1,5,5.117883214,1
1,2,5.119097116,1
1,3,5.13114628,1
1,2,5.143801191,1
1,2,5.148957395,1
1,2,5.153739387,1
1,3,5.15651237,1
1,2,5.157088407,1
1,2,5.163799527,1
1,2,5.164834242,1
1,2,5.166771774,1
1,3,5.181451673,1
1,4,5.193982175,1
1,2,5.200727863,1
1,4,5.209613647,1
1,2,5.219639219,1
1,2,5.225222935,1
1,3,5.227433059,1
1,4,5.244488845,1
1,2,5.24774703,1
1,3,5.259891736,1
1,2,5.261821125,1
1,3,5.277109448,1
1,4,5.286482573,1
1,4,5.290528331,1
1,3,5.306020081,1
1,3,5.326372363,1
1,2,5.330940868,1
1,4,5.337984334,1
1,3,5.342538347,1
1,2,5.353936581,1
1,3,5.357791412,1
1,4,5.36327805,1
1,3,5.363402811,1
1,2,5.367325589,1
1,2,5.372132059,1
1,2,5.377820643,1
1,4,5.396753013,1
1,5,5.409696845,1
1,3,5.4310719,1
1,4,5.432986741,1
1,3,5.434403537,1
1,2,5.437225699,1
1,2,5.441114595,1
1,2,5.4427019,1
1,2,5.443392263,1
1,2,5.44715317,1
1,2,5.471087241,1
1,5,5.481509119,1
1,3,5.483475196,1
1,2,5.493553679,1
1,3,5.50195071,1
1,3,5.502608522,1
1,3,5.527235654,1
1,3,5.533295216,1
1,4,5.542551041,1
1,3,5.563679437,1
1,3,5.565783864,1
1,3,5.565799316,1
1,4,5.575909912,1
1,2,5.580342603,1
1,5,5.596538359,1
1,2,5.598555071,1
1,2,5.599534501,1
1,2,5.602121577,1
1,2,5.606621699,1
1,4,5.63667051,1
1,2,5.642459329,1
1,2,5.643373847,1
1,3,5.648719212,1
1,2,5.655600523,1
1,4,5.65602282,1
1,4,5.689201056,1
1,2,5.702053462,1
1,3,5.706349783,1
1,2,5.715193864,1
1,2,5.722272667,1
1,2,5.722912399,1
1,3,5.733570662,1
1,2,5.735750644,1
1,2,5.745871648,1
1,3,5.746850365,1
1,2,5.749967201,1
1,2,5.753144158,1
1,2,5.765227097,1
1,5,5.770165338,1
1,3,5.780079985,1
1,2,5.789620982,1
1,2,5.790833331,1
1,2,5.798206264,1
1,2,5.800984719,1
1,2,5.801963133,1
1,2,5.807497359,1
1,4,5.813219802,1
1,2,5.813937395,1
1,2,5.818212616,1
1,4,5.833306206,1
1,2,5.837192342,1
1,2,5.855484774,1
1,2,5.866628301,1
1,2,5.867973813,1
1,2,5.867988519,1
1,2,5.874379773,1
1,2,5.878355904,1
1,5,5.878617106,1
1,2,5.879565486,1
1,2,5.881425756,1
1,3,5.884493708,1
1,3,5.89456898,1
1,3,5.898152494,1
1,2,5.902265649,1
1,2,5.905336453,1
1,3,5.913630737,1
1,2,5.915792628,1
1,3,5.928928549,1
1,4,5.94900509,1
1,4,5.961419203,1
1,3,5.992420182,1
1,3,6.00363215,1
1,3,6.005258458,1
1,4,6.018865932,1
1,3,6.037912872,1
1,3,6.038414036,1
1,2,6.039277544,1
1,3,6.050919881,1
1,5,6.051456043,1
1,5,6.084577078,1
1,2,6.090098173,1
1,2,6.092050673,1
1,2,6.093718869,1
1,2,6.104865742,1
1,2,6.108718974,1
1,3,6.11229721,1
1,3,6.118489729,1
1,4,6.120373971,1
1,2,6.143737268,1
1,4,6.145479942,1
1,4,6.17702563,1
1,2,6.180554929,1
1,3,6.193011927,1
1,2,6.196641743,1
1,2,6.204887981,1
1,3,6.209827977,1
1,2,6.230067915,1
1,3,6.238086864,1
1,4,6.253621898,1
1,3,6.257316485,1
1,5,6.261819123,1
1,3,6.267567644,1
1,4,6.268253097,1
1,3,6.271929155,1
1,2,6.280277831,1
1,3,6.295005475,1
1,2,6.309990759,1
1,2,6.320127274,1
1,2,6.353140228,1
1,2,6.373399212,1
1,3,6.374125021,1
1,5,6.375465436,1
1,5,6.376169607,1
1,3,6.386966705,1
1,3,6.387652322,1
1,2,6.401818527,1
1,3,6.409025357,1
1,2,6.4239118,1
1,2,6.425462483,1
1,4,6.432264391,1
1,3,6.436868748,1
1,2,6.439026599,1
1,2,6.444374136,1
1,3,6.46051377,1
1,4,6.466457988,1
1,4,6.46739781,1
1,4,6.477702985,1
1,2,6.478620979,1
1,4,6.494160378,1
1,4,6.495526362,1
1,2,6.513898556,1
1,3,6.521254047,1
1,3,6.54192565,1
1,3,6.550729187,1
1,3,6.570679437,1
1,3,6.571063221,1
1,4,6.574042632,1
1,5,6.578677,1
1,3,6.581045274,1
1,3,6.583991252,1
1,3,6.601580908,1
1,2,6.607625146,1
1,2,6.616757364,1
1,3,6.617154323,1
1,2,6.625444079,1
1,2,6.628014821,1
1,2,6.633415534,1
1,2,6.641691858,1
1,4,6.64746296,1
1,2,6.647527307,1
1,3,6.655460147,1
1,2,6.663689136,1
1,3,6.666869249,1
1,2,6.699875781,1
1,3,6.70942657,1
1,5,6.720407778,1
1,2,6.723193068,1
1,5,6.726919238,1
1,3,6.734749254,1
1,3,6.740725459,1
1,2,6.757962857,1
1,3,6.761092545,1
1,3,6.774844949,1
1,3,6.777682729,1
1,3,6.7871506,1
1,3,6.788880403,1
1,4,6.789268958,1
1,2,6.800821848,1
1,3,6.852289248,1
1,4,6.865821016,1
1,2,6.867319053,1
1,2,6.887610654,1
1,4,6.895021975,1
1,2,6.901279676,1
1,2,6.906798332,1
1,3,6.912487974,1
1,4,6.912938904,1
1,3,6.919118057,1
1,2,6.926465621,1
1,3,6.929739745,1
1,2,6.937368594,1
1,2,6.937940478,1
1,2,6.93811177,1
1,2,6.946900917,1
1,5,6.960754621,1
1,4,6.962147576,1
1,3,6.962487304,1
1,4,6.978741263,1
1,3,6.997150507,1
1,3,6.997566527,1
1,2,7.003551475,1
1,3,7.010308448,1
1,2,7.015471636,1
1,3,7.029403222,1
1,3,7.029472653,1
1,5,7.031641845,1
1,5,7.039691156,1
1,4,7.043773922,1
1,2,7.074267746,1
1,2,7.076869513,1
1,3,7.097979994,1
1,3,7.099730586,1
1,3,7.105900518,1
1,5,7.118276613,1
1,3,7.12438297,1
1,2,7.150323096,1
1,2,7.150693054,1
1,4,7.153846863,1
1,2,7.163218193,1
1,3,7.164254459,1
1,4,7.164596545,1
1,2,7.166589113,1
1,3,7.188131796,1
1,2,7.189048693,1
1,2,7.190619617,1
1,2,7.198166269,1
1,2,7.198782568,1
1,2,7.204478072,1
1,3,7.216300296,1
1,4,7.21697007,1
1,3,7.243681897,1
1,3,7.247530021,1
1,2,7.249849232,1
1,2,7.25069221,1
1,3,7.262131747,1
1,4,7.292789611,1
1,4,7.294564129,1
1,3,7.29608221,1
1,2,7.301779707,1
1,3,7.310804262,1
1,3,7.341544187,1
1,4,7.3635988,1
1,3,7.390346444,1
1,2,7.392671554,1
1,2,7.416224597,1
1,4,7.426130179,1
1,2,7.430673039,1
1,4,7.432540687,1
1,3,7.441600102,1
1,3,7.449242913,1
1,5,7.462576853,1
1,3,7.465955535,1
1,3,7.509707763,1
1,5,7.509861437,1
1,3,7.51149913,1
1,3,7.515887214,1
1,4,7.516755081,1
1,2,7.538241162,1
1,2,7.538976685,1
1,2,7.539975657,1
1,2,7.545623905,1
1,4,7.548322893,1
1,4,7.562449291,1
1,4,7.567852911,1
1,3,7.570240977,1
1,3,7.595345611,1
1,4,7.59933292,1
1,2,7.600579496,1
1,2,7.609800027,1
1,4,7.613519266,1
1,3,7.624064457,1
1,4,7.625272659,1
1,2,7.630977191,1
1,2,7.635449488,1
1,4,7.647260565,1
1,2,7.652030752,1
1,3,7.65665292,1
1,2,7.668697679,1
1,3,7.679653774,1
1,4,7.693500481,1
1,3,7.719883115,1
1,2,7.729728727,1
1,2,7.73747361,1
1,2,7.755889452,1
1,5,7.761446418,1
1,4,7.788316971,1
1,4,7.802914187,1
1,2,7.807916153,1
1,4,7.823912745,1
1,5,7.82879834,1
1,3,7.834639781,1
1,3,7.836232384,1
1,3,7.8372528,1
1,3,7.842120415,1
1,2,7.864942135,1
1,4,7.865440574,1
1,3,7.870663179,1
1,4,7.876523728,1
1,5,7.883689209,1
1,5,7.889931305,1
1,4,7.901429477,1
1,2,7.909126613,1
1,2,7.912657733,1
1,2,7.916584331,1
1,2,7.924137759,1
1,2,7.92795254,1
1,5,7.937454584,1
1,2,7.940695706,1
1,3,7.945343863,1
1,2,7.960215582,1
1,3,7.96353311,1
1,4,7.980572046,1
1,2,7.988029719,1
1,3,7.997356561,1
1,2,7.997609384,1
1,3,8.004494777,1
1,2,8.016517361,1
1,2,8.022201992,1
1,2,8.023675577,1
1,2,8.023752067,1
1,2,8.030467955,1
1,2,8.034153062,1
1,3,8.05461333,1
1,4,8.060205973,1
1,5,8.060902846,1
1,5,8.061290352,1
1,3,8.094741509,1
1,3,8.098661686,1
1,2,8.140895253,1
1,5,8.147984194,1
1,3,8.178118136,1
1,2,8.185270414,1
1,2,8.190587444,1
1,4,8.198456872,1
1,3,8.199633475,1
1,2,8.226352866,1
1,2,8.228565243,1
1,4,8.229925482,1
1,4,8.232841452,1
1,2,8.239053203,1
1,5,8.240808265,1
1,3,8.243236459,1
1,5,8.24823985,1
1,2,8.26618412,1
1,5,8.280275039,1
1,3,8.29034206,1
1,2,8.316510382,1
1,2,8.328974094,1
1,2,8.376626033,1
1,2,8.39323489,1
1,4,8.394128113,1
1,2,8.403102289,1
1,3,8.413731082,1
1,4,8.429612952,1
1,2,8.431126195,1
1,2,8.45165233,1
1,4,8.469063093,1
1,2,8.471653557,1
1,3,8.481359374,1
1,4,8.48618227,1
1,2,8.487801034,1
1,5,8.491266708,1
1,3,8.496398882,1
1,3,8.499858235,1
1,3,8.509386024,1
1,3,8.511635117,1
1,3,8.513619814,1
1,2,8.527583464,1
1,3,8.555098668,1
1,4,8.559363006,1
1,3,8.56352788,1
1,4,8.573726089,1
1,2,8.591137839,1
1,2,8.60533348,1
1,2,8.61239987,1
1,4,8.615917001,1
1,2,8.617641728,1
1,2,8.620622973,1
1,2,8.624787874,1
1,2,8.648086161,1
1,2,8.653882014,1
1,3,8.666865785,1
1,3,8.671270609,1
1,2,8.671773586,1
1,4,8.672163535,1
1,2,8.684192942,1
1,2,8.699377061,1
1,4,8.70263424,1
1,2,8.706225167,1
1,4,8.711158532,1
1,2,8.712369801,1
1,4,8.751752797,1
1,2,8.75282033,1
1,5,8.79232129,1
1,4,8.812725924,1
1,4,8.819100227,1
1,3,8.854517079,1
1,2,8.868028603,1
1,2,8.880464314,1
1,4,8.881788725,1
1,4,8.889597328,1
1,3,8.892708818,1
1,5,8.90008825,1
1,3,8.948822756,1
1,3,8.954847433,1
1,3,8.955458365,1
1,5,8.973841742,1
1,2,8.976966971,1
1,3,9.010947752,1
1,3,9.03107532,1
1,3,9.037861735,1
1,3,9.065972098,1
1,4,9.083771303,1
1,4,9.08619273,1
1,2,9.097089236,1
1,3,9.099818368,1
1,3,9.113712583,1
1,4,9.12550413,1
1,2,9.138269807,1
1,4,9.146522093,1
1,3,9.153016186,1
1,3,9.154328598,1
1,3,9.172879546,1
1,3,9.175257291,1
1,5,9.180925169,1
1,2,9.200737726,1
1,2,9.204297986,1
1,2,9.229460598,1
1,2,9.241073258,1
1,3,9.26013923,1
1,3,9.281759249,1
1,4,9.297364573,1
1,3,9.300723143,1
1,4,9.303879428,1
1,4,9.306850523,1
1,4,9.307836659,1
1,3,9.323345377,1
1,3,9.351047817,1
1,2,9.351192608,1
1,2,9.362682477,1
1,5,9.37441649,1
1,3,9.387756628,1
1,2,9.40198162,1
1,4,9.406458563,1
1,3,9.431507683,1
1,3,9.443679021,1
1,4,9.45128238,1
1,4,9.452501101,1
1,3,9.454084599,1
1,3,9.463799489,1
1,4,9.476675086,1
1,2,9.517489675,1
1,3,9.521237806,1
1,3,9.529804384,1
1,4,9.530087418,1
1,3,9.575545755,1
1,4,9.601022858,1
1,3,9.606079638,1
1,2,9.629594922,1
1,3,9.631517463,1
1,3,9.665764528,1
1,2,9.719867979,1
1,5,9.722950147,1
1,3,9.737259104,1
1,3,9.737968989,1
1,5,9.751654317,1
1,3,9.758887756,1
1,2,9.774552386,1
1,2,9.797167785,1
1,4,9.810841685,1
1,3,9.822516126,1
1,5,9.830356838,1
1,2,9.868483295,1
1,5,9.877485556,1
1,3,9.884085921,1
1,4,9.896489162,1
1,4,9.903163234,1
1,3,9.90597048,1
1,3,9.907830825,1
1,5,9.909965102,1
1,4,9.918432738,1
1,3,9.925868276,1
1,4,9.969064409,1
1,3,9.97005731,1
1,4,9.970748578,1
1,5,9.983389971,1
1,4,9.985853456,1
1,3,9.988884398,1
1,3,9.999148036,1
1,2,10.00469245,1
1,3,10.01207638,1
1,2,10.06539564,1
1,2,10.08524376,1
1,4,10.11332504,1
1,2,10.14178518,1
1,4,10.15194245,1
1,2,10.15388091,1
1,3,10.17292415,1
1,4,10.18674903,1
1,5,10.21280257,1
1,4,10.21478821,1
1,3,10.22631861,1
1,2,10.26026796,1
1,3,10.26695017,1
1,2,10.27590673,1
1,3,10.28120924,1
1,4,10.29455654,1
1,2,10.29842983,1
1,5,10.30106427,1
1,5,10.31287539,1
1,3,10.31520838,1
1,5,10.32594266,1
1,4,10.32966508,1
1,2,10.33029044,1
1,3,10.35424952,1
1,2,10.36213174,1
1,2,10.36659901,1
1,2,10.39962683,1
1,3,10.40435798,1
1,2,10.40485272,1
1,3,10.41262292,1
1,3,10.41270153,1
1,2,10.421165,1
1,3,10.4248065,1
1,3,10.42867013,1
1,2,10.43210512,1
1,2,10.44006402,1
1,4,10.45501855,1
1,2,10.48163145,1
1,3,10.48245461,1
1,3,10.49017659,1
1,5,10.49350972,1
1,3,10.49452415,1
1,5,10.53509966,1
1,3,10.61756255,1
1,4,10.64873635,1
1,3,10.65158039,1
1,4,10.67383735,1
1,3,10.69386996,1
1,5,10.69663173,1
1,5,10.72105258,1
1,4,10.73241998,1
1,4,10.73767588,1
1,4,10.73893836,1
1,4,10.75813851,1
1,5,10.7843494,1
1,2,10.78747464,1
1,3,10.81096954,1
1,3,10.82234305,1
1,2,10.82767456,1
1,3,10.82974218,1
1,2,10.84858435,1
1,4,10.86916642,1
1,4,10.87155326,1
1,3,10.87444304,1
1,2,10.89466549,1
1,3,10.89721007,1
1,2,10.90095059,1
1,3,10.90218754,1
1,2,10.91969811,1
1,3,10.93251535,1
1,3,10.97872527,1
1,2,10.98071587,1
1,2,10.98493081,1
1,2,10.98506856,1
1,4,10.98858185,1
1,2,11.02197624,1
1,3,11.0426931,1
1,4,11.04422877,1
1,3,11.08025092,1
1,5,11.09763974,1
1,2,11.1251292,1
1,4,11.13411711,1
1,3,11.15388515,1
1,2,11.16622523,1
1,3,11.17157764,1
1,3,11.20887153,1
1,3,11.21223935,1
1,2,11.2255784,1
1,2,11.24618663,1
1,4,11.2943981,1
1,3,11.31235276,1
1,3,11.31882527,1
1,2,11.33616005,1
1,5,11.33902453,1
1,5,11.34109093,1
1,5,11.34231785,1
1,4,11.35967336,1
1,3,11.35973237,1
1,2,11.36622053,1
1,2,11.36776113,1
1,4,11.41974864,1
1,2,11.43574222,1
1,2,11.43912848,1
1,4,11.43943937,1
1,5,11.44880143,1
1,3,11.45847031,1
1,5,11.4662951,1
1,3,11.48850437,1
1,4,11.50647507,1
1,5,11.50763855,1
1,3,11.51719924,1
1,3,11.5298595,1
1,4,11.56163876,1
1,2,11.56457695,1
1,4,11.57479601,1
1,2,11.58402537,1
1,4,11.58863932,1
1,2,11.59708991,1
1,4,11.59758627,1
1,3,11.62237083,1
1,2,11.6318754,1
1,3,11.65202668,1
1,3,11.6600709,1
1,4,11.66401232,1
1,4,11.67984356,1
1,2,11.68304354,1
1,4,11.72395827,1
1,4,11.74219053,1
1,2,11.77260148,1
1,2,11.77859469,1
1,5,11.8006249,1
1,3,11.81035432,1
1,2,11.82331164,1
1,2,11.82365515,1
1,2,11.85329039,1
1,4,11.87417637,1
1,3,11.9143158,1
1,2,11.91998788,1
1,3,11.92494127,1
1,2,11.94817778,1
1,3,11.95017984,1
1,5,11.95590413,1
1,4,11.95633276,1
1,3,11.95692083,1
1,2,11.96482067,1
1,3,11.99987043,1
1,4,12.04005024,1
1,4,12.04574125,1
1,4,12.07243406,1
1,2,12.07568451,1
1,4,12.08438526,1
1,3,12.1189012,1
1,5,12.13525062,1
1,3,12.1444712,1
1,3,12.23550106,1
1,2,12.23917569,1
1,3,12.23998351,1
1,2,12.24903858,1
1,3,12.27536719,1
1,5,12.27564241,1
1,2,12.2799939,1
1,3,12.30034465,1
1,3,12.31003498,1
1,2,12.31387884,1
1,2,12.31939822,1
1,3,12.32887629,1
1,3,12.33856249,1
1,4,12.34651903,1
1,3,12.38504772,1
1,2,12.39503005,1
1,5,12.39820041,1
1,5,12.40840689,1
1,5,12.41229881,1
1,2,12.41560668,1
1,3,12.41675213,1
1,4,12.42952442,1
1,3,12.43662334,1
1,4,12.43826913,1
1,4,12.44654994,1
1,3,12.46818692,1
1,3,12.47224398,1
1,2,12.49186178,1
1,3,12.50546476,1
1,4,12.51101752,1
1,4,12.51735061,1
1,2,12.52046163,1
1,2,12.56660396,1
1,3,12.58008276,1
1,3,12.58160877,1
1,4,12.59264441,1
1,4,12.59327773,1
1,3,12.60254827,1
1,4,12.64072239,1
1,3,12.64532168,1
1,2,12.64955859,1
1,3,12.66441721,1
1,3,12.66468861,1
1,5,12.67487719,1
1,3,12.68698813,1
1,4,12.68875048,1
1,4,12.69614949,1
1,4,12.69789425,1
1,4,12.7000855,1
1,4,12.72447799,1
1,4,12.72663484,1
1,3,12.73782415,1
1,4,12.73860277,1
1,2,12.7444354,1
1,3,12.79230148,1
1,5,12.80395329,1
1,3,12.81464327,1
1,3,12.82338772,1
1,2,12.82696874,1
1,4,12.86340855,1
1,3,12.87489297,1
1,5,12.88809855,1
1,4,12.92161544,1
1,2,12.92172115,1
1,2,12.92602894,1
1,2,12.94834553,1
1,5,12.98378628,1
1,2,12.98863256,1
1,3,12.99683418,1
1,4,13.03963096,1
1,3,13.04485219,1
1,3,13.10107452,1
1,2,13.10173655,1
1,2,13.11126799,1
1,3,13.11539096,1
1,3,13.14601743,1
1,3,13.14757497,1
1,3,13.15387683,1
1,3,13.23441206,1
1,3,13.25566853,1
1,2,13.28442089,1
1,2,13.28911447,1
1,4,13.34454126,1
1,5,13.34674604,1
1,3,13.36108582,1
1,4,13.41683795,1
1,2,13.41815442,1
1,4,13.45352009,1
1,2,13.4805467,1
1,4,13.49082505,1
1,2,13.49714257,1
1,2,13.50845193,1
1,4,13.50963725,1
1,2,13.51326603,1
1,3,13.51405872,1
1,3,13.52570378,1
1,2,13.53505069,1
1,2,13.54926684,1
1,3,13.56686298,1
1,4,13.58112872,1
1,3,13.59724591,1
1,4,13.62075896,1
1,4,13.66291691,1
1,3,13.66709786,1
1,2,13.71034233,1
1,2,13.71287165,1
1,4,13.74603372,1
1,4,13.75023435,1
1,2,13.76160273,1
1,3,13.80996842,1
1,3,13.84643937,1
1,2,13.86120671,1
1,2,13.86215938,1
1,4,13.89336386,1
1,3,13.90576446,1
1,3,13.91955646,1
1,4,13.92797739,1
1,3,13.92867352,1
1,5,13.9557581,1
1,3,13.97407994,1
1,2,13.99915939,1
1,2,14.03013395,1
1,5,14.05791446,1
1,4,14.06355737,1
1,3,14.06594288,1
1,5,14.10839227,1
1,2,14.12607409,1
1,3,14.14630186,1
1,2,14.15697778,1
1,4,14.25656647,1
1,4,14.26059133,1
1,4,14.27379553,1
1,2,14.28151433,1
1,2,14.29298618,1
1,3,14.29918996,1
1,2,14.30250494,1
1,5,14.3068918,1
1,2,14.32331373,1
1,4,14.34322906,1
1,2,14.39933291,1
1,3,14.43283164,1
1,4,14.44628996,1
1,4,14.4875371,1
1,4,14.49948718,1
1,3,14.50561505,1
1,4,14.51002091,1
1,3,14.51335868,1
1,3,14.6149201,1
1,2,14.62973415,1
1,3,14.66416657,1
1,5,14.66641339,1
1,4,14.67333526,1
1,3,14.69307997,1
1,5,14.69888816,1
1,4,14.70966977,1
1,2,14.72097831,1
1,4,14.72471356,1
1,4,14.72976644,1
1,4,14.73537151,1
1,5,14.74901477,1
1,3,14.75428788,1
1,4,14.78000445,1
1,3,14.801936,1
1,2,14.80468189,1
1,4,14.80549723,1
1,4,14.87074308,1
1,4,14.89736342,1
1,2,14.90031336,1
1,2,14.90396378,1
1,3,14.94806216,1
1,2,14.9707447,1
1,2,15.01307207,1
1,2,15.02804415,1
1,5,15.03065776,1
1,5,15.08536842,1
1,5,15.08830568,1
1,4,15.09466634,1
1,4,15.09722657,1
1,2,15.10020438,1
1,3,15.1065522,1
1,2,15.14346313,1
1,2,15.22927971,1
1,3,15.27807496,1
1,2,15.27826698,1
1,2,15.30759935,1
1,4,15.31261054,1
1,3,15.34360263,1
1,4,15.34416012,1
1,5,15.36263796,1
1,4,15.44268801,1
1,3,15.44693281,1
1,3,15.48686571,1
1,3,15.48844149,1
1,3,15.51031926,1
1,3,15.53443693,1
1,2,15.56139063,1
1,3,15.58439226,1
1,4,15.6228955,1
1,3,15.65673729,1
1,5,15.66808287,1
1,5,15.67426271,1
1,4,15.67685857,1
1,4,15.75006892,1
1,5,15.76105694,1
1,4,15.8084162,1
1,4,15.81825347,1
1,4,15.87089274,1
1,4,15.88182468,1
1,3,15.89581404,1
1,3,15.90901378,1
1,2,15.92068713,1
1,2,15.92417938,1
1,2,15.95650677,1
1,5,15.96008908,1
1,2,15.97744353,1
1,4,16.03335678,1
1,2,16.05585574,1
1,4,16.10242863,1
1,3,16.11703511,1
1,3,16.12261632,1
1,4,16.1449552,1
1,3,16.17900971,1
1,2,16.18681695,1
1,4,16.19925497,1
1,2,16.21801929,1
1,2,16.22485527,1
1,2,16.23392054,1
1,2,16.27659367,1
1,4,16.33075055,1
1,5,16.35549018,1
1,5,16.3558541,1
1,5,16.36901494,1
1,3,16.40907031,1
1,4,16.41211596,1
1,5,16.42275689,1
1,4,16.42766881,1
1,3,16.43236423,1
1,2,16.4395704,1
1,2,16.47206484,1
1,4,16.48777672,1
1,3,16.49605932,1
1,3,16.50609959,1
1,3,16.59808199,1
1,3,16.60163511,1
1,4,16.60921293,1
1,2,16.61232649,1
1,5,16.62004229,1
1,3,16.62268809,1
1,3,16.6403774,1
1,3,16.66643678,1
1,5,16.66694546,1
1,3,16.67482221,1
1,3,16.68306896,1
1,4,16.74967331,1
1,4,16.75094131,1
1,2,16.78704231,1
1,3,16.79305875,1
1,2,16.79472425,1
1,5,16.80248261,1
1,4,16.80478251,1
1,4,16.81716597,1
1,4,16.8218968,1
1,2,16.86820828,1
1,2,16.93223129,1
1,2,16.93866648,1
1,2,16.94371882,1
1,2,16.9450958,1
1,3,16.98251311,1
1,3,17.02629723,1
1,5,17.03797795,1
1,2,17.03870657,1
1,4,17.05751634,1
1,3,17.08066879,1
1,4,17.08284267,1
1,5,17.09890853,1
1,3,17.11662277,1
1,3,17.1323484,1
1,3,17.17644131,1
1,2,17.1798067,1
1,3,17.18607006,1
1,3,17.20634187,1
1,2,17.20688413,1
1,2,17.25199483,1
1,2,17.26533137,1
1,5,17.3047756,1
1,4,17.32938993,1
1,3,17.35639074,1
1,4,17.36383561,1
1,5,17.37535208,1
1,3,17.41781156,1
1,3,17.46579726,1
1,4,17.48356202,1
1,5,17.50502826,1
1,4,17.5051797,1
1,5,17.51060237,1
1,4,17.56842383,1
1,2,17.61275583,1
1,2,17.62309493,1
1,5,17.71668569,1
1,2,17.72898591,1
1,4,17.7446787,1
1,4,17.75651359,1
1,3,17.78689156,1
1,4,17.83539935,1
1,5,17.87107664,1
1,2,17.87708706,1
1,3,17.91943034,1
1,2,17.92188776,1
1,3,17.92371805,1
1,4,17.92732696,1
1,4,17.9633498,1
1,4,17.97086396,1
1,2,17.99198924,1
1,3,17.99859888,1
1,3,18.01566223,1
1,4,18.02777184,1
1,4,18.06347778,1
1,2,18.0980444,1
1,5,18.14043308,1
1,4,18.16743631,1
1,4,18.18883488,1
1,3,18.24347132,1
1,2,18.251287,1
1,2,18.26904394,1
1,2,18.32783742,1
1,4,18.35124051,1
1,4,18.36388641,1
1,3,18.43210844,1
1,2,18.43403113,1
1,3,18.43805364,1
1,3,18.45677601,1
1,4,18.46501973,1
1,5,18.46865033,1
1,4,18.50327611,1
1,4,18.53046249,1
1,3,18.55777028,1
1,4,18.56537507,1
1,2,18.58201871,1
1,5,18.64577645,1
1,5,18.65186571,1
1,3,18.65822796,1
1,2,18.66196987,1
1,5,18.6636052,1
1,3,18.67527926,1
1,4,18.72520424,1
1,2,18.74135888,1
1,3,18.80519003,1
1,2,18.8210026,1
1,4,18.88824761,1
1,4,18.94371418,1
1,4,18.99930309,1
1,3,19.01243579,1
1,2,19.03403172,1
1,4,19.05574573,1
1,2,19.07708863,1
1,4,19.11208469,1
1,4,19.15391432,1
1,3,19.16051059,1
1,2,19.16782937,1
1,2,19.18393727,1
1,3,19.19746403,1
1,3,19.20323934,1
1,4,19.22247686,1
1,2,19.22613715,1
1,5,19.24779925,1
1,5,19.25912089,1
1,3,19.36557808,1
1,2,19.39970319,1
1,2,19.40742705,1
1,4,19.42940133,1
1,5,19.45290614,1
1,4,19.45582677,1
1,3,19.48548018,1
1,3,19.49833122,1
1,3,19.59156043,1
1,4,19.68644557,1
1,3,19.75468193,1
1,3,19.75977141,1
1,2,19.76071594,1
1,4,19.79362539,1
1,3,19.80376832,1
1,3,19.81800999,1
1,4,19.83811529,1
1,2,19.86120229,1
1,2,19.89201145,1
1,4,19.89358368,1
1,5,19.9513636,1
1,4,19.95723748,1
1,5,19.97171591,1
1,3,19.9847955,1
1,5,20.0397431,1
1,3,20.08827322,1
1,3,20.11001307,1
1,4,20.1155014,1
1,4,20.14729643,1
1,3,20.16998217,1
1,3,20.1743759,1
1,5,20.17711803,1
1,3,20.18447022,1
1,3,20.21366321,1
1,2,20.26740656,1
1,2,20.27354904,1
1,3,20.33529441,1
1,3,20.34412579,1
1,3,20.41651281,1
1,5,20.43675111,1
1,4,20.44357983,1
1,5,20.46829959,1
1,4,20.47052234,1
1,2,20.48800154,1
1,5,20.49419351,1
1,5,20.50379227,1
1,3,20.51291625,1
1,4,20.52229729,1
1,4,20.54103624,1
1,3,20.54277485,1
1,2,20.61998864,1
1,3,20.64764767,1
1,3,20.66757747,1
1,2,20.72926878,1
1,5,20.73953371,1
1,2,20.78251082,1
1,4,20.80100274,1
1,5,20.84253491,1
1,5,20.8556639,1
1,3,20.90056285,1
1,4,20.94519031,1
1,2,20.95192104,1
1,3,20.97015191,1
1,2,20.9931259,1
1,2,21.00298545,1
1,3,21.02226391,1
1,2,21.0249018,1
1,4,21.04329721,1
1,3,21.05312755,1
1,3,21.05714145,1
1,5,21.08027741,1
1,4,21.09815438,1
1,3,21.10146284,1
1,2,21.12302049,1
1,5,21.17366228,1
1,2,21.19148965,1
1,5,21.21264332,1
1,4,21.22396232,1
1,5,21.22740672,1
1,5,21.25656771,1
1,5,21.297163,1
1,5,21.31236056,1
1,4,21.31478894,1
1,4,21.31916642,1
1,2,21.32593527,1
1,5,21.33520662,1
1,4,21.33783311,1
1,4,21.34060281,1
1,3,21.36687047,1
1,3,21.42394627,1
1,5,21.43785854,1
1,3,21.44204188,1
1,2,21.49386508,1
1,4,21.56417654,1
1,5,21.59316124,1
1,2,21.70828887,1
1,4,21.70923191,1
1,3,21.74179504,1
1,4,21.75392427,1
1,5,21.76099706,1
1,2,21.76821912,1
1,3,21.81037199,1
1,4,21.81561761,1
1,4,21.83806421,1
1,5,21.8655626,1
1,4,21.99644812,1
1,2,22.04123316,1
1,4,22.05281645,1
1,5,22.10431879,1
1,2,22.1198915,1
1,3,22.18740982,1
1,5,22.18846308,1
1,4,22.22015983,1
1,3,22.23903432,1
1,4,22.24982719,1
1,4,22.2762344,1
1,5,22.27653828,1
1,3,22.3218605,1
1,2,22.33116567,1
1,5,22.37847798,1
1,4,22.42303659,1
1,4,22.42435857,1
1,2,22.44437639,1
1,3,22.51628471,1
1,2,22.54160923,1
1,4,22.54767388,1
1,3,22.56845217,1
1,5,22.64189934,1
1,2,22.72237224,1
1,3,22.89574162,1
1,3,22.90276731,1
1,4,22.90509582,1
1,4,22.93071095,1
1,4,22.94482444,1
1,5,22.99320853,1
1,4,22.99746047,1
1,5,23.005182,1
1,2,23.09445256,1
1,5,23.16894291,1
1,4,23.18351088,1
1,5,23.19713248,1
1,5,23.25174759,1
1,2,23.25986266,1
1,3,23.30785864,1
1,4,23.31816098,1
1,3,23.34820859,1
1,5,23.42222083,1
1,5,23.42891428,1
1,4,23.43381155,1
1,3,23.4539978,1
1,2,23.46167288,1
1,4,23.48041879,1
1,2,23.49762176,1
1,4,23.50548975,1
1,3,23.57102795,1
1,3,23.65464668,1
1,4,23.70865825,1
1,5,23.73603584,1
1,3,23.83478251,1
1,5,23.9091059,1
1,3,23.93048704,1
1,2,23.95964907,1
1,3,23.97817942,1
1,4,24.0337806,1
1,3,24.06315938,1
1,2,24.08243918,1
1,4,24.1427307,1
1,2,24.17189895,1
1,3,24.18464492,1
1,5,24.20128881,1
1,3,24.20295264,1
1,4,24.20752994,1
1,3,24.20774318,1
1,3,24.23436995,1
1,3,24.27605549,1
1,2,24.34187978,1
1,2,24.40802227,1
1,3,24.42491964,1
1,3,24.43803294,1
1,4,24.4393557,1
1,2,24.44499728,1
1,2,24.45446232,1
1,5,24.46414031,1
1,4,24.5118584,1
1,4,24.51453469,1
1,4,24.51817164,1
1,2,24.5297854,1
1,3,24.54557481,1
1,3,24.59492721,1
1,5,24.59613482,1
1,2,24.60957042,1
1,3,24.67255113,1
1,5,24.67875962,1
1,5,24.69478618,1
1,5,24.71928434,1
1,2,24.72250805,1
1,4,24.73463332,1
1,3,24.79489857,1
1,3,24.80138278,1
1,5,24.80901807,1
1,4,24.80923542,1
1,3,24.83683221,1
1,2,24.88910211,1
1,4,24.91027691,1
1,2,24.93154859,1
1,5,24.93288089,1
1,3,24.95331591,1
1,3,24.96003469,1
1,4,24.96123257,1
1,5,25.06971109,1
1,2,25.07903815,1
1,2,25.0868805,1
1,2,25.10397202,1
1,3,25.14197896,1
1,4,25.15093276,1
1,2,25.16768606,1
1,5,25.21601265,1
1,5,25.21934673,1
1,3,25.31567325,1
1,4,25.33591346,1
1,4,25.35122043,1
1,3,25.39599325,1
1,2,25.44090387,1
1,2,25.46260944,1
1,2,25.47802517,1
1,2,25.54670352,1
1,3,25.55010441,1
1,4,25.57057405,1
1,2,25.62427547,1
1,4,25.73779315,1
1,2,25.76767666,1
1,3,25.80588162,1
1,3,25.853708,1
1,4,25.86657778,1
1,3,25.89125269,1
1,2,25.94800746,1
1,2,25.9865039,1
1,2,25.99145609,1
1,3,25.99894382,1
1,4,26.01363767,1
1,4,26.04291517,1
1,4,26.07398498,1
1,5,26.09939137,1
1,3,26.1137344,1
1,5,26.11555315,1
1,2,26.13500594,1
1,4,26.14388822,1
1,4,26.18388648,1
1,3,26.25136896,1
1,3,26.29140876,1
1,5,26.35905855,1
1,2,26.46826732,1
1,5,26.52109211,1
1,5,26.53388857,1
1,3,26.59345769,1
1,2,26.69474729,1
1,3,26.7019374,1
1,3,26.71364267,1
1,3,26.7306114,1
1,2,26.73083823,1
1,3,26.74813667,1
1,4,26.77455317,1
1,5,26.79260518,1
1,3,26.85967285,1
1,5,26.92700452,1
1,4,27.0010027,1
1,5,27.00594913,1
1,5,27.00834333,1
1,3,27.0389523,1
1,2,27.08189009,1
1,2,27.15198682,1
1,4,27.1978332,1
1,2,27.20286035,1
1,4,27.24786542,1
1,3,27.31586032,1
1,5,27.31826541,1
1,3,27.3761643,1
1,4,27.39960475,1
1,3,27.42721893,1
1,3,27.42748726,1
1,5,27.49457344,1
1,5,27.60864367,1
1,2,27.63101261,1
1,4,27.63912883,1
1,3,27.65268433,1
1,3,27.69455253,1
1,3,27.73351839,1
1,3,27.77479143,1
1,4,27.82538489,1
1,5,27.82747562,1
1,5,28.00968411,1
1,5,28.07881758,1
1,4,28.09962942,1
1,3,28.18036605,1
1,2,28.18505842,1
1,2,28.26902307,1
1,4,28.27459535,1
1,4,28.34941979,1
1,3,28.37308259,1
1,3,28.3744272,1
1,5,28.46156671,1
1,4,28.48992042,1
1,5,28.52505781,1
1,5,28.56213664,1
1,5,28.59431579,1
1,4,28.59519492,1
1,2,28.60426091,1
1,2,28.6399028,1
1,2,28.66783627,1
1,4,28.66870472,1
1,2,28.71073946,1
1,4,28.77342119,1
1,4,28.80696709,1
1,3,28.85534743,1
1,2,28.9445452,1
1,4,28.94521895,1
1,2,28.96735087,1
1,2,28.9931136,1
1,3,29.06708585,1
1,3,29.13254628,1
1,5,29.13757819,1
1,4,29.16004772,1
1,2,29.18569885,1
1,5,29.2487696,1
1,4,29.30083135,1
1,5,29.31418836,1
1,2,29.34762264,1
1,5,29.35578215,1
1,4,29.39391577,1
1,3,29.53376267,1
1,4,29.56555265,1
1,3,29.60351174,1
1,5,29.67617843,1
1,2,29.70869848,1
1,5,29.79707847,1
1,4,29.81314412,1
1,3,29.85358763,1
1,4,29.89232322,1
1,5,29.89713213,1
1,4,29.94435051,1
1,3,29.94971246,1
1,2,30.00219303,1
1,5,30.01584911,1
1,4,30.02854114,1
1,4,30.10361583,1
1,3,30.16759749,1
1,3,30.21507184,1
1,4,30.27051094,1
1,2,30.30052803,1
1,4,30.35831134,1
1,2,30.37471912,1
1,4,30.40318582,1
1,4,30.42923665,1
1,3,30.48681607,1
1,2,30.52105195,1
1,5,30.54057192,1
1,4,30.54203814,1
1,3,30.63902331,1
1,3,30.67401415,1
1,4,30.70410519,1
1,4,30.70506017,1
1,2,30.76453187,1
1,2,30.77242748,1
1,5,30.79419759,1
1,2,30.86303061,1
1,4,30.89730662,1
1,4,30.95136427,1
1,3,31.00428781,1
1,3,31.03689866,1
1,5,31.0450195,1
1,5,31.04658196,1
1,4,31.05310958,1
1,2,31.05369571,1
1,4,31.17872791,1
1,4,31.19353,1
1,4,31.21721193,1
1,5,31.26551872,1
1,2,31.32683652,1
1,4,31.38528454,1
1,4,31.43680923,1
1,3,31.46492872,1
1,3,31.64749427,1
1,3,31.64801415,1
1,5,31.68449165,1
1,5,31.73280264,1
1,2,31.74287174,1
1,2,31.77484573,1
1,4,31.79945442,1
1,2,31.86184987,1
1,5,31.90880522,1
1,4,31.96634262,1
1,5,31.97491109,1
1,2,32.01456481,1
1,2,32.02492113,1
1,2,32.02528056,1
1,4,32.20618035,1
1,4,32.279559,1
1,3,32.3452029,1
1,3,32.41001429,1
1,4,32.41760474,1
1,5,32.49743438,1
1,5,32.60696733,1
1,3,32.60940529,1
1,4,32.71304442,1
1,2,32.71305231,1
1,3,32.76360495,1
1,4,32.87081002,1
1,5,32.87270261,1
1,4,32.89863006,1
1,3,32.93462465,1
1,3,32.96324081,1
1,2,33.024209,1
1,3,33.06771757,1
1,5,33.08971197,1
1,3,33.09519414,1
1,4,33.11992705,1
1,2,33.14860912,1
1,4,33.168378,1
1,3,33.1703141,1
1,3,33.31971063,1
1,2,33.34399237,1
1,4,33.36906316,1
1,4,33.39075556,1
1,5,33.4183635,1
1,4,33.65132947,1
1,4,33.68631393,1
1,5,33.92911318,1
1,5,33.95367925,1
1,4,34.0382846,1
1,2,34.04397064,1
1,2,34.05137423,1
1,5,34.06272734,1
1,2,34.12491524,1
1,4,34.28468077,1
1,4,34.33542685,1
1,5,34.50056559,1
1,3,34.50198359,1
1,5,34.56669216,1
1,2,34.57212793,1
1,3,34.60164451,1
1,5,34.61744662,1
1,3,34.64639531,1
1,2,34.70693211,1
1,5,34.86728404,1
1,3,34.90693633,1
1,2,34.93634847,1
1,3,34.99987928,1
1,4,35.03221244,1
1,4,35.12366876,1
1,2,35.15215446,1
1,4,35.16909869,1
1,5,35.2009626,1
1,3,35.28528273,1
1,4,35.33166585,1
1,3,35.41127318,1
1,4,35.43419301,1
1,4,35.45213039,1
1,3,35.49677348,1
1,2,35.63740911,1
1,4,35.69229511,1
1,5,35.77304628,1
1,5,35.86803804,1
1,4,35.89223984,1
1,4,35.92574577,1
1,3,35.97170175,1
1,2,35.98203948,1
1,5,36.06543718,1
1,2,36.10125896,1
1,5,36.12798544,1
1,4,36.14532224,1
1,5,36.2137876,1
1,5,36.28117146,1
1,5,36.3115143,1
1,5,36.33879066,1
1,4,36.35154731,1
1,3,36.37433364,1
1,3,36.47903431,1
1,3,36.52684439,1
1,3,36.5330347,1
1,3,36.64483181,1
1,2,36.65554403,1
1,4,36.7833512,1
1,3,36.81682559,1
1,3,37.01237983,1
1,3,37.05827835,1
1,3,37.08251105,1
1,5,37.08705392,1
1,3,37.18575279,1
1,3,37.19214757,1
1,3,37.27053555,1
1,3,37.28397596,1
1,4,37.3815553,1
1,4,37.41016726,1
1,3,37.4360467,1
1,4,37.46336968,1
1,2,37.5623663,1
1,4,37.56748973,1
1,5,37.58473142,1
1,5,37.71360797,1
1,3,37.76608213,1
1,3,37.77364752,1
1,4,37.79407857,1
1,3,37.90591051,1
1,5,37.96356531,1
1,4,37.97819275,1
1,5,37.98680359,1
1,5,38.02845353,1
1,4,38.03476543,1
1,5,38.06062129,1
1,5,38.08606014,1
1,2,38.26682522,1
1,5,38.28316719,1
1,3,38.35392205,1
1,4,38.3559283,1
1,5,38.41005517,1
1,3,38.41542092,1
1,4,38.46195952,1
1,5,38.77923849,1
1,4,38.82764084,1
1,4,39.00217843,1
1,5,39.28537653,1
1,3,39.29469043,1
1,4,39.40847651,1
1,2,39.44915854,1
1,2,39.46219556,1
1,4,39.47352969,1
1,4,39.53775263,1
1,2,39.56041195,1
1,5,39.66366395,1
1,4,39.69684607,1
1,5,39.78530649,1
1,4,39.90845987,1
1,3,39.91865355,1
1,4,40.12041622,1
1,5,40.16900704,1
1,4,40.25014158,1
1,4,40.35684797,1
1,3,40.39757338,1
1,5,40.42464583,1
1,2,40.48888089,1
1,4,40.53105131,1
1,3,40.53634115,1
1,3,40.72747001,1
1,4,40.7922904,1
1,3,40.82377342,1
1,2,40.84179939,1
1,3,40.86698896,1
1,5,40.96200506,1
1,4,40.97671311,1
1,3,41.00605814,1
1,4,41.36503576,1
1,4,41.42138318,1
1,5,41.43353922,1
1,4,41.48789149,1
1,4,41.54697108,1
1,4,41.64209524,1
1,3,41.65384407,1
1,2,41.66505382,1
1,4,41.72517254,1
1,4,41.73008955,1
1,5,41.74780789,1
1,2,41.85823262,1
1,5,41.9038289,1
1,5,41.94626469,1
1,5,41.95130678,1
1,5,41.9837834,1
1,5,42.13384599,1
1,4,42.14372552,1
1,3,42.22532403,1
1,5,42.25894898,1
1,5,42.29998311,1
1,5,42.30356555,1
1,3,42.32668618,1
1,3,42.51697597,1
1,4,42.54332326,1
1,3,42.59270634,1
1,2,42.62967009,1
1,5,42.65112433,1
1,3,42.74491126,1
1,3,42.80425013,1
1,3,42.91749925,1
1,5,42.92180849,1
1,2,42.9227045,1
1,3,42.95367365,1
1,5,42.99631758,1
1,4,43.22387115,1
1,3,43.27093662,1
1,3,43.283796,1
1,5,43.32983556,1
1,2,43.40895652,1
1,3,43.42813528,1
1,3,43.51706008,1
1,2,43.58361989,1
1,3,43.66223996,1
1,5,43.7475923,1
1,5,43.86065267,1
1,2,43.89963554,1
1,3,43.98212172,1
1,5,44.0376386,1
1,3,44.09265069,1
1,4,44.25315106,1
1,2,44.2923021,1
1,5,44.31683998,1
1,3,44.37121592,1
1,5,44.40972852,1
1,2,44.41656407,1
1,4,44.43842486,1
1,3,44.50283917,1
1,2,44.59869407,1
1,4,44.63133644,1
1,2,44.66567739,1
1,5,44.71695917,1
1,3,44.71802927,1
1,4,44.93767708,1
1,5,44.93995789,1
1,3,45.08899683,1
1,3,45.25600905,1
1,3,45.42123898,1
1,2,45.42931978,1
1,3,45.46320029,1
1,5,45.49378532,1
1,3,45.61924093,1
1,4,45.65423724,1
1,4,45.75278371,1
1,5,45.76497696,1
1,5,45.85553006,1
1,2,45.88496171,1
1,4,45.9110776,1
1,3,45.96353957,1
1,5,46.02973084,1
1,3,46.06093706,1
1,3,46.07753899,1
1,4,46.54641735,1
1,4,46.88628806,1
1,4,46.88710924,1
1,5,46.8890418,1
1,5,46.89283751,1
1,5,46.93540317,1
1,3,47.00589994,1
1,5,47.10758248,1
1,3,47.24169112,1
1,4,47.2708651,1
1,2,47.3421578,1
1,4,47.55857298,1
1,3,47.66676513,1
1,4,47.68398899,1
1,4,47.84430288,1
1,2,47.93210382,1
1,2,48.00170909,1
1,4,48.05055233,1
1,4,48.10666321,1
1,3,48.14658885,1
1,3,48.148492,1
1,5,48.20066333,1
1,5,48.49023879,1
1,4,48.49889724,1
1,3,48.50094706,1
1,3,48.52425203,1
1,5,48.68370512,1
1,5,48.69174963,1
1,3,48.91343069,1
1,2,49.10915046,1
1,4,49.10977457,1
1,2,49.20709794,1
1,5,49.29266898,1
1,2,49.37177775,1
1,4,49.38039282,1
1,3,49.39127302,1
1,2,49.4227822,1
1,5,49.44396742,1
1,2,49.46663849,1
1,5,49.47890943,1
1,5,49.48613629,1
1,5,49.489067,1
1,4,49.51797135,1
1,5,49.7763189,1
1,4,49.81452112,1
1,2,49.83509555,1
1,4,49.99368886,1
1,3,50.03829992,1
1,4,50.0484317,1
1,5,50.09242069,1
1,5,50.0969247,1
1,5,50.15147753,1
1,5,50.21515091,1
1,4,50.38008146,1
1,4,50.42870632,1
1,3,50.48775681,1
1,2,50.54140913,1
1,3,50.55447217,1
1,5,50.57129813,1
1,3,50.59155322,1
1,4,50.64689721,1
1,5,50.71860968,1
1,5,50.74758099,1
1,5,50.78797534,1
1,2,50.83683427,1
1,5,50.8834746,1
1,4,50.91167384,1
1,3,50.99827991,1
1,4,51.12071914,1
1,4,51.1362909,1
1,5,51.18938318,1
1,4,51.41174853,1
1,5,51.43444426,1
1,3,51.5742378,1
1,4,51.61891815,1
1,5,51.75616902,1
1,5,51.8542258,1
1,5,52.06061749,1
1,5,52.07269958,1
1,4,52.07657039,1
1,3,52.16442283,1
1,3,52.29225132,1
1,3,52.32368693,1
1,2,52.32551932,1
1,2,52.43407468,1
1,3,52.46221158,1
1,4,52.52394267,1
1,3,52.53544874,1
1,4,52.62154512,1
1,3,52.67065527,1
1,4,52.9142767,1
1,4,53.20789064,1
1,5,53.22323574,1
1,4,53.24244654,1
1,3,53.25287252,1
1,4,53.28358181,1
1,5,53.35856235,1
1,5,53.49561016,1
1,5,53.51086571,1
1,2,53.5267561,1
1,2,53.60262103,1
1,5,53.73809753,1
1,5,53.94228868,1
1,3,53.99509064,1
1,5,54.0642915,1
1,5,54.14230723,1
1,5,54.19826659,1
1,4,54.20258804,1
1,5,54.26605139,1
1,3,54.43873047,1
1,2,54.47665409,1
1,5,54.61898733,1
1,3,54.62400654,1
1,5,54.69915657,1
1,3,54.72695,1
1,4,54.73473901,1
1,3,54.77173198,1
1,2,54.78845308,1
1,3,54.87383614,1
1,4,54.89104615,1
1,3,55.28901729,1
1,3,55.33101725,1
1,5,55.38775061,1
1,3,55.42649364,1
1,4,55.48049927,1
1,3,55.56326523,1
1,3,55.60632422,1
1,4,55.70852166,1
1,4,55.74210304,1
1,4,55.85044351,1
1,3,55.90485912,1
1,4,56.18461793,1
1,5,56.28706906,1
1,2,56.369396,1
1,4,56.43009374,1
1,4,56.78307385,1
1,4,56.85267908,1
1,5,57.05118886,1
1,4,57.27758716,1
1,4,57.35454987,1
1,2,57.38115311,1
1,3,57.41772626,1
1,3,57.45339727,1
1,5,57.45434234,1
1,4,57.79841494,1
1,3,57.82097032,1
1,5,57.83055942,1
1,4,58.03956885,1
1,5,58.05457286,1
1,4,58.07792537,1
1,4,58.39295401,1
1,5,58.43268438,1
1,3,58.54722903,1
1,3,58.69433103,1
1,4,58.69907066,1
1,4,58.79235312,1
1,5,58.85557498,1
1,2,59.01616356,1
1,3,59.07214601,1
1,4,59.14919469,1
1,3,59.24127725,1
1,4,59.73138657,1
1,3,59.82746138,1
1,3,59.93812237,1
1,5,60.06022182,1
1,5,60.10543693,1
1,2,60.17484109,1
1,2,60.21320089,1
1,5,60.27004743,1
1,2,60.29466627,1
1,3,60.58552982,1
1,3,60.59541102,1
1,5,60.73865253,1
1,3,60.79337121,1
1,3,60.82495864,1
1,2,60.87532053,1
1,4,61.15233059,1
1,5,61.20866086,1
1,4,61.24381903,1
1,3,61.29507691,1
1,5,61.45439788,1
1,5,61.45936753,1
1,4,61.60368976,1
1,5,61.72139565,1
1,3,61.79092321,1
1,5,61.8059486,1
1,5,61.87187532,1
1,2,61.96768853,1
1,3,62.00069714,1
1,4,62.26965233,1
1,3,62.30556047,1
1,5,62.35229526,1
1,4,62.35459315,1
1,3,62.428757,1
1,5,62.44962568,1
1,3,62.56404472,1
1,4,62.93788259,1
1,4,62.95777697,1
1,3,63.02595242,1
1,5,63.04678836,1
1,4,63.48309366,1
1,2,63.49231928,1
1,3,63.63434187,1
1,3,63.63998093,1
1,5,63.65102883,1
1,3,63.96945185,1
1,2,64.03062691,1
1,5,64.1253977,1
1,4,64.29277502,1
1,5,64.34364725,1
1,5,64.45121027,1
1,4,64.45971353,1
1,5,64.55034215,1
1,5,64.8413256,1
1,4,64.84796828,1
1,3,65.09913979,1
1,5,65.1370585,1
1,2,65.2321706,1
1,3,65.29292265,1
1,3,65.34586628,1
1,4,65.46107326,1
1,4,65.54708966,1
1,4,65.58263449,1
1,4,65.64929052,1
1,2,65.7168293,1
1,3,66.00529438,1
1,5,66.2987888,1
1,5,66.32474829,1
1,5,66.4089579,1
1,5,66.75483034,1
1,3,67.00041443,1
1,4,67.19189051,1
1,4,67.20338391,1
1,3,67.23154955,1
1,2,67.33190776,1
1,5,67.38586434,1
1,5,67.79369769,1
1,4,67.81803122,1
1,4,67.81929325,1
1,4,67.84908103,1
1,5,67.87608444,1
1,4,68.08434497,1
1,4,68.13033475,1
1,4,68.13849754,1
1,4,68.16072836,1
1,5,68.50953963,1
1,3,68.66748557,1
1,2,68.79406862,1
1,3,68.79652511,1
1,3,69.28933468,1
1,2,69.49823952,1
1,2,69.57018555,1
1,5,69.65228162,1
1,2,69.98386004,1
1,5,70.0921454,1
1,4,70.12105496,1
1,5,70.12945366,1
1,3,70.15332711,1
1,5,70.23862129,1
1,3,70.3874911,1
1,4,70.40707879,1
1,4,70.42283082,1
1,4,70.43350267,1
1,2,70.56825565,1
1,5,70.8588017,1
1,2,70.9386102,1
1,4,71.08527613,1
1,5,71.15087313,1
1,4,71.20809501,1
1,3,71.33401251,1
1,2,71.37374472,1
1,4,71.4406809,1
1,5,71.61395431,1
1,4,71.63945533,1
1,3,71.88816788,1
1,3,72.1765255,1
1,4,72.18646446,1
1,4,72.32627325,1
1,2,72.43311418,1
1,4,72.77546698,1
1,4,73.033534,1
1,2,73.24472595,1
1,3,73.2468448,1
1,4,73.40958292,1
1,3,73.42322575,1
1,5,73.45183554,1
1,5,73.48523494,1
1,4,73.56246389,1
1,5,74.01444787,1
1,3,74.01856166,1
1,5,74.24824373,1
1,5,74.5110849,1
1,4,74.57381765,1
1,5,74.83184696,1
1,4,74.89990399,1
1,4,75.07260033,1
1,4,75.12728604,1
1,3,75.34889391,1
1,5,75.55147848,1
1,4,75.73208174,1
1,2,75.74413069,1
1,3,75.91978537,1
1,5,75.96235341,1
1,5,76.10444374,1
1,4,76.11459248,1
1,5,76.19482807,1
1,5,76.34640758,1
1,3,76.4442277,1
1,4,76.89318635,1
1,5,77.07376237,1
1,3,77.16097717,1
1,4,77.16868327,1
1,5,77.29364458,1
1,4,77.47859395,1
1,2,77.52785713,1
1,3,77.61890571,1
1,3,77.70361093,1
1,4,77.94182003,1
1,5,77.99404676,1
1,4,78.17775451,1
1,5,78.2120976,1
1,2,78.39155717,1
1,2,78.44199437,1
1,5,78.61325081,1
1,3,78.73004923,1
1,4,78.77018061,1
1,3,78.90381726,1
1,3,78.94604545,1
1,5,78.98409538,1
1,4,79.1825768,1
1,3,79.5293846,1
1,5,79.59511672,1
1,3,79.69322351,1
1,2,79.98088366,1
1,3,80.54304897,1
1,4,80.55682988,1
1,3,80.56599409,1
1,3,80.99805234,1
1,3,81.2339687,1
1,4,81.38152874,1
1,3,81.49881534,1
1,5,81.55579127,1
1,3,81.62986384,1
1,3,81.76936532,1
1,4,81.77232325,1
1,4,81.94824605,1
1,3,81.96497486,1
1,4,82.02430432,1
1,5,82.07855452,1
1,5,82.27811535,1
1,5,82.46429025,1
1,2,82.51931602,1
1,3,82.62195229,1
1,3,83.05924808,1
1,3,83.08492134,1
1,4,83.59898485,1
1,4,83.6098761,1
1,3,83.75533006,1
1,3,83.92619682,1
1,2,84.10637106,1
1,2,84.4787854,1
1,4,84.75340627,1
1,3,84.88544793,1
1,5,85.36885682,1
1,5,85.49954471,1
1,5,85.92215752,1
1,4,86.14899475,1
1,4,86.579568,1
1,3,86.63057242,1
1,3,86.87608911,1
1,4,86.9506694,1
1,2,86.95779696,1
1,4,87.10645548,1
1,4,87.50658745,1
1,5,87.68821055,1
1,5,87.78117111,1
1,5,87.79980235,1
1,4,87.82984978,1
1,4,87.91374266,1
1,2,88.05158676,1
1,5,88.19695802,1
1,3,88.24678462,1
1,4,88.28042968,1
1,4,88.39353498,1
1,4,88.46340119,1
1,2,88.50825512,1
1,5,88.727462,1
1,5,88.79196008,1
1,5,88.84022893,1
1,4,88.87498963,1
1,2,89.12572055,1
1,5,89.30592853,1
1,5,89.75418757,1
1,5,89.81068574,1
1,3,89.94584284,1
1,4,89.99179102,1
1,2,90.37144626,1
1,5,90.87194819,1
1,5,91.15695812,1
1,3,91.57397902,1
1,5,91.58726312,1
1,5,91.6283544,1
1,2,91.81872027,1
1,4,91.91316787,1
1,3,92.01705543,1
1,3,92.02726142,1
1,5,92.04297056,1
1,5,92.06449249,1
1,5,92.2874315,1
1,5,92.58132711,1
1,4,92.66714391,1
1,4,92.8356883,1
1,2,92.83751486,1
1,3,93.10810538,1
1,3,93.35981,1
1,3,93.66716673,1
1,5,93.97468027,1
1,4,94.1217205,1
1,5,94.52967085,1
1,4,94.59566565,1
1,5,94.65875428,1
1,4,94.84450003,1
1,4,94.85081771,1
1,3,95.18535686,1
1,5,95.67227858,1
1,5,95.67282824,1
1,4,95.75503982,1
1,3,95.76495236,1
1,5,95.86219178,1
1,5,96.28841819,1
1,2,96.61429258,1
1,4,96.61451095,1
1,4,96.80172353,1
1,3,96.84681094,1
1,4,96.99147542,1
1,4,97.21359594,1
1,4,97.26509305,1
1,3,97.34837113,1
1,4,97.43760911,1
1,2,97.55121003,1
1,4,97.65515968,1
1,3,97.82725659,1
1,4,97.88850052,1
1,5,97.99676578,1
1,4,98.20612739,1
1,3,98.74538996,1
1,2,98.81154898,1
1,3,99.29908433,1
1,3,99.34485682,1
1,3,99.45629584,1
1,5,99.63982224,1
1,4,99.99486297,1
1,3,100.0252188,1
1,4,100.1161296,1
1,5,100.3005302,1
1,3,100.3787771,1
1,5,100.4971247,1
1,3,100.7105609,1
1,4,101.0840977,1
1,5,101.5231265,1
1,4,101.5941016,1
1,4,101.8830431,1
1,4,101.890134,1
1,5,102.1414033,1
1,3,102.2856744,1
1,5,102.3441476,1
1,5,102.7673339,1
1,5,102.9467534,1
1,2,103.0771023,1
1,4,103.2533008,1
1,2,103.405208,1
1,3,103.4218,1
1,5,103.436056,1
1,2,103.5253196,1
1,3,103.6301485,1
1,4,103.7144461,1
1,5,104.9596042,1
1,3,105.0116543,1
1,3,105.0574213,1
1,3,105.5428445,1
1,2,105.647336,1
1,4,105.7985561,1
1,5,105.8314942,1
1,3,105.9498381,1
1,5,106.1685124,1
1,2,106.3990044,1
1,5,106.4826946,1
1,4,106.6881046,1
1,4,106.8933151,1
1,5,107.2304336,1
1,5,107.975033,1
1,5,108.7449385,1
1,3,108.7893839,1
1,5,108.8154103,1
1,4,108.9390696,1
1,4,109.2181855,1
1,3,109.4262885,1
1,5,109.6418684,1
1,4,109.8310253,1
1,4,110.077309,1
1,2,110.2168353,1
1,3,110.5313017,1
1,4,110.6794726,1
1,2,110.8189638,1
1,5,111.0044465,1
1,3,111.6086213,1
1,3,111.8355909,1
1,2,111.8431521,1
1,3,113.1810362,1
1,4,114.1160472,1
1,5,114.651867,1
1,5,114.6641452,1
1,4,114.8890314,1
1,4,115.1152022,1
1,4,115.3128397,1
1,2,115.9267198,1
1,4,116.6535704,1
1,4,116.7132885,1
1,3,117.0188322,1
1,3,117.206167,1
1,2,117.3853438,1
1,4,118.261825,1
1,2,118.3565376,1
1,5,118.8283398,1
1,3,119.1114579,1
1,4,119.2131216,1
1,3,119.2882286,1
1,5,119.6975486,1
1,4,120.1577562,1
1,3,120.3298946,1
1,5,120.5253824,1
1,4,121.5460485,1
1,4,121.5771768,1
1,3,121.5863704,1
1,5,121.6367624,1
1,4,121.7032686,1
1,4,122.065342,1
1,4,122.8946649,1
1,5,122.914654,1
1,3,123.123354,1
1,2,123.596762,1
1,4,123.8241127,1
1,3,124.2788698,1
1,3,124.5300587,1
1,3,124.9570562,1
1,5,125.3537708,1
1,3,125.3933028,1
1,3,125.7255644,1
1,5,126.1885028,1
1,5,127.0046753,1
1,5,127.0237724,1
1,3,127.3149345,1
1,2,127.9553488,1
1,5,128.2890043,1
1,3,128.4664891,1
1,5,129.1953433,1
1,4,129.5757619,1
1,3,129.6624388,1
1,4,129.8748217,1
1,3,129.9252457,1
1,4,130.0457232,1
1,2,130.0959903,1
1,4,130.2105279,1
1,5,130.7615976,1
1,3,131.0991758,1
1,3,131.410623,1
1,5,131.7212375,1
1,5,132.5295017,1
1,3,132.5672644,1
1,5,132.7500241,1
1,4,132.8856221,1
1,5,133.1865584,1
1,3,133.2203489,1
1,3,134.2731402,1
1,4,134.4251552,1
1,4,134.5755693,1
1,4,134.852354,1
1,3,135.1212493,1
1,4,135.3458026,1
1,3,136.188143,1
1,5,136.4942637,1
1,2,136.4966473,1
1,4,137.1713644,1
1,4,137.4050658,1
1,4,138.620206,1
1,4,138.9268683,1
1,3,138.966984,1
1,4,139.022026,1
1,5,139.0374796,1
1,4,139.3555101,1
1,3,139.5425724,1
1,5,139.9821354,1
1,5,140.6988069,1
1,4,141.1688468,1
1,3,141.9669305,1
1,3,142.0396361,1
1,3,142.0638983,1
1,4,142.3048374,1
1,4,142.4301257,1
1,2,142.4356176,1
1,5,142.9514501,1
1,3,143.2807262,1
1,4,143.777155,1
1,4,144.3033797,1
1,5,145.2171535,1
1,4,145.6912106,1
1,4,145.6993957,1
1,5,145.7880446,1
1,5,146.1636924,1
1,2,146.1785194,1
1,4,146.1810216,1
1,5,146.3452823,1
1,3,146.6213775,1
1,2,146.7677203,1
1,3,147.1604194,1
1,4,147.3342728,1
1,4,147.5726379,1
1,4,148.1732574,1
1,5,149.0861263,1
1,5,149.261066,1
1,4,149.544741,1
1,5,150.3588313,1
1,3,150.5141817,1
1,2,150.59207,1
1,5,150.6046891,1
1,5,150.7971029,1
1,5,151.0350022,1
1,3,151.2807992,1
1,5,151.5864194,1
1,4,151.6409557,1
1,5,151.8099991,1
1,4,152.0763008,1
1,2,152.3591562,1
1,5,152.5853324,1
1,5,152.5938993,1
1,4,153.3410169,1
1,3,153.6405519,1
1,4,154.0086659,1
1,2,154.0103914,1
1,4,154.0726555,1
1,4,154.7086111,1
1,4,155.4365369,1
1,4,155.7946369,1
1,4,156.3220065,1
1,4,156.6111619,1
1,5,156.6999721,1
1,4,156.9078644,1
1,5,157.1271593,1
1,5,157.3114653,1
1,5,157.3453103,1
1,4,157.9623796,1
1,3,158.0391848,1
1,5,158.8455547,1
1,2,159.6112873,1
1,4,159.7711672,1
1,4,159.8090659,1
1,5,159.8117683,1
1,2,159.8711392,1
1,4,160.0821861,1
1,3,160.1833099,1
1,4,160.3663497,1
1,4,160.7328346,1
1,5,160.8743932,1
1,5,160.91426,1
1,3,161.1846864,1
1,5,162.0118341,1
1,3,162.6276855,1
1,2,162.6514768,1
1,5,163.1386701,1
1,4,164.198175,1
1,3,164.2443748,1
1,4,165.2360944,1
1,4,165.3262047,1
1,2,165.3775366,1
1,4,165.5215384,1
1,5,165.5867463,1
1,4,165.8394773,1
1,4,166.0070899,1
1,5,167.3537017,1
1,5,167.4127264,1
1,5,167.6450473,1
1,5,167.7868786,1
1,4,167.8093648,1
1,5,167.8691591,1
1,5,168.0263992,1
1,5,168.0489847,1
1,5,168.5670866,1
1,3,168.7050934,1
1,3,169.4654083,1
1,4,169.6652696,1
1,4,169.8728678,1
1,4,170.0091291,1
1,4,170.0223248,1
1,2,170.1078859,1
1,4,170.6779689,1
1,4,171.2369234,1
1,5,172.141225,1
1,2,172.997191,1
1,4,173.1551758,1
1,5,173.9973005,1
1,5,174.3653968,1
1,5,174.4579681,1
1,4,174.5050302,1
1,3,175.0078817,1
1,5,175.0588168,1
1,5,175.5037059,1
1,2,175.6650764,1
1,3,176.5099264,1
1,5,177.0565013,1
1,5,177.248755,1
1,5,178.5602759,1
1,4,178.7418343,1
1,3,178.9159715,1
1,4,179.3727469,1
1,5,179.7280538,1
1,5,180.5124312,1
1,3,180.5221573,1
1,4,180.5313271,1
1,5,181.8530919,1
1,5,182.0991175,1
1,5,182.550214,1
1,2,183.3445921,1
1,3,183.5426185,1
1,5,183.710866,1
1,2,184.2633006,1
1,5,184.968001,1
1,3,185.4307755,1
1,2,185.8517887,1
1,5,185.9086291,1
1,5,186.3406082,1
1,4,187.427509,1
1,5,187.5777283,1
1,3,187.8672286,1
1,5,187.94106,1
1,2,188.6673849,1
1,5,188.7497916,1
1,4,189.4759163,1
1,4,191.3244398,1
1,5,191.9145276,1
1,3,191.9417733,1
1,4,192.6309674,1
1,3,192.901942,1
1,4,192.9202206,1
1,5,192.9516803,1
1,4,193.1307629,1
1,4,193.7114587,1
1,4,194.5317395,1
1,5,194.5626898,1
1,5,195.0586384,1
1,5,195.7976966,1
1,5,196.5496578,1
1,5,196.8050032,1
1,5,196.8612245,1
1,5,197.0384993,1
1,5,197.3496289,1
1,2,198.2043025,1
1,5,199.6645523,1
1,4,199.7972124,1
1,4,200.3840798,1
1,5,200.5845503,1
1,4,201.423017,1
1,4,201.6826003,1
1,5,202.6573275,1
1,5,202.9823927,1
1,4,204.4403035,1
1,5,204.75577,1
1,4,206.220615,1
1,5,206.322557,1
1,5,206.8412622,1
1,5,207.3307336,1
1,5,207.9336156,1
1,5,208.3295991,1
1,5,209.1816143,1
1,4,209.4582122,1
1,3,209.9261613,1
1,5,210.8165765,1
1,4,211.5626125,1
1,5,211.9779042,1
1,3,212.4041531,1
1,3,213.6315144,1
1,5,213.9621815,1
1,5,214.537522,1
1,5,214.8275606,1
1,5,215.2537686,1
1,5,215.8667751,1
1,3,216.5562822,1
1,4,216.7342816,1
1,3,217.4996292,1
1,4,218.3791469,1
1,4,218.8012249,1
1,4,220.406161,1
1,5,221.3933595,1
1,2,221.5429813,1
1,3,221.8942089,1
1,3,222.7880018,1
1,5,222.8692548,1
1,4,222.9546117,1
1,2,223.4124787,1
1,2,224.1818794,1
1,4,225.949692,1
1,4,226.1809665,1
1,5,228.5106015,1
1,5,228.540276,1
1,3,228.8086945,1
1,5,228.9895536,1
1,5,229.0570463,1
1,4,231.0575562,1
1,3,231.3054752,1
1,2,232.0698249,1
1,3,233.1522686,1
1,3,233.8411559,1
1,4,234.6311602,1
1,3,235.4321566,1
1,4,238.4724192,1
1,2,240.0383235,1
1,4,240.7528995,1
1,3,240.798795,1
1,5,242.2901225,1
1,5,242.4117739,1
1,4,245.1842488,1
1,4,245.3305126,1
1,4,245.3786204,1
1,3,245.7159483,1
1,5,245.8636105,1
1,4,246.4297163,1
1,4,246.889308,1
1,4,248.8103047,1
1,3,249.3737842,1
1,4,253.4152588,1
1,3,253.4162201,1
1,5,253.6689825,1
1,5,254.496257,1
1,3,254.9312808,1
1,4,255.3304181,1
1,3,255.8793654,1
1,4,256.8918113,1
1,5,257.1002936,1
1,4,258.0853856,1
1,5,259.4311739,1
1,5,260.1694257,1
1,5,261.1256193,1
1,5,261.2453699,1
1,5,262.8861837,1
1,5,263.6063286,1
1,3,263.849468,1
1,4,263.9292322,1
1,4,264.8114627,1
1,4,264.9693061,1
1,5,265.1675479,1
1,5,266.2710373,1
1,4,266.5961179,1
1,5,268.140722,1
1,4,268.2241862,1
1,4,268.5299744,1
1,3,269.4497122,1
1,5,269.8581059,1
1,5,270.2068883,1
1,4,271.1074908,1
1,5,271.1571526,1
1,4,272.1098384,1
1,4,272.8688264,1
1,4,273.1035666,1
1,3,273.357807,1
1,5,273.9102695,1
1,4,275.1515557,1
1,5,275.705293,1
1,5,276.2138411,1
1,5,276.5020571,1
1,3,276.6318516,1
1,2,277.8764793,1
1,4,278.9691299,1
1,5,279.3960378,1
1,5,279.4669988,1
1,4,280.5773727,1
1,5,282.098967,1
1,2,282.1003205,1
1,4,282.8778943,1
1,3,282.8946715,1
1,4,283.7057883,1
1,5,284.5722529,1
1,5,284.9402885,1
1,3,285.2047109,1
1,5,287.3498296,1
1,5,289.6440044,1
1,5,290.0668572,1
1,5,291.2188343,1
1,5,291.3028714,1
1,5,292.3000521,1
1,4,292.4298939,1
1,4,292.5490425,1
1,4,295.324788,1
1,4,295.9132659,1
1,4,295.9873691,1
1,5,296.5278797,1
1,3,297.3214773,1
1,4,298.3917083,1
1,5,298.4955715,1
1,4,299.0130123,1
1,5,299.4979553,1
1,4,300.409796,1
1,3,300.4779369,1
1,2,300.4969223,1
1,4,300.5710375,1
1,3,300.5838539,1
1,3,302.4737428,1
1,2,303.0185359,1
1,5,303.5127458,1
1,3,303.6489415,1
1,4,304.5692515,1
1,5,305.0834859,1
1,4,305.5063866,1
1,5,305.6612748,1
1,5,307.5578932,1
1,5,308.9275167,1
1,3,309.3778511,1
1,3,310.6521686,1
1,4,314.641803,1
1,4,315.6439647,1
1,4,316.2861753,1
1,3,316.3761735,1
1,3,317.1757369,1
1,2,317.2675825,1
1,4,317.3173495,1
1,4,319.5618047,1
1,5,321.7259144,1
1,4,322.6980307,1
1,4,323.4584796,1
1,3,324.1698307,1
1,5,326.122828,1
1,3,327.3015685,1
1,3,328.7250226,1
1,5,328.8143207,1
1,5,329.8632426,1
1,4,330.0969692,1
1,5,330.8466644,1
1,3,332.6396124,1
1,5,334.4995594,1
1,5,337.4631541,1
1,3,337.8202768,1
1,3,338.0024251,1
1,4,338.2016691,1
1,5,338.4746094,1
1,2,339.0864846,1
1,4,339.1926944,1
1,4,340.3938522,1
1,4,340.9149868,1
1,5,344.2864921,1
1,5,344.9265687,1
1,5,345.6693294,1
1,4,347.3859709,1
1,5,349.3384075,1
1,5,349.6484581,1
1,4,349.9616218,1
1,5,351.8932125,1
1,4,353.7977887,1
1,5,357.6442454,1
1,5,359.8803816,1
1,5,359.9955818,1
1,4,360.3660315,1
1,4,361.4737035,1
1,4,361.7896002,1
1,3,363.1101545,1
1,5,363.3703831,1
1,2,363.4366911,1
1,4,363.7156811,1
1,4,366.4703769,1
1,5,367.0163686,1
1,5,368.2339734,1
1,3,369.6154577,1
1,4,370.0997785,1
1,4,371.2091049,1
1,3,371.4769428,1
1,5,371.9329781,1
1,5,375.5946456,1
1,5,378.3144104,1
1,4,378.907424,1
1,4,381.3175057,1
1,3,381.3229265,1
1,5,382.26362,1
1,3,383.093346,1
1,4,383.5416483,1
1,5,383.9895984,1
1,3,384.5403314,1
1,5,386.5601066,1
1,2,389.5731597,1
1,3,390.7005661,1
1,4,391.9501004,1
1,4,392.0234404,1
1,4,393.1964719,1
1,5,394.3752775,1
1,4,398.3204841,1
1,5,398.8009086,1
1,4,399.0788277,1
1,2,399.6593654,1
1,5,401.3469684,1
1,4,404.6453624,1
1,4,405.1493501,1
1,2,405.5702182,1
1,5,407.8300662,1
1,5,408.9495807,1
1,5,409.0882554,1
1,5,410.1160844,1
1,5,410.7759674,1
1,3,411.6616697,1
1,5,413.6376054,1
1,5,414.3760337,1
1,3,416.3589098,1
1,3,416.9040603,1
1,5,416.9113288,1
1,5,417.4823011,1
1,5,422.4593368,1
1,3,423.8620779,1
1,5,424.0864649,1
1,2,424.5142586,1
1,2,424.6776405,1
1,5,426.4019128,1
1,2,428.2226024,1
1,4,428.9584448,1
1,5,433.6159714,1
1,5,433.71807,1
1,5,434.5776222,1
1,4,436.0085555,1
1,4,437.8494822,1
1,4,438.6349862,1
1,3,439.0354397,1
1,4,443.6691051,1
1,4,447.1441181,1
1,4,447.436665,1
1,4,448.0116362,1
1,5,448.2871312,1
1,3,451.0680357,1
1,4,451.5225273,1
1,5,451.6562286,1
1,5,452.5258342,1
1,4,453.6849607,1
1,4,459.6228625,1
1,3,463.142653,1
1,3,463.6893935,1
1,5,465.4020562,1
1,5,468.2468208,1
1,4,473.8120152,1
1,4,476.6886398,1
1,4,477.4392981,1
1,2,480.9090627,1
1,5,484.0397819,1
1,2,486.0250105,1
1,4,486.7067948,1
1,5,488.8969049,1
1,4,490.7604949,1
1,3,493.3405844,1
1,4,493.4892494,1
1,3,493.630593,1
1,4,493.7347878,1
1,3,495.4352104,1
1,5,497.2487152,1
1,5,497.5005118,1
1,3,498.509356,1
1,5,501.919715,1
1,4,504.2926278,1
1,5,508.8604691,1
1,3,508.9835796,1
1,5,509.4713303,1
1,4,510.1602893,1
1,2,510.5654455,1
1,5,510.9312954,1
1,4,514.6809597,1
1,4,515.2555288,1
1,4,515.4574493,1
1,5,515.7807438,1
1,4,518.2544868,1
1,5,521.4652577,1
1,5,526.0021258,1
1,3,526.0539501,1
1,2,526.5910193,1
1,4,527.8722918,1
1,5,529.1636706,1
1,5,531.1719622,1
1,4,531.3470687,1
1,4,533.5016845,1
1,5,535.7538435,1
1,5,536.6968337,1
1,5,546.1635522,1
1,4,547.1647181,1
1,3,547.3632198,1
1,3,547.5279893,1
1,4,551.2446754,1
1,5,555.4178763,1
1,5,558.412344,1
1,4,560.0250066,1
1,2,561.8984518,1
1,5,562.3055884,1
1,4,563.4225188,1
1,3,565.0946703,1
1,4,571.411106,1
1,5,572.6278942,1
1,3,575.0061676,1
1,5,575.554356,1
1,5,578.9617251,1
1,4,581.2654234,1
1,5,583.3872987,1
1,3,583.8756312,1
1,4,585.8906058,1
1,3,593.3205481,1
1,5,593.8152484,1
1,5,593.9120425,1
1,4,594.1890707,1
1,5,595.47035,1
1,5,597.3863967,1
1,5,598.6362916,1
1,5,598.9170591,1
1,4,601.9784907,1
1,5,602.4108568,1
1,3,602.9492935,1
1,5,603.0332278,1
1,3,604.8785764,1
1,2,605.1999483,1
1,5,607.2342404,1
1,2,610.4017031,1
1,5,610.8013159,1
1,3,611.4572321,1
1,4,615.1273458,1
1,4,617.4398355,1
1,2,619.0735351,1
1,5,620.3504294,1
1,5,620.9783538,1
1,4,623.5246821,1
1,2,625.2665371,1
1,3,628.73553,1
1,5,632.0870823,1
1,5,642.6637961,1
1,3,645.1083457,1
1,5,658.9113227,1
1,5,663.5995655,1
1,3,663.630776,1
1,5,664.3201811,1
1,5,664.6456363,1
1,5,664.9410033,1
1,5,665.1176828,1
1,3,667.8151922,1
1,5,671.5415037,1
1,5,678.5805931,1
1,4,681.6267989,1
1,5,682.2181859,1
1,4,688.8097055,1
1,4,689.4134053,1
1,4,696.5870097,1
1,5,698.3012438,1
1,5,699.8685222,1
1,4,699.9948702,1
1,5,704.1241707,1
1,4,704.7200834,1
1,5,712.6155563,1
1,4,713.616647,1
1,5,716.2952241,1
1,5,719.8791835,1
1,4,721.4937966,1
1,5,729.2035378,1
1,3,731.4583771,1
1,4,731.7021462,1
1,3,732.7130769,1
1,4,732.7835471,1
1,5,737.2530499,1
1,5,743.7757288,1
1,3,748.5845158,1
1,4,754.4392409,1
1,4,755.0028149,1
1,5,757.8220516,1
1,5,764.4055164,1
1,3,772.4307704,1
1,5,783.1146291,1
1,3,784.1668468,1
1,4,790.2111064,1
1,5,797.9624625,1
1,3,801.0478449,1
1,5,813.1324886,1
1,3,819.2416463,1
1,4,824.2143615,1
1,5,824.2923211,1
1,5,824.7261194,1
1,3,832.8066309,1
1,5,832.852929,1
1,5,833.3834258,1
1,3,833.9390999,1
1,3,837.960791,1
1,3,841.6322747,1
1,3,843.1300705,1
1,4,844.9213335,1
1,5,845.9795293,1
1,5,856.9795774,1
1,5,858.5084114,1
1,5,860.4235012,1
1,3,860.8655895,1
1,4,866.3568512,1
1,5,871.8099607,1
1,2,874.092834,1
1,5,874.8823929,1
1,5,875.2649261,1
1,5,877.1874081,1
1,5,877.7445861,1
1,3,878.431102,1
1,4,878.5152178,1
1,5,879.1677783,1
1,5,881.9661051,1
1,5,883.0731913,1
1,5,883.5151001,1
1,4,887.2988064,1
1,4,888.0617284,1
1,3,892.9916772,1
1,5,895.5020605,1
1,5,897.4441406,1
1,5,902.4873082,1
1,4,905.286704,1
1,3,907.0187627,1
1,3,907.7099394,1
1,5,911.5269968,1
1,4,915.341627,1
1,5,915.3668481,1
1,5,928.0112392,1
1,5,937.5930101,1
1,4,938.0514099,1
1,5,942.2260373,1
1,5,942.7537361,1
1,5,945.5405205,1
1,4,947.3490407,1
1,5,947.8885436,1
1,3,958.0612946,1
1,4,971.2115472,1
1,5,984.8820301,1
1,5,987.3329534,1
1,4,987.9993088,1
1,5,1003.260646,1
1,4,1016.98065,1
1,5,1019.770312,1
1,4,1023.047308,1
1,3,1023.107064,1
1,5,1028.267517,1
1,5,1029.948196,1
1,5,1042.581569,1
1,2,1062.025875,1
1,5,1063.924924,1
1,5,1069.270589,1
1,5,1073.520893,1
1,4,1078.189787,1
1,2,1086.040893,1
1,5,1087.600797,1
1,5,1087.731699,1
1,5,1091.050626,1
1,2,1093.810636,1
1,5,1097.403351,1
1,5,1098.200495,1
1,3,1102.39926,1
1,5,1108.639691,1
1,5,1109.227612,1
1,5,1132.142012,1
1,4,1139.161235,1
1,5,1148.891488,1
1,5,1155.176407,1
1,4,1156.517894,1
1,5,1163.085649,1
1,4,1177.702486,1
1,3,1182.292441,1
1,4,1192.570691,1
1,4,1195.73322,1
1,5,1207.047808,1
1,5,1236.115683,1
1,4,1236.216708,1
1,5,1238.548497,1
1,3,1241.869266,1
1,5,1244.77591,1
1,5,1253.245128,1
1,3,1264.476225,1
1,4,1270.660128,1
1,5,1275.588832,1
1,4,1280.632489,1
1,5,1286.585265,1
1,5,1287.177627,1
1,5,1290.091457,1
1,5,1293.968871,1
1,5,1294.521614,1
1,4,1295.457542,1
1,5,1308.718014,1
1,5,1315.342114,1
1,5,1316.578871,1
1,5,1317.129474,1
1,5,1318.715096,1
1,5,1349.996367,1
1,5,1352.154221,1
1,2,1354.512278,1
1,5,1357.834725,1
1,4,1370.476477,1
1,3,1373.496192,1
1,5,1375.557745,1
1,5,1383.400723,1
1,4,1384.086866,1
1,4,1387.297234,1
1,4,1405.056595,1
1,5,1408.401573,1
1,4,1422.961127,1
1,4,1423.017056,1
1,5,1451.174265,1
1,2,1465.742318,1
1,3,1476.063818,1
1,4,1476.420491,1
1,4,1477.325831,1
1,5,1480.525139,1
1,5,1481.998271,1
1,3,1513.973742,1
1,4,1518.596457,1
1,5,1519.335156,1
1,5,1520.152377,1
1,4,1530.728895,1
1,4,1549.98083,1
1,4,1560.734848,1
1,4,1579.962222,1
1,5,1585.571947,1
1,5,1606.00543,1
1,4,1648.791147,1
1,3,1654.597546,1
1,5,1655.578904,1
1,4,1667.761691,1
1,5,1688.044759,1
1,5,1690.733138,1
1,4,1691.485852,1
1,5,1692.387719,1
1,5,1694.041445,1
1,4,1694.67146,1
1,5,1705.77998,1
1,3,1707.986791,1
1,3,1708.882635,1
1,5,1724.3331,1
1,5,1730.091291,1
1,4,1731.483172,1
1,5,1734.848046,1
1,5,1742.916862,1
1,4,1761.407092,1
1,4,1762.097746,1
1,5,1821.981596,1
1,4,1834.315156,1
1,5,1842.001714,1
1,3,1845.617503,1
1,5,1857.241216,1
1,5,1858.274897,1
1,5,1860.89318,1
1,5,1862.537255,1
1,4,1869.978501,1
1,5,1894.746344,1
1,4,1905.138563,1
1,5,1925.381833,1
1,3,1932.696834,1
1,4,1939.275792,1
1,4,1949.018745,1
1,4,1965.741686,1
1,5,1976.708051,1
1,3,1996.265304,1
1,5,2009.78242,1
1,5,2025.913836,1
1,4,2029.856547,1
1,5,2063.359482,1
1,4,2085.698094,1
1,5,2095.952401,1
1,5,2121.063908,1
1,4,2129.047745,1
1,5,2134.416491,1
1,5,2145.754008,1
1,4,2160.390384,1
1,5,2185.382189,1
1,5,2237.192671,1
1,4,2238.996831,1
1,4,2250.088042,1
1,5,2278.65892,1
1,5,2297.865629,1
1,4,2314.853031,1
1,4,2315.958737,1
1,4,2333.323175,1
1,4,2335.842402,1
1,3,2356.262503,1
1,5,2365.728582,1
1,4,2403.279127,1
1,4,2410.837602,1
1,3,2412.508083,1
1,4,2462.99124,1
1,5,2464.655606,1
1,2,2473.970179,1
1,3,2494.816298,1
1,5,2512.754253,1
1,5,2515.519153,1
1,5,2529.666821,1
1,3,2563.314382,1
1,5,2566.858811,1
1,5,2570.12993,1
1,4,2579.541109,1
1,5,2581.532764,1
1,5,2586.505753,1
1,5,2603.77918,1
1,3,2699.007001,1
1,5,2764.849081,1
1,5,2769.300433,1
1,3,2786.85267,1
1,4,2797.272428,1
1,4,2815.876859,1
1,4,2835.533433,1
1,4,2843.692671,1
1,5,2845.173849,1
1,2,2883.782409,1
1,5,2891.414329,1
1,5,2896.860829,1
1,5,2915.924675,1
1,5,2941.469884,1
1,5,2947.25108,1
1,5,2956.557698,1
1,5,2976.841315,1
1,3,2981.766428,1
1,5,2982.160962,1
1,5,2994.594426,1
1,5,3003.040293,1
1,5,3018.765285,1
1,3,3034.819307,1
1,4,3052.292068,1
1,3,3147.748412,1
1,3,3155.752778,1
1,4,3213.251377,1
1,5,3217.598779,1
1,4,3280.556307,1
1,5,3285.527323,1
1,4,3296.100287,1
1,4,3341.563845,1
1,5,3396.188551,1
1,4,3406.469041,1
1,5,3410.88005,1
1,5,3452.103805,1
1,5,3522.292402,1
1,4,3562.632875,1
1,4,3596.64539,1
1,2,3602.662308,1
1,5,3616.85082,1
1,5,3654.045486,1
1,5,3668.828838,1
1,5,3682.543984,1
1,4,3802.213307,1
1,5,3811.144279,1
1,5,3861.838895,1
1,5,3873.172047,1
1,5,3905.902275,1
1,3,3923.018687,1
1,4,3933.198825,1
1,5,4012.245941,1
1,4,4013.717879,1
1,4,4021.905397,1
1,4,4071.935937,1
1,5,4107.92339,1
1,5,4167.508602,1
1,3,4191.11821,1
1,4,4205.253244,1
1,5,4247.627747,1
1,5,4331.52672,1
1,5,4337.433599,1
1,5,4417.882667,1
1,5,4478.601832,1
1,4,4479.053121,1
1,4,4489.508721,1
1,4,4539.514353,1
1,4,4552.183812,1
1,5,4614.110377,1
1,4,4662.94923,1
1,5,4685.637633,1
1,5,4725.170499,1
1,5,4827.708541,1
1,4,4828.311031,1
1,3,4836.254576,1
1,5,4848.612546,1
1,5,4872.463259,1
1,5,4896.241603,1
1,5,4917.679068,1
1,4,4972.030159,1
1,4,5083.673425,1
1,5,5139.889808,1
1,4,5238.453316,1
1,4,5278.759177,1
1,3,5339.778137,1
1,4,5436.501073,1
1,4,5471.319534,1
1,5,5673.498928,1
1,4,5750.730162,1
1,5,5859.53997,1
1,4,5861.813501,1
1,5,5948.88618,1
1,5,5994.345842,1
1,5,6017.721345,1
1,5,6044.952233,1
1,5,6046.555479,1
1,5,6182.249,1
1,5,6203.75825,1
1,4,6225.664657,1
1,4,6256.65775,1
1,3,6301.531894,1
1,5,6341.527014,1
1,4,6370.880503,1
1,5,6395.066588,1
1,3,6453.574955,1
1,4,6483.021525,1
1,5,6591.338189,1
1,3,6630.127521,1
1,4,6689.490451,1
1,4,6728.691349,1
1,5,6741.87086,1
1,3,6785.700253,1
1,4,6796.606742,1
1,5,6876.270097,1
1,4,7024.877815,1
1,3,7027.026674,1
1,5,7114.973907,1
1,4,7217.110255,1
1,5,7409.150917,1
1,5,7489.207869,1
1,5,7593.326777,1
1,3,8018.448674,1
1,3,8253.044843,1
1,5,8330.580621,1
1,5,8384.098914,1
1,5,8667.737879,1
1,5,8809.680714,1
1,5,8833.728389,1
1,4,8903.08742,1
1,5,9046.849167,1
1,5,9227.231818,1
1,4,9230.590572,1
1,5,9239.062129,1
1,5,9938.510673,1
1,5,10018.34977,1
1,5,10126.04939,1
1,4,10224.36112,1
1,5,10424.74288,1
1,5,10435.43891,1
1,5,10576.01167,1
1,5,10727.38678,1
1,5,10746.14289,1
1,5,11055.37207,1
1,5,11113.08725,1
1,5,11209.1766,1
1,3,11322.95343,1
1,4,11405.23313,1
1,5,11610.22153,1
1,4,11693.53751,1
1,5,11763.16702,1
1,4,11773.39652,1
1,5,12005.6906,1
1,5,12175.31602,1
1,2,12231.98508,1
1,5,12293.32194,1
1,4,13030.45277,1
1,5,13141.95911,1
1,3,13209.54107,1
1,4,13261.61724,1
1,5,13663.63489,1
1,5,14733.84797,1
1,5,14903.30868,1
1,5,15190.66932,1
1,4,15276.31392,1
1,5,15595.4194,1
1,5,15788.68799,1
1,4,15927.24863,1
1,4,15927.82109,1
1,3,15997.09646,1
1,5,16095.13968,1
1,5,16538.21052,1
1,5,16759.06391,1
1,3,16926.23391,1
1,5,17460.04619,1
1,2,17786.44001,1
1,5,17904.02017,1
1,5,17928.51603,1
1,4,17935.39743,1
1,5,18010.72758,1
1,4,18136.70685,1
1,5,18303.73027,1
1,4,18699.02639,1
1,4,18794.32453,1
1,5,19181.83883,1
1,5,19224.45979,1
1,5,19333.46202,1
1,5,19413.4367,1
1,5,19499.52938,1
1,3,19572.0487,1
1,5,19583.02371,1
1,5,20074.15758,1
1,5,20452.11815,1
1,5,21285.76448,1
1,4,21922.05106,1
1,4,22063.45724,1
1,5,22205.90954,1
1,4,23331.39097,1
1,4,23914.6923,1
1,5,24269.81687,1
1,5,24544.34283,1
1,3,24736.92263,1
1,2,25655.1023,1
1,5,25777.07002,1
1,5,27428.86646,1
1,5,27725.96853,1
1,4,28373.80514,1
1,2,30258.04996,1
1,5,30792.57323,1
1,5,30864.41764,1
1,5,32290.34171,1
1,3,32868.8815,1
1,4,33144.68445,1
1,5,33786.9481,1
1,2,34192.47534,1
1,4,34214.7292,1
1,5,34387.71284,1
1,5,35698.93542,1
1,5,36266.43216,1
1,5,37265.74468,1
1,4,38076.63625,1
1,5,38094.99121,1
1,5,38258.41333,1
1,4,38507.98193,1
1,5,38949.75745,1
1,5,39720.22731,1
1,5,40205.93812,1
1,5,42990.64008,1
1,4,45429.16115,1
1,5,45710.93776,1
1,5,45903.32594,1
1,5,46184.75704,1
1,5,49925.52035,1
1,5,49933.21122,1
1,5,50213.86207,1
1,4,55096.75552,1
1,4,55846.37739,1
1,5,56504.28296,1
1,5,56612.54563,1
1,5,58801.39872,1
1,5,59446.53826,1
1,5,60362.82703,1
1,5,60904.53298,1
1,5,61463.72549,1
1,4,64134.73609,1
1,5,64494.43362,1
1,3,64739.24197,1
1,5,72167.12093,1
1,5,72778.87172,1
1,5,74071.26804,1
1,5,74748.67903,1
1,4,80896.07814,1
1,5,81257.85591,1
1,5,83062.98782,1
1,5,83689.37958,1
1,5,86953.47377,1
1,4,90445.12114,1
1,5,91856.37901,1
1,5,93064.93296,1
1,4,95747.26595,1
1,5,97932.94261,1
1,5,99850.8993,1
1,5,104799.0573,1
1,5,110915.9828,1
1,5,124748.3597,1
1,5,127702.4162,1
1,5,128312.5181,1
1,5,129119.848,1
1,5,135364.9295,1
1,5,144122.2441,1
1,5,146360.6294,1
1,4,160667.9604,1
1,5,162076.9951,1
1,5,180781.1159,1
1,4,188929.3284,1
1,4,189613.9247,1
1,4,195462.3202,1
1,5,198253.8858,1
1,4,212191.9252,1
1,3,213941.2211,1
1,5,215711.5852,1
1,5,241574.7606,1
1,4,243470.3018,1
1,5,275527.7987,1
1,5,291403.1584,1
1,5,304573.2823,1
1,5,306344.2165,1
1,3,328369.1312,1
1,5,329563.8554,1
1,5,355545.1511,1
1,5,393601.6934,1
1,5,397811.8437,1
1,5,401512.4367,1
1,4,436692.1558,1
1,3,516935.148,1
1,5,542817.2124,1
1,2,573517.4875,1
1,5,618588.344,1
1,4,632956.2506,1
1,3,692812.9117,1
1,5,706871.2783,1
1,5,781532.0267,1
1,5,788517.6156,1
1,2,870099.693,1
1,5,964367.7126,1
1,5,1139557.634,1
1,4,1163353.402,1
1,3,1221471.234,1
1,5,1243550.462,1
1,5,1373717.888,1
1,4,1512683.274,1
1,5,2045027.813,1
1,5,2861493.583,1
1,5,3167558.505,1
1,5,3635752.447,1
1,4,4202917.808,1
1,5,4367935.246,1
1,5,4940235.401,1
1,5,4961525.582,1
1,5,12413905.61,1
1,5,13341873.19,1
1,5,14057142.08,1
1,4,15023914.12,1
1,5,20075413.43,1
1,3,36891754.94,1
1,4,39240542.51,1
1,4,43635096.96,1
1,5,52982042.34,1
1,5,62681298.56,1
1,5,122229089.9,1
1,3,256554953.1,1
1,5,1291881396,1
1,4,2373077739,1
1,5,4928647423,1
1,5,8151401830,1
1,4,75647014360,1
1,5,5.83262E+11,1
1,5,1.39136E+14,1
