48,1,1,0.093496678,0.513554019,0.8
48,1,1,0.196759647,0.402321432,1
53,0,1,0.062826399,0.554592316,0.2
36,1,1,0.041307404,0.554592316,0.2
41,1,1,0.065087499,0.554592316,1
53,0,1,0.027081194,0.513554019,1
27,1,1,0.26290103,0.519026695,0.8
39,1,1,0.176254144,0.472464653,1
53,0,1,0.018679434,0.472464653,1
53,0,1,0.050198338,0.574728972,0.4
53,0,1,0.044527901,0.513554019,0.8
53,0,1,0.005549716,0.513554019,1
53,0,1,0.040043738,0.574728972,0.8
53,0,1,0.133408115,0.519026695,0.8
37,1,1,0.155965299,0.574728972,0.8
53,0,1,0.025880626,0.472464653,0.8
29,1,1,0.06427515,0.402321432,1
34,1,1,0.047845871,0.402321432,0.4
31,1,1,0.128055471,0.432496712,0.6
53,0,1,0.007234663,0.432496712,1
41,1,1,0.095551073,0.432496712,1
31,1,1,0.109800214,0.602719767,0.4
53,0,1,0.022075608,0.575168787,1
38,1,1,0.082243642,0.542430698,0.6
53,0,1,0.05291763,0.493412153,0.4
53,0,1,0.016783619,0.519026695,1
53,0,1,0.029174488,0.493412153,0.4
31,1,1,0.023980922,0.493412153,0.2
53,0,1,0.040445345,0.493412153,0.2
41,1,1,0.129072266,0.493412153,1
53,0,1,0.01793475,0.519026695,0.2
27,1,1,0.085075106,0.443473331,1
38,1,1,0.057427167,0.519026695,1
53,0,1,0.100796067,0.402321432,0.4
53,0,1,0.060128366,0.402321432,0.6
53,0,1,0.02029857,0.402321432,1
34,1,1,0.07895082,0.429479496,0.4
53,0,1,0.010742332,0.52990743,1
53,0,1,0.057976272,0.492052061,0.4
53,0,1,0.003738261,0.429479496,0.4
53,0,1,0.067279849,0.492052061,1
53,0,1,0.0021232,0.52990743,1
53,0,1,0.012971048,0.492052061,1
53,0,1,0.059977294,0.472202015,1
40,1,1,0.023605006,0.570151559,0.2
53,0,1,0.064483212,0.544565156,0.2
37,1,1,0.01787898,0.570151559,0.2
53,0,1,0.047694799,0.474759613,0.4
38,1,1,0.119345778,0.402321432,0.8
28,1,1,0.042125996,0.402321432,0.8
31,1,1,0.020661188,1,1
53,0,1,0.159241837,1,1
53,0,1,0.030567559,0.436905285,0.4
53,0,1,0.014658076,0.402321432,0.2
53,0,1,0.021391488,0.419104236,0.6
36,1,1,0.215572603,0.512898465,0.4
53,0,1,0.103514001,0.544565156,1
53,0,1,0.25564461,0.544565156,1
53,0,1,0.001778047,0.610546809,0.4
53,0,1,0.017195041,0.610546809,1
53,0,1,0.036705596,0.610546809,1
53,0,1,0.015606571,0.602218461,0.4
53,0,1,0.008623619,0.602218461,0.8
53,0,1,0.030269125,0.464145685,1
53,0,1,0.017664765,0.606477998,1
53,0,1,0.007203318,0.45826446,0.4
53,0,1,0.011743341,0.464145685,1
25,1,1,0.109785288,0.538639116,0.6
53,0,1,0.025526693,0.538639116,0.6
37,1,1,0.204274788,0.500208443,0.6
41,1,1,0.177436937,0.456637561,0.8
53,0,1,0.073823427,0.500208443,1
53,0,1,0.051817158,0.538639116,0.6
53,0,1,0.029926545,0.538639116,0.6
53,0,1,0.000541208,0.500208443,0.6
53,0,1,0.025553063,0.500208443,0.2
36,1,1,0.050935152,0.462513575,0.4
53,0,1,0.018771434,0.500208443,0.2
49,1,1,0.073568776,0.60493656,1
53,0,1,0.017964466,0.570151559,0.6
50,0,1,0.008184742,0.45826446,0.2
40,1,1,0.033097242,0.510669165,0.4
53,0,1,0.050167129,0.495058854,0.2
53,0,1,0.05409228,0.570151559,0.2
53,0,1,0.021055919,0.502525289,0.8
55,1,1,0.033418926,0.798818961,0.8
53,0,1,0.087758665,0.570663287,0.2
53,0,1,0.047096392,0.581615935,1
25,1,1,0.084149226,0.498009367,0.6
53,0,1,0.042035307,0.581615935,1
53,0,1,0.017755861,0.581615935,0.6
53,0,1,0.007112223,0.464145685,0.2
72,0,1,0.081407319,0.575923351,0.4
31,1,1,0.024914807,0.570663287,0.2
53,0,1,0.024348062,0.570663287,1
36,1,1,0.048108663,0.456637561,0.8
39,1,1,0.084044743,0.456637561,0.6
53,0,1,0.039436104,0.456637561,0.6
53,0,1,0.041562145,0.462513575,0.4
37,1,1,0.106448593,0.462513575,0.6
31,1,1,0.164002859,0.467146225,1
53,0,1,0.062299909,0.535921017,0.2
53,0,1,0.026603599,0.541558363,0.8
41,1,1,0.028751849,0.541558363,0.8
53,0,1,0.102513942,0.541558363,0.8
53,0,1,0.053625948,0.535921017,1
53,0,1,0.017775039,0.541558363,0.6
53,0,1,0.013479761,0.462513575,0.8
53,0,1,0.090531782,0.469452649,1
53,0,1,0.009964629,0.469452649,0.4
53,0,1,0.03600474,0.469452649,0.2
53,0,1,0.101933176,0.454196691,1
53,0,1,0.001050989,0.517348728,1
31,1,1,0.267423684,0.517348728,1
53,0,1,0.040254108,0.467146225,0.4
53,0,1,0.001948423,0.517348728,1
53,0,1,0.045412439,0.467146225,0.2
28,1,1,0.073415443,0.469452649,0.4
52,0,1,0.052283038,0.467146225,0.2
53,0,1,0.084137466,0.60493656,0.6
53,0,1,0.073474243,0.544387979,0.6
69,0,1,0.048859951,0.577599235,0.4
53,0,1,0.051229606,0.469452649,0.2
53,0,1,0.04073704,0.402321432,0.6
53,0,1,0.000980225,0.402321432,0.6
53,0,1,0.03834011,0.454196691,0.6
53,0,1,0.007573218,0.454196691,0.6
53,0,1,0.038082293,0.454196691,0.4
32,1,1,0.06057163,0.454196691,0.4
32,1,1,0.016508795,0.594895851,0.6
53,0,1,0.314004442,0.594895851,1
39,1,1,0.313992682,0.594895851,1
53,0,1,0.023772361,0.4638893,0.2
53,0,1,0.044576886,0.476300008,0.4
53,0,1,0.078618824,0.402321432,0.4
53,0,1,0.093239765,0.460514605,0.4
53,0,1,0.062134363,0.589714996,0.2
53,0,1,0.040350088,0.490047879,0.2
53,0,1,0.000564479,0.46786327,1
53,0,1,0.00925622,0.46786327,0.2
53,0,1,0.086849068,0.52565102,0.6
53,0,1,0.033282509,0.502525289,0.6
53,0,1,0.13107962,0.52565102,1
39,1,1,0.198179902,0.55248704,1
53,0,1,0.026874036,0.502525289,0.2
53,0,1,0.045471692,0.490047879,0.6
30,1,1,0.058242683,0.589714996,0.2
53,0,1,0.044379272,0.55248704,0.2
53,0,1,0.010241941,0.502525289,0.2
35,1,1,0.06302632,0.585035446,1
53,0,1,0.078692551,0.585035446,1
53,0,1,0.035756648,0.585035446,1
53,0,1,0.171814715,0.585035446,1
74,0,1,0.02955565,0.657023389,0.6
46,1,1,0.013920629,0.684898499,1
53,0,1,0.090434987,0.402321432,1
53,0,1,0.116767607,0.486436601,0.4
52,0,1,0.05463641,0.486436601,0.2
53,0,1,0.057533007,0.402321432,0.2
53,0,1,0.009110215,0.492942113,0.8
28,1,1,0.095312253,0.402321432,0.4
53,0,1,0.028542203,0.486436601,0.4
53,0,1,0.023695468,0.486436601,0.2
53,0,1,0.065470154,0.402321432,0.4
53,0,1,0.030026686,0.402321432,0.2
38,1,1,0.039805235,0.486436601,0.2
53,0,1,0.00756485,0.486436601,0.2
53,0,1,0.030636672,0.486436601,0.4
53,0,1,0.031865193,0.486436601,0.4
53,0,1,0.032429315,0.486436601,0.2
53,0,1,0.032266212,0.486436601,0.4
40,1,1,0.200378132,0.441089783,1
53,0,1,0.046896018,0.441089783,1
53,0,1,0.018778038,0.441089783,1
31,1,1,0.112607706,0.541896041,0.6
36,1,1,0.116199957,0.479884189,1
39,1,1,0.043759063,0.541896041,0.4
53,0,1,0.110788061,0.541896041,0.4
48,1,1,0.113923026,0.541896041,1
53,0,1,0.010863778,0.594895851,0.4
53,0,1,0.028826932,0.594895851,0.4
33,1,1,0.21461687,0.505890605,0.4
30,1,1,0.040244564,0.452324871,0.6
53,0,1,0.136141881,0.402321432,0.4
30,1,1,0.182013868,0.636131127,0.6
29,1,1,0.024521161,0.518810957,0.2
53,0,1,0.014724927,0.445123159,0.6
53,0,1,0.007128913,0.497092217,0.2
53,0,1,0.018100838,0.53567818,0.6
53,0,1,0.031060804,0.53567818,0.6
53,0,1,0.01239408,0.517984479,0.4
29,1,1,0.324784813,0.50968844,0.8
53,0,1,0.143841565,0.50968844,0.8
40,1,1,0.102514847,0.50968844,0.4
38,1,1,0.039816724,0.50968844,0.4
53,0,1,0.106782398,0.515233029,1
53,0,1,0.070066083,0.515233029,1
53,0,1,0.006923881,0.50968844,0.4
39,1,1,0.029103339,0.515233029,0.4
53,0,1,0.029080136,0.515233029,0.4
53,0,1,0.071184194,0.515233029,0.4
53,0,1,0.036937179,0.507271541,0.6
53,0,1,0.030468051,0.461634987,0.8
53,0,1,0.151350373,0.461634987,0.8
53,0,1,0.010002035,0.461634987,0.2
53,0,1,0.091329205,0.485085889,0.6
53,0,1,0.009786148,0.45826446,0.6
53,0,1,0.042090037,0.475644454,0.2
53,0,1,0.096293314,0.485085889,0.4
56,1,1,0.153208918,0.745549217,0.8
76,0,1,0.068974657,0.656613799,0.2
76,0,1,0.017130948,0.745549217,0.8
76,0,1,0.025562968,0.631631881,0.8
53,0,1,0.015439669,0.516118913,0.4
53,0,1,0.008745471,0.516118913,0.8
53,0,1,0.096834278,0.524792234,0.4
49,1,1,0.103782674,0.591394006,0.8
53,0,1,0.020996305,0.591394006,0.8
53,0,1,0.027334895,0.585603453,0.8
77,0,1,0.047887936,0.718696521,0.4
53,0,1,0.037937056,0.493564316,0.2
53,0,1,0.005672654,0.627100326,0.2
74,0,1,0.023681628,0.7591616,0.2
77,0,1,0.042711557,0.658195882,0.2
77,0,1,0.062894698,0.765245015,0.4
52,0,1,0.112788178,0.591394006,0.4
77,0,1,0.131948057,0.725191611,0.4
76,0,1,0.027206891,0.692077282,0.4
53,0,1,0.007694889,0.591394006,0.2
53,0,1,0.013654398,0.585603453,0.2
36,1,1,0.454305319,0.55818275,0.4
53,0,1,0.028014492,0.55818275,0.4
53,0,1,0.015304428,0.55818275,0.4
53,0,1,0.024785808,0.535989803,0.4
53,0,1,0.037254927,0.55818275,0.4
29,1,1,0.030525811,0.545158177,0.4
53,0,1,0.063037175,0.545158177,0.2
53,0,1,0.069495719,0.545158177,0.2
53,0,1,0.105589655,0.602329978,0.4
53,0,1,0.039292948,0.602329978,0.4
53,0,1,0.114091285,0.57505727,1
53,0,1,0.055136213,0.57505727,0.2
53,0,1,0.083367634,0.506041726,0.2
53,0,1,0.071100969,0.506041726,0.2
53,0,1,0.033678326,0.506041726,0.2
33,1,1,0.131290397,0.48747569,0.4
53,0,1,0.077875678,0.442753159,0.4
53,0,1,0.030165636,0.442753159,0.4
53,0,1,0.083350898,0.460253008,0.6
53,0,1,0.077312099,0.463233746,0.2
53,0,1,0.101202242,0.46698885,1
53,0,1,0.023803932,0.536206584,0.2
53,0,1,0.053302094,0.474038399,0.4
53,0,1,0.050714425,0.463230619,0.2
49,1,1,0.178105904,0.426928152,0.4
53,0,1,0.014978357,0.522739069,0.4
53,0,1,0.032781529,0.522739069,0.4
30,1,1,0.025666728,0.511839574,0.4
53,0,1,0.116977027,0.540114894,0.4
53,0,1,0.009806456,0.540114894,1
53,0,1,0.003599574,0.511839574,0.4
41,1,1,0.217546939,0.516505575,0.4
50,0,1,0.02102869,0.516505575,0.4
77,0,1,0.163137136,0.658144814,0.6
53,0,1,0.200810541,0.652916016,0.6
31,1,1,0.213744363,0.548890353,0.8
76,0,1,0.031690692,0.65656273,0.6
76,0,1,0.049465143,0.792079992,0.6
53,0,1,0.011111056,0.543948164,0.6
53,0,1,0.129651223,0.543948164,1
53,0,1,0.030715194,0.545306172,0.6
53,0,1,0.038234496,0.544142017,0.6
53,0,1,0.047880246,0.545306172,0.6
53,0,1,0.047957139,0.544142017,0.2
53,0,1,0.101038505,0.719210334,0.4
51,0,1,0.04238422,0.544142017,0.4
53,0,1,0.022891396,0.571640886,0.2
53,0,1,0.01029459,0.524998593,0.2
53,0,1,0.065911609,0.548890353,0.2
51,0,1,0.007094945,0.402321432,1
27,1,1,0.109258799,0.471963347,0.4
53,0,1,0.035550394,0.402321432,1
53,0,1,0.019720472,0.402321432,1
33,1,1,0.058190667,0.543948164,0.4
53,0,1,0.05207588,0.65193946,0.2
40,1,1,0.078825983,0.65193946,0.4
53,0,1,0.017082416,0.594286155,0.6
53,0,1,0.020254832,0.594286155,0.6
53,0,1,0.031169087,0.594286155,0.6
49,1,1,0.123007232,0.510035498,0.4
53,0,1,0.144602803,0.615580712,0.8
53,0,1,0.038499414,0.510035498,0.4
53,0,1,0.09509062,0.583727465,0.4
53,0,1,0.029048655,0.510035498,0.4
53,0,1,0.014131948,0.60175259,0.8
53,0,1,0.086315794,0.477654889,0.2
53,0,1,0.057902545,0.477654889,0.4
53,0,1,0.115092249,0.441177329,1
53,0,1,0.083383012,0.441177329,1
53,0,1,0.022275937,0.52841185,1
53,0,1,0.051904906,0.471963347,1
53,0,1,0.046923609,0.471963347,0.4
28,1,1,0.083927594,0.471963347,0.4
53,0,1,0.031765187,0.52841185,0.8
27,1,1,0.018838602,0.471963347,0.6
53,0,1,0.122279917,0.663504931,1
29,1,1,0.224717871,0.663504931,1
41,1,1,0.160955642,0.663504931,1
53,0,1,0.015100028,0.594286155,0.6
53,0,1,0.083373514,0.594286155,1
53,0,1,0.013446743,0.594286155,1
36,1,1,0.098318761,0.594286155,1
53,0,1,0.068151904,0.594286155,0.2
53,0,1,0.059464374,0.594286155,0.4
53,0,1,0.009896692,0.594286155,1
53,0,1,0.017485108,0.594286155,1
53,0,1,0.158749723,0.635533938,1
53,0,1,0.062890627,0.635533938,0.6
53,0,1,0.228538991,0.545804351,0.8
40,1,1,0.234694034,0.506101132,0.8
53,0,1,0.069723231,0.505369497,0.2
53,0,1,0.078907398,0.685172601,0.2
48,1,1,0.096498663,0.58410162,0.6
53,0,1,0.03886461,0.58410162,0.6
53,0,1,0.007496687,0.603463909,0.6
53,0,1,0.105567492,0.603463909,0.6
48,1,1,0.215175926,0.603463909,0.8
53,0,1,0.035059818,0.685172601,1
53,0,1,0.039500378,0.58410162,0.6
38,1,1,0.063099594,0.58410162,0.4
53,0,1,0.346323845,0.502012519,0.8
53,0,1,0.020984409,0.603463909,0.6
53,0,1,0.112021964,0.603463909,0.6
35,1,1,0.238487564,0.628854375,1
53,0,1,0.064641069,0.531002799,0.4
50,1,1,0.044894906,0.625070089,1
53,0,1,0.022529276,0.506101132,0.8
31,1,1,0.032894969,0.505369497,0.8
53,0,1,0.045873796,0.634933621,0.6
25,1,1,0.063048483,0.515138187,0.6
53,0,1,0.189387436,0.545804351,0.8
53,0,1,0.01482041,0.522172103,0.6
53,0,1,0.104986272,0.505369497,0.2
53,0,1,0.115396654,0.522172103,0.6
53,0,1,0.104677344,0.522172103,0.2
76,0,1,0.107114394,0.71280279,0.2
30,1,1,0.173069877,0.497127653,1
53,0,1,0.010597774,0.531002799,0.4
76,0,1,0.000588737,0.619203455,1
53,0,1,0.002884113,0.571344896,1
53,0,1,0.132360564,0.634933621,0.6
53,0,1,0.192627789,0.492498129,0.8
53,0,1,0.009669451,0.513754125,0.2
53,0,1,0.037246242,0.574890515,0.2
53,0,1,0.013195213,0.574890515,0.6
53,0,1,0.031788708,0.571344896,0.8
76,0,1,0.064943665,0.701962701,1
53,0,1,0.038753658,0.571344896,0.8
53,0,1,0.063720164,0.572256835,1
53,0,1,0.109012289,0.513803109,0.6
76,0,1,0.010452265,0.63665432,0.4
53,0,1,0.040069158,0.503245461,0.6
53,0,1,0.469783388,0.672716036,1
52,0,1,0.224057045,0.672716036,1
28,1,1,0.01673875,0.479859176,1
33,1,1,0.101783008,0.479859176,1
49,1,1,0.114384383,0.479859176,1
53,0,1,0.00630521,0.614268562,0.2
53,0,1,0.00322554,0.614268562,0.2
53,0,1,0.059082624,0.614268562,0.4
53,0,1,0.270739121,0.614268562,1
53,0,1,0.055036705,0.479859176,1
53,0,1,0.056039025,0.479859176,1
53,0,1,0.018448122,0.635439096,1
53,0,1,0.125851814,0.614268562,0.6
53,0,1,0.004121084,0.614268562,0.4
53,0,1,0.00082857,0.635439096,0.6
53,0,1,0.108682103,0.635439096,1
53,0,1,0.006753043,0.564104622,1
53,0,1,0.080714379,0.635439096,0.2
53,0,1,0.000546663,0.520282566,0.2
53,0,1,0.170177351,0.586796791,0.6
53,0,1,0.034958048,0.586796791,0.4
53,0,1,0.070580812,0.559721061,0.4
53,0,1,0.052986381,0.559721061,0.4
53,0,1,0.021346393,0.59137733,0.2
53,0,1,0.034347067,0.559721061,0.2
53,0,1,0.026508659,0.559721061,0.2
71,1,1,0.005993749,0.592033926,1
53,0,1,0.014995228,0.479859176,0.8
53,0,1,0.117171521,0.614268562,0.8
53,0,1,0.038874968,0.570151559,0.8
38,1,1,0.206190323,0.520545204,1
53,0,1,0.101079213,0.520545204,0.8
53,0,1,0.031721404,0.520282566,0.2
26,1,1,0.096104249,0.539282163,0.8
53,0,1,0.207896891,0.539282163,1
53,0,1,0.115938522,0.520545204,0.6
53,0,1,0.024769209,0.5208537,1
53,0,1,0.179051686,0.5208537,1
53,0,1,0.008970993,0.5208537,1
53,0,1,0.077810997,0.5208537,0.6
53,0,1,0.05953403,0.5208537,0.2
33,1,1,0.168168187,0.520282566,1
25,1,1,0.044194276,0.520282566,0.6
53,0,1,0.060173597,0.586796791,1
46,1,1,0.07096799,0.493788393,1
53,0,1,0.026152284,0.493788393,1
53,0,1,0.032568898,0.627028413,0.4
53,0,1,0.037472986,0.5208537,0.8
32,1,1,0.127950988,0.5208537,0.8
53,0,1,0.016209592,0.586796791,1
53,0,1,0.09023009,0.451144041,0.6
53,0,1,0.20882051,0.523356061,1
53,0,1,0.038224093,0.453188868,1
53,0,1,0.015373993,0.59137733,0.2
53,0,1,0.060985494,0.59137733,0.8
47,1,1,0.053076843,0.523356061,0.8
53,0,1,0.076106691,0.512970378,1
32,1,1,0.056485004,0.565518909,0.8
53,0,1,0.01368511,0.565518909,1
31,1,1,0.531252403,0.494795173,1
53,0,1,0.031433689,0.520545204,0.8
34,1,1,0.03022308,0.627028413,0.2
53,0,1,0.208071483,0.565518909,1
53,0,1,0.009241792,0.488230255,1
26,1,1,0.176742187,0.504572202,0.8
51,0,1,0.010911677,0.488230255,0.2
53,0,1,0.115421531,0.488230255,1
53,0,1,0.013655755,0.488230255,1
53,0,1,0.031727646,0.530766216,0.2
29,1,1,0.327560644,0.494795173,0.8
53,0,1,0.140677199,0.494795173,1
29,1,1,0.079155265,0.494795173,0.6
51,0,1,0.064653734,0.494795173,0.8
53,0,1,0.070392199,0.469997728,0.8
53,0,1,0.071701186,0.49456797,1
53,0,1,0.062851276,0.49456797,0.8
42,1,1,0.043389932,0.484097868,0.2
29,1,1,0.010982464,0.484097868,1
31,1,1,0.035067914,0.49456797,0.6
33,1,1,0.187015971,0.463151411,1
53,0,1,0.009111888,0.484772182,1
53,0,1,0.024348786,0.484772182,0.2
53,0,1,0.013205299,0.484772182,0.2
53,0,1,0.0279172,0.484772182,0.2
31,1,1,0.06855446,0.484772182,0.2
48,1,1,0.031382442,0.484772182,1
39,1,1,0.100143382,0.484772182,0.6
53,0,1,0.009618069,0.49456797,1
53,0,1,0.01483208,0.49456797,0.4
25,1,1,0.027643462,0.49456797,1
53,0,1,0.004627047,0.484772182,1
53,0,1,0.0057552,0.484772182,0.6
47,1,1,0.023609032,0.592000575,0.4
53,0,1,0.002074297,0.592000575,0.4
53,0,1,0.023341535,0.592000575,0.2
52,0,1,0.045877415,0.516685878,0.2
53,0,1,0.009791892,0.660694074,0.2
53,0,1,0.159065888,0.52752284,1
41,1,1,0.0311149,0.498028127,0.2
53,0,1,0.016459584,0.498028127,0.6
53,0,1,0.010966588,0.541269669,0.2
50,0,1,0.017441595,0.541269669,0.2
53,0,1,0.058079399,0.501025541,0.2
65,1,1,0.105279822,0.668966143,0.6
27,1,1,0.02269559,0.501025541,0.6
53,0,1,0.06881861,0.541269669,0.6
53,0,1,0.010781683,0.541269669,0.6
48,1,1,0.07791729,0.541269669,0.6
53,0,1,0.067449466,0.591322093,0.6
53,0,1,0.015849733,0.591322093,0.6
53,0,1,0.004557844,0.402321432,0.4
53,0,1,0.007224622,0.568732061,0.2
37,1,1,0.109840922,0.67258159,0.6
53,0,1,0.006156355,0.541269669,0.6
41,1,1,0.005116131,0.541269669,1
53,0,1,0.044896805,0.620298824,0.8
53,0,1,0.0841931,0.620298824,0.2
53,0,1,0.024477694,0.561898251,1
53,0,1,0.122431441,0.561898251,1
53,0,1,0.020946053,0.652477243,0.2
53,0,1,0.034429388,0.576782137,1
77,0,1,0.011502124,0.677535243,1
77,0,1,0.015479155,0.708801723,1
77,0,1,0.002833871,0.81626253,1
72,0,1,0.04287665,0.530895451,0.2
72,0,1,0.162236133,0.575295937,0.8
77,0,1,0.007311556,0.81626253,1
77,0,1,0.005042766,0.536494236,1
53,0,1,0.037239005,0.720114977,1
53,0,1,0.087121359,0.482480349,0.4
53,0,1,0.027777074,0.620298824,0.2
53,0,1,0.005191531,0.620298824,0.4
53,0,1,0.102809754,0.532593221,0.2
73,0,1,0.048316726,0.675072486,0.4
73,0,1,0.000419153,0.643806006,0.4
53,0,1,0.029823463,0.549637621,0.2
53,0,1,0.00712828,0.556657988,1
77,0,1,0.035320485,0.715002908,0.6
76,0,1,0.105809478,0.715979464,0.6
76,0,1,0.087733336,0.867159148,0.4
53,0,1,0.133446562,0.532593221,1
33,1,1,0.204271169,0.577894182,1
30,1,1,0.036846943,0.532593221,0.2
53,0,1,0.034326487,0.565577273,0.2
76,0,1,0.026202309,0.65923393,0.2
53,0,1,0.040977624,0.567846177,0.6
76,0,1,0.202965348,0.713195705,0.8
69,0,1,0.032099762,0.700022095,0.4
53,0,1,0.128994468,0.556657988,0.8
48,1,1,0.030150665,0.700022095,0.4
77,0,1,0.009874031,0.654961886,1
72,0,1,0.074897212,0.629685021,1
44,1,1,0.036972459,0.698059602,0.4
53,0,1,0.005606209,0.513066262,0.2
53,0,1,0.027471177,0.490722193,0.4
35,1,1,0.04053246,0.490722193,1
76,0,1,0.004992559,0.617860039,1
53,0,1,0.053030255,0.490722193,1
76,0,1,0.011203825,0.586593559,1
53,0,1,0.032287787,0.490722193,1
53,0,1,0.013185217,0.490722193,1
76,0,1,0.014113946,0.617860039,1
53,0,1,0.097771013,0.558934188,0.6
53,0,1,0.097265782,0.558934188,0.8
29,1,1,0.100167807,0.558934188,0.8
53,0,1,0.042775876,0.493878023,0.2
53,0,1,0.029842279,0.459499486,0.2
36,1,1,0.251070393,0.459499486,1
53,0,1,0.006915422,0.466246793,0.6
53,0,1,0.005463596,0.459499486,1
53,0,1,0.102669537,0.558934188,0.8
53,0,1,0.050665123,0.493878023,0.8
31,1,1,0.058776862,0.449398329,1
53,0,1,0.0107488,0.459499486,0.2
53,0,1,0.014096442,0.459499486,0.4
53,0,1,0.011647451,0.508124074,1
69,0,1,0.04493109,0.619548429,1
53,0,1,0.005524341,0.508124074,1
53,0,1,0.026143147,0.568380834,0.4
53,0,1,0.2556817,0.466246793,1
53,0,1,0.031309575,0.435124138,1
53,0,1,0.04739944,0.435124138,0.2
53,0,1,0.025206909,0.488400136,1
53,0,1,0.013069063,0.459499486,0.2
53,0,1,0.025174298,0.466246793,1
53,0,1,0.083509659,0.459499486,0.4
53,0,1,0.022559083,0.459499486,0.2
53,0,1,0.000702271,0.488400136,0.2
53,0,1,0.049688584,0.402321432,1
53,0,1,0.110899782,0.488400136,1
53,0,1,0.022072533,0.488400136,0.2
53,0,1,0.010390932,0.402321432,1
53,0,1,0.015330662,0.435124138,0.2
53,0,1,0.034885995,0.598437301,1
53,0,1,0.13702072,0.598437301,0.8
40,1,1,0.078872118,0.509957332,0.4
53,0,1,0.08916128,0.466914853,0.8
53,0,1,0.012208316,0.524899582,0.2
53,0,1,0.051327306,0.435124138,0.6
51,0,1,0.023010444,0.524450387,0.4
53,0,1,0.011311384,0.524450387,0.4
53,0,1,0.050998476,0.524450387,0.4
39,1,1,0.04847413,0.524450387,0.4
53,0,1,0.044826381,0.524450387,0.4
53,0,1,0.051963254,0.435124138,0.4
53,0,1,0.06010575,0.435124138,0.4
53,0,1,0.017381257,0.402321432,1
53,0,1,0.019369705,0.598437301,0.2
53,0,1,0.011169133,0.55927812,0.2
53,0,1,0.049604002,0.63087419,0.4
53,0,1,0.038494258,0.516416986,0.2
53,0,1,0.029143459,0.55927812,0.2
25,1,1,0.035045661,0.55927812,0.2
53,0,1,0.115982848,0.497091175,1
53,0,1,0.025248658,0.497091175,1
47,1,1,0.083630878,0.63087419,0.4
53,0,1,0.012824137,0.56923024,1
53,0,1,0.084285372,0.559849254,1
53,0,1,0.024274607,0.671558134,0.6
53,0,1,0.10046588,0.681487326,0.2
53,0,1,0.036648107,0.671558134,0.8
53,0,1,0.101304012,0.671558134,0.8
53,0,1,0.03621995,0.671558134,0.6
53,0,1,0.044437981,0.681487326,0.2
53,0,1,0.067043291,0.569416797,0.4
53,0,1,0.057593617,0.569416797,0.2
53,0,1,0.059858336,0.569416797,0.2
53,0,1,0.043346465,0.569416797,0.2
53,0,1,0.03848788,0.570591374,0.4
53,0,1,0.081786356,0.618816793,0.4
30,1,1,0.052529095,0.584402821,0.8
53,1,1,0.045086052,0.626823096,0.8
53,0,1,0.03953213,0.61959116,0.8
53,0,1,0.03707355,0.61959116,0.8
53,0,1,0.046823649,0.558619439,0.8
76,0,1,0.1207986,0.66435121,1
53,0,1,0.002176057,0.538593259,1
51,0,1,0.107783814,0.538593259,0.4
46,1,1,0.127222768,0.538593259,0.2
71,1,1,0.047055684,0.712286893,1
53,0,1,0.055920972,0.538593259,1
53,0,1,0.075857016,0.593004229,0.2
76,0,1,0.049055349,0.712286893,1
53,0,1,0.099100354,0.515058979,0.2
47,1,1,0.15915047,0.581497122,1
53,0,1,0.004538801,0.515058979,1
53,0,1,0.020147001,0.593004229,0.2
53,0,1,0.202379606,0.61959116,1
53,0,1,0.008333371,0.593004229,0.8
53,0,1,0.001078566,0.593004229,0.4
37,1,1,0.119210085,0.536081518,0.4
40,1,1,0.061327441,0.536081518,0.4
53,0,1,0.068235129,0.536081518,0.2
51,0,1,0.108542339,0.554552712,0.4
53,0,1,0.07566795,0.618046595,0.4
28,1,1,0.05706758,0.618046595,0.4
51,0,1,0.000449394,0.515058979,0.4
53,0,1,0.045836255,0.554552712,0.2
77,0,1,0.125374174,0.611409764,1
53,0,1,0.176846219,0.547283256,1
53,0,1,0.151204277,0.547283256,0.4
29,1,1,0.184985096,0.545660525,0.6
53,0,1,0.004866365,0.545660525,0.4
53,0,1,0.005522758,0.442750033,1
53,0,1,0.044597059,0.547283256,1
53,0,1,0.037772687,0.442750033,1
77,0,1,0.122562159,0.558454769,1
77,0,1,0.053559458,0.653748747,1
77,0,1,0.029748787,0.653748747,1
77,0,1,0.129396572,0.653748747,1
71,0,1,0.120095257,0.551164468,0.2
53,0,1,0.038451107,0.536081518,0.4
77,0,1,0.004991881,0.594849994,1
77,0,1,0.035297372,0.734063996,1
47,1,1,0.032882214,0.618046595,0.8
53,0,1,0.039441713,0.618046595,0.4
53,0,1,0.070035778,0.529956415,0.6
53,0,1,0.001820139,0.554552712,0.2
53,0,1,0.026859291,0.550037832,0.8
53,0,1,0.123016731,0.643993605,0.6
53,0,1,0.031000963,0.643993605,0.6
49,0,1,0.051876863,0.63272725,0.2
53,0,1,0.002080308,0.554552712,0.8
77,0,1,0.1716356,0.626116474,1
53,0,1,0.086411684,0.482480349,0.4
53,0,1,0.150758751,0.564744542,0.6
53,0,1,0.105307865,0.575834763,0.4
53,0,1,0.048717021,0.575834763,0.8
53,1,1,0.024047456,0.593745245,0.2
53,0,1,0.023947315,0.522155428,0.2
36,1,1,0.114615513,0.482480349,0.4
53,0,1,0.067324628,0.482480349,0.4
48,1,1,0.001256261,0.482480349,0.8
53,0,1,0.031628092,0.601378435,1
53,0,1,0.040376503,0.482480349,0.4
53,0,1,0.063299516,0.482480349,1
53,0,1,0.025268786,0.556179611,1
53,0,1,0.045196642,0.584946857,0.6
28,1,1,0.338049727,0.596325772,1
28,1,1,0.224770339,0.596325772,1
53,0,1,0.035091887,0.596325772,0.2
53,0,1,0.003341761,0.511199653,1
53,0,1,0.040220094,0.511199653,0.6
53,0,1,0.114819958,0.668964058,0.8
53,0,1,0.015943633,0.564744542,0.2
53,0,1,0.019328681,0.596325772,0.2
29,1,1,0.128737556,0.648364659,1
53,0,1,0.02627676,0.644173908,0.2
53,1,1,0.067878708,0.644173908,0.2
53,0,1,0.03452098,0.625316052,0.2
32,1,1,0.047054327,0.610009026,0.4
53,1,1,0.052222428,0.648364659,0.6
53,0,1,0.022557862,0.625316052,0.2
53,0,1,0.00744734,0.522565019,0.6
53,0,1,0.013886796,0.625316052,0.4
28,1,1,0.068898669,0.522565019,0.4
53,0,1,0.018337985,0.597436774,0.8
53,0,1,0.057116429,0.597436774,0.8
31,1,1,0.04879708,0.594338266,0.2
29,1,1,0.015135806,0.596325772,1
53,0,1,0.054567659,0.594338266,0.8
53,0,1,0.134277004,0.569000953,0.8
32,1,1,0.142385577,0.569000953,0.6
53,0,1,0.067537214,0.569000953,0.4
34,1,1,0.234924261,0.668964058,0.8
53,0,1,0.031630806,0.619302466,0.8
32,1,1,0.055041228,0.610009026,0.8
50,0,1,0.001693324,0.610009026,0.6
52,0,1,0.013054499,0.610009026,0.8
53,0,1,0.042834947,0.640980559,0.4
53,0,1,0.009950698,0.610009026,0.8
28,1,1,0.152343648,0.640980559,1
76,0,1,0.085071488,0.768604077,1
53,0,1,0.060710037,0.661822794,0.4
53,0,1,0.022149968,0.661822794,1
53,0,1,0.011316314,0.661822794,1
38,1,1,0.051734385,0.540321253,0.4
42,1,1,0.079360614,0.662058335,0.2
53,0,1,0.00179988,0.452669845,0.6
53,0,1,0.033362613,0.594338266,0.2
53,0,1,0.059475229,0.699594786,0.6
53,0,1,0.045947071,0.699594786,0.4
53,0,1,0.02947541,0.57115834,0.2
53,0,1,0.003188329,0.699594786,0.2
53,0,1,0.004980845,0.699594786,0.2
53,0,1,0.010085396,0.699594786,0.2
53,0,1,0.021889256,0.57115834,0.6
53,0,1,0.001362676,0.699594786,0.8
53,0,1,0.018523477,0.562622591,0.2
53,0,1,0.03680239,0.664013532,0.2
53,0,1,0.048733756,0.464378099,0.8
53,0,1,0.010992053,0.464378099,0.8
37,1,1,0.086652313,0.704887159,0.6
53,0,1,0.013549824,0.464378099,0.6
31,1,1,0.203836046,0.704887159,0.6
53,0,1,0.055494443,0.704887159,0.6
53,0,1,0.013708766,0.704887159,0.6
53,0,1,0.05426642,0.674103225,0.6
38,1,1,0.096998014,0.622083098,0.6
53,0,1,0.0673486,0.622083098,1
53,0,1,0.165142229,0.575720119,0.4
53,0,1,0.041911827,0.575720119,0.2
53,0,1,0.077783859,0.568417312,0.8
53,0,1,0.03672613,0.64965388,0.6
53,0,1,0.059310136,0.71243593,0.4
53,0,1,0.132799758,0.619473389,0.6
37,1,1,0.053575742,0.56526565,0.2
53,0,1,0.047618811,0.56526565,0.4
53,0,1,0.054831808,0.587403361,0.4
53,0,1,0.085866197,0.587403361,0.4
53,0,1,0.121871933,0.614360277,0.6
53,0,1,0.118495886,0.614360277,0.2
41,1,1,0.303441632,0.674103225,0.6
53,0,1,0.039953548,0.649620529,0.6
29,1,1,0.028387558,0.566692444,0.2
51,0,1,0.123848078,0.649620529,0.4
53,0,1,0.029545699,0.695535355,0.4
47,1,1,0.167507361,0.550070141,0.4
53,0,1,0.059151375,0.544705855,0.8
53,0,1,0.059069507,0.559271866,0.6
53,0,1,0.026808451,0.559271866,0.2
36,1,1,0.063602111,0.577848324,0.6
51,0,1,0.073410467,0.560281774,0.8
53,0,1,0.014559517,0.584671712,1
53,0,1,0.047652734,0.560281774,0.2
77,0,1,0.275954715,0.644441758,1
77,0,1,0.002359352,0.644441758,0.2
53,0,1,0.020087748,0.437212739,0.4
53,0,1,0.196494593,0.580189141,0.2
53,0,1,0.081675992,0.580189141,0.2
53,0,1,0.030744775,0.548713176,0.2
53,0,1,0.048737827,0.548713176,0.2
53,0,1,0.044085812,0.564927972,0.4
42,1,1,0.066045041,0.544705855,0.2
43,1,1,0.035421802,0.544705855,0.2
51,0,1,0.058137294,0.564927972,0.2
47,1,1,0.021496108,0.589102173,0.2
53,0,1,0.035285385,0.564927972,0.4
53,0,1,0.054597511,0.548713176,0.2
53,0,1,0.003831994,0.599300256,0.4
53,0,1,0.027968492,0.518627527,0.4
53,0,1,0.065627558,0.537757401,0.2
36,1,1,0.060360853,0.587823374,1
53,0,1,0.315372229,0.621354589,0.8
53,0,1,0.023031431,0.628814771,0.6
53,0,1,0.01349808,0.628814771,0.6
53,0,1,0.071757724,0.621354589,0.2
53,0,1,0.135040504,0.657106767,0.8
32,1,1,0.127107881,0.657106767,0.8
53,0,1,0.108085505,0.598457103,0.4
53,0,1,0.040874316,0.529061151,0.4
53,0,1,0.023509388,0.530297219,0.2
53,0,1,0.035115362,0.529061151,0.4
53,0,1,0.069685237,0.560436021,0.2
33,1,1,0.044514829,0.549431263,1
53,0,1,0.095333511,0.549431263,1
53,0,1,0.060160932,0.549431263,1
53,0,1,0.061742662,0.549431263,0.2
53,0,1,0.028970993,0.613449381,0.6
53,0,1,0.129144635,0.555221815,1
53,0,1,0.1921307,0.506842148,1
53,0,1,0.153349586,0.646764857,1
31,1,1,0.190526806,0.646764857,1
39,1,1,0.055305378,0.506842148,1
38,1,1,0.018365937,0.646764857,0.4
53,0,1,0.063424806,0.646764857,0.4
53,0,1,0.020630204,0.646764857,1
53,0,1,0.025472552,0.646764857,1
53,0,1,0.05360288,0.613449381,0.6
53,0,1,0.034221234,0.613449381,0.6
31,1,1,0.083073179,0.568383961,0.4
41,1,1,0.021901559,0.555221815,1
53,0,1,0.137729039,0.636704346,0.8
53,0,1,0.029457227,0.636704346,0.4
53,0,1,0.048304061,0.636704346,1
53,0,1,0.019556374,0.636704346,0.4
53,0,1,0.432178735,0.594758279,0.4
47,1,1,0.005537006,0.636704346,1
53,0,1,0.028193607,0.636704346,0.4
53,0,1,0.033656796,0.530054383,0.8
53,0,1,0.064353399,0.649339131,0.8
53,0,1,0.093042106,0.530054383,0.8
29,1,1,0.08213961,0.649339131,0.4
53,1,1,0.157014207,0.695602057,1
30,1,1,0.153683392,0.571492891,1
53,0,1,0.070032159,0.537350937,0.8
53,0,1,0.065544786,0.614702124,1
34,1,1,0.171744155,0.555081116,1
53,0,1,0.009850647,0.555081116,1
53,0,1,0.022929028,0.555081116,1
53,0,1,0.088105135,0.555081116,1
33,1,1,0.12898316,0.646764857,0.4
53,0,1,0.034024389,0.614702124,1
53,0,1,0.015140782,0.614702124,1
37,1,1,0.121545364,0.614702124,1
53,0,1,0.070792041,0.614702124,1
74,0,1,0.022383994,0.664570075,0.8
53,0,1,0.332976611,0.619220131,0.6
53,0,1,0.046043413,0.651270357,0.2
53,0,1,0.100251032,0.619220131,0.6
37,1,1,0.121811323,0.510655616,0.2
42,1,1,0.034862294,0.510655616,0.4
53,0,1,0.034410888,0.649339131,0.2
53,0,1,0.035440799,0.619220131,0.2
53,0,1,0.045139199,0.510655616,0.6
53,0,1,0.024383478,0.566564252,0.2
53,0,1,0.118886683,0.581356423,0.2
53,0,1,0.098432744,0.581356423,0.8
53,0,1,0.135622176,0.655143232,1
53,0,1,0.093923659,0.654645052,0.2
53,0,1,0.025368158,0.654645052,0.2
53,0,1,0.043045588,0.65150694,0.8
53,0,1,0.10751695,0.527745874,0.8
53,0,1,0.082046434,0.617213865,0.6
53,0,1,0.009355457,0.617213865,0.6
53,0,1,0.061810509,0.655143232,0.4
77,0,1,0.205368927,0.666844191,0.4
53,0,1,0.179286435,0.646679396,0.4
53,0,1,0.001849209,0.52122056,0.2
51,0,1,0.001041328,0.594872923,0.6
53,0,1,0.064575936,0.646679396,0.4
53,0,1,0.113889102,0.656038495,0.2
53,0,1,0.067498315,0.656038495,0.4
53,0,1,0.046179106,0.656038495,0.2
53,0,1,0.045527779,0.527745874,0.2
74,0,1,0.047646854,0.676365876,0.2
73,0,1,0.040155866,0.676365876,1
53,0,1,0.019287656,0.52122056,0.2
30,1,1,0.138690199,0.52122056,1
53,0,1,0.171865374,0.628402054,1
77,0,1,0.102733313,0.681439384,0.8
53,0,1,0.008234767,0.552389072,0.2
53,0,1,0.02845649,0.552389072,0.2
53,0,1,0.022018617,0.628402054,1
53,0,1,0.006042689,0.628402054,1
77,0,1,0.073992139,0.766705159,1
77,0,1,0.01127823,0.766705159,1
53,0,1,0.011851941,0.552389072,0.8
74,0,1,0.012992351,0.676365876,0.2
77,0,1,0.138062844,0.681439384,0.8
53,0,1,0.053440048,0.552389072,0.8
53,0,1,0.003148132,0.553212422,0.2
53,0,1,0.116568591,0.545371831,0.4
53,0,1,0.021363671,0.487453804,0.2
53,0,1,0.021709689,0.487453804,0.2
53,0,1,0.0083018,0.519876101,0.2
53,0,1,0.007847318,0.519876101,0.6
53,0,1,0.081861891,0.466113389,0.6
53,0,1,0.029265402,0.559947222,0.2
51,0,1,0.32483909,0.516023029,0.8
53,0,1,0.043875262,0.639718435,0.4
53,0,1,0.039951377,0.640045691,0.2
29,1,1,0.02975132,0.640045691,1
43,1,1,0.018451695,0.640045691,0.6
53,0,1,0.001840488,0.511947964,0.2
53,0,1,0.074521342,0.490972325,0.4
53,0,1,0.181886769,0.511947964,0.8
53,0,1,0.031081294,0.490972325,0.8
53,0,1,0.059567048,0.557566801,0.8
53,0,1,0.057333538,0.583536739,0.8
29,1,1,0.247782547,0.490972325,0.6
53,0,1,0.105440845,0.557566801,0.4
53,0,1,0.03709793,0.513895866,0.6
53,0,1,0.099611013,0.545932544,1
53,0,1,0.046871594,0.513895866,0.2
31,1,1,0.050099734,0.557566801,1
27,1,1,0.088058095,0.545932544,0.6
53,0,1,0.038183701,0.545932544,0.8
76,0,1,0.008050722,0.607868314,0.4
53,0,1,0.080112354,0.557520943,0.8
53,0,1,0.063644629,0.617594274,0.6
53,0,1,0.162469978,0.617594274,0.8
53,0,1,0.056550136,0.557566801,0.2
51,0,1,0.195325822,0.556772632,0.8
53,0,1,0.192784289,0.556772632,0.6
53,0,1,0.113320548,0.515489414,0.4
53,0,1,0.04648532,0.496631558,0.4
35,1,1,0.255430668,0.59455192,0.4
53,0,1,0.037355792,0.59455192,0.4
53,0,1,0.056276941,0.496631558,0.2
53,0,1,0.011986367,0.513895866,0.8
67,0,1,0.110762279,0.695206015,1
70,0,1,0.07272386,0.706770444,1
53,0,1,0.041968637,0.581501291,0.2
53,0,1,0.027887348,0.496631558,0.4
53,0,1,0.153176351,0.522299254,0.8
30,1,1,0.047224848,0.515489414,0.4
65,0,1,0.112481512,0.686957917,1
75,0,1,0.307340549,0.673439334,0.8
77,0,1,0.300107198,0.781240946,0.8
53,0,1,0.030639567,0.573827455,1
53,0,1,0.161537766,0.528851666,0.6
53,0,1,0.131865284,0.528851666,0.8
53,0,1,0.007087481,0.50124649,0.6
53,0,1,0.020347194,0.50124649,0.6
53,0,1,0.025113326,0.512285642,0.6
50,0,1,0.019876745,0.626674059,0.2
26,1,1,0.052368977,0.569175003,0.4
71,0,1,0.047420246,0.768499855,0.8
53,0,1,0.060640834,0.641360967,0.8
41,1,1,0.171721992,0.521778146,0.4
53,0,1,0.066222347,0.528851666,0.4
53,0,1,0.090800002,0.528851666,0.8
53,0,1,0.041463903,0.528851666,0.6
53,0,1,0.043497944,0.528851666,0.6
53,0,1,0.0668886,0.484716945,0.6
53,0,1,0.002709942,0.528851666,0.6
53,0,1,0.015130152,0.528851666,0.4
76,0,1,0.081950544,0.604156983,0.4
53,0,1,0.026561173,0.569175003,0.2
53,0,1,0.040925111,0.569175003,0.2
53,0,1,0.019595318,0.569175003,0.2
76,0,1,0.052241878,0.618276925,0.6
58,1,1,0.058884512,0.732041055,1
76,0,1,0.007124073,0.783449401,1
27,1,1,0.132459168,0.537928325,1
53,0,1,0.005097948,0.645191111,1
53,0,1,0.009103113,0.537928325,0.6
53,0,1,0.036487763,0.562196324,1
53,0,1,0.043420192,0.522375335,1
53,0,1,0.044356792,0.522375335,1
53,0,1,0.085767594,0.522375335,1
53,0,1,0.005355991,0.487893619,0.8
53,0,1,0.009414348,0.487893619,0.8
53,0,1,0.010730708,0.487893619,0.8
53,0,1,0.012685006,0.487893619,0.8
48,1,1,0.273394184,0.540246213,0.6
26,1,1,0.109683971,0.457391083,0.4
53,0,1,0.040845911,0.540246213,0.4
53,0,1,0.025111472,0.540246213,0.4
50,0,1,0.036067928,0.540246213,0.6
53,0,1,0.016198374,0.540246213,0.4
40,1,1,0.038101607,0.463514102,0.4
47,1,1,0.107864325,0.463514102,0.4
40,1,1,0.006184398,0.463514102,0.8
36,1,1,0.119490517,0.463514102,0.4
36,1,1,0.210817461,0.457391083,0.4
53,0,1,0.015636288,0.540246213,0.4
28,1,1,0.161014895,0.486235453,0.6
29,1,1,0.081889935,0.603503513,0.4
53,0,1,0.079365137,0.402321432,0.4
43,1,1,0.072928304,0.641393276,0.8
31,1,1,0.125297281,0.634933621,1
53,0,1,0.033710711,0.634933621,0.4
53,0,1,0.023597272,0.444277921,1
53,0,1,0.018135395,0.444277921,1
53,0,1,0.031127701,0.472105089,1
53,0,1,0.142747878,0.402321432,1
53,0,1,0.03461393,0.472105089,0.4
28,1,1,0.160210234,0.428259062,1
53,0,1,0.043735769,0.428259062,0.4
53,0,1,0.034731667,0.551739771,0.4
33,1,1,0.043912758,0.428259062,0.8
53,0,1,0.008172303,0.548765287,0.2
53,0,1,0.0045815,0.612390489,0.8
53,0,1,0.023190735,0.457391083,0.4
53,0,1,0.018816982,0.457391083,0.4
34,1,1,0.088523975,0.457391083,0.4
53,0,1,0.096685015,0.457391083,0.4
53,0,1,0.010019042,0.457391083,0.4
53,0,1,0.004455472,0.457391083,0.4
53,0,1,0.086022697,0.510892199,0.4
53,0,1,0.065553379,0.510892199,0.4
47,1,1,0.070371845,0.774208072,0.4
68,0,1,0.031135254,0.774208072,0.4
63,1,1,0.062533754,0.804559487,0.4
53,0,1,0.034305635,0.68092974,0.4
68,0,1,0.035021553,0.804559487,0.4
68,0,1,0.034860892,0.620934576,0.4
68,0,1,0.031796126,0.804559487,0.4
53,0,1,0.030798328,0.542606832,0.4
53,0,1,0.030209917,0.402321432,0.4
53,0,1,0.01855722,0.43588704,0.4
53,0,1,0.034469734,0.70686737,0.6
51,0,1,0.032559174,0.70686737,0.4
53,0,1,0.032047067,0.70686737,0.4
53,0,1,0.030046678,0.70686737,0.4
53,0,1,0.038829013,0.565544964,1
53,0,1,0.073564705,0.604995967,0.2
53,0,1,0.019885339,0.604995967,0.4
53,0,1,0.080861833,0.604995967,0.4
53,0,1,0.043987118,0.548765287,0.8
42,1,1,0.047898339,0.565544964,1
38,1,1,0.052568898,0.604995967,0.4
53,0,1,0.024024931,0.604995967,0.4
53,0,1,0.025717433,0.548765287,0.4
53,0,1,0.044624424,0.548765287,0.4
53,0,1,0.054030766,0.604995967,0.4
53,0,1,0.058197452,0.548765287,0.4
53,0,1,0.084663504,0.604995967,0.4
53,0,1,0.021660839,0.604995967,0.4
53,0,1,0.004444223,0.548765287,0.8
53,0,1,0.028580921,0.548765287,0.2
53,0,1,0.021874059,0.604995967,0.4
52,0,1,0.071502169,0.583593019,0.4
53,0,1,0.046614681,0.583593019,0.4
53,0,1,0.001274041,0.565518909,0.4
53,0,1,0.060639024,0.577680527,0.4
49,1,1,0.218148964,0.527058012,1
53,0,1,0.040530832,0.583593019,0.4
42,1,1,0.211556084,0.583593019,0.6
53,0,1,0.042154989,0.583593019,0.4
40,1,1,0.135927938,0.538554697,0.6
27,1,1,0.033912396,0.583593019,0.4
53,0,1,0.032565415,0.583593019,0.4
39,1,1,0.090027003,0.505529998,0.4
53,0,1,0.047285458,0.505529998,0.4
51,0,1,0.102040826,0.505529998,0.4
48,1,1,0.149037709,0.479044163,0.4
28,1,1,0.370631019,0.597716088,1
72,0,1,0.016918724,0.627811117,0.6
53,0,1,0.023479852,0.595493041,0.8
48,1,1,0.175556229,0.479044163,1
53,0,1,0.035103647,0.595493041,0.4
53,0,1,0.037646854,0.479044163,0.4
53,0,1,0.001194964,0.505529998,0.4
53,0,1,0.115354589,0.519226801,1
53,0,1,0.019989099,0.597716088,0.6
28,1,1,0.01797686,0.597716088,0.6
53,0,1,0.017139588,0.501934353,0.8
53,0,1,0.038890482,0.519226801,0.8
53,0,1,0.009091534,0.501934353,0.8
53,0,1,0.038782063,0.519226801,0.8
53,0,1,0.022448991,0.577680527,0.6
53,0,1,0.008239607,0.456637561,0.8
53,0,1,0.006934691,0.456637561,0.8
53,0,1,0.029055078,0.454197733,0.8
53,0,1,0.005718473,0.431964139,1
53,0,1,0.005451383,0.402321432,0.8
47,1,1,0.143371614,0.611203405,0.4
53,0,1,0.093762636,0.611203405,0.8
53,0,1,0.011090792,0.611203405,0.4
53,0,1,0.005769177,0.498009367,0.6
53,0,1,0.183196208,0.426296569,0.8
53,0,1,0.099384858,0.577680527,1
53,0,1,0.009909538,0.498506504,0.8
47,1,1,0.115298955,0.577680527,0.4
47,1,1,0.026273503,0.527058012,0.4
53,0,1,0.023453889,0.577680527,0.4
30,1,1,0.101512979,0.512481579,0.4
35,1,1,0.078639631,0.527058012,0.4
53,0,1,0.062872987,0.49982595,0.4
53,0,1,0.009316966,0.527058012,0.4
52,0,1,0.047284553,0.527058012,0.4
53,0,1,0.00678086,0.527058012,0.4
41,1,1,0.04970351,0.527058012,0.4
43,1,1,0.043261295,0.464264498,0.4
53,0,1,0.007406044,0.527058012,0.4
42,1,1,0.122802788,0.439415984,1
41,1,1,0.193919588,0.511360154,1
53,0,1,0.11997268,0.527090321,0.4
53,0,1,0.066278433,0.527090321,0.4
53,0,1,0.021785134,0.439415984,0.8
53,0,1,0.026698178,0.577379327,0.6
53,0,1,0.0350505,0.660694074,0.4
28,1,1,0.121526367,0.660694074,0.8
53,0,1,0.033408206,0.660694074,0.4
34,1,1,0.085499826,0.636131127,0.6
30,1,1,0.097301515,0.701162279,0.6
33,1,1,0.100525133,0.701162279,0.6
53,0,1,0.033234971,0.498506504,0.8
53,0,1,0.013236735,0.625427569,0.4
53,0,1,0.039978968,0.743118769,0.6
31,1,1,0.100353255,0.601549358,0.4
53,0,1,0.028590781,0.625427569,0.4
41,1,1,0.047810138,0.704965325,0.6
29,1,1,0.051025614,0.431964139,0.4
41,1,1,0.050759656,0.431964139,1
53,0,1,0.014832758,0.454197733,0.4
47,1,1,0.019206195,0.563357353,0.6
53,0,1,0.04914355,0.454197733,0.8
42,1,1,0.02073514,0.563357353,0.6
36,1,1,0.015784013,0.454197733,1
53,0,1,0.217580862,0.498506504,0.8
52,1,1,0.142485537,0.441118965,0.8
53,0,1,0.0166918,0.517483173,1
38,1,1,0.105683283,0.436905285,0.8
38,1,1,0.009578808,0.576782137,0.8
53,0,1,0.018132952,0.527090321,1
53,0,1,0.009670537,0.518630653,1
28,1,1,0.078929109,0.518630653,0.4
46,1,1,0.141972617,0.60032267,0.8
53,0,1,0.009469711,0.518630653,0.8
53,0,1,0.188141772,0.450604173,1
53,0,1,0.04289818,0.464571951,0.4
53,0,1,0.088774103,0.554317171,0.8
53,0,1,0.003416754,0.60032267,0.8
53,0,1,0.005124634,0.464571951,0.4
41,1,1,0.035419631,0.518630653,0.4
31,1,1,0.255591238,0.518630653,0.6
53,0,1,0.098955162,0.517098596,0.8
53,0,1,0.234282884,0.436905285,0.8
53,0,1,0.024734788,0.402321432,0.2
53,0,1,0.125563692,0.516833873,0.8
53,0,1,0.022272318,0.517098596,0.8
29,1,1,0.053194896,0.449298276,0.6
53,0,1,0.201259685,0.449298276,0.8
53,0,1,0.107222044,0.449298276,0.8
53,0,1,0.015607385,0.449298276,0.8
53,0,1,0.029060099,0.449298276,0.8
53,0,1,0.023690855,0.518630653,0.4
48,1,1,0.064135838,0.518630653,0.6
37,1,1,0.170999652,0.518630653,1
53,0,1,0.041106307,0.559323977,0.4
34,1,1,0.030316708,0.559323977,0.4
53,0,1,0.044279808,0.56053399,0.6
30,1,1,0.18978366,0.56053399,0.4
53,0,1,0.0957424,0.402321432,0.6
29,1,1,0.025768272,0.402321432,0.6
53,0,1,0.052867876,0.559323977,0.4
46,1,1,0.039071361,0.559323977,0.4
40,1,1,0.073405492,0.520673397,0.4
53,0,1,0.012632584,0.559323977,0.4
33,1,1,0.026345375,0.559323977,0.4
53,0,1,0.02270441,0.559323977,0.4
53,0,1,0.046075979,0.51180935,0.8
53,0,1,0.005427728,0.520673397,0.4
53,0,1,0.026197922,0.520673397,1
53,0,1,0.024467246,0.486715915,0.8
53,0,1,0.033829669,0.486715915,0.2
53,0,1,0.018275249,0.486715915,0.4
53,0,1,0.157458828,0.487377722,1
53,0,1,0.025173258,0.487377722,0.2
53,0,1,0.123853506,0.487377722,1
31,1,1,0.565352101,0.598250745,1
53,0,1,0.078180535,0.598250745,0.8
53,0,1,0.013658876,0.598250745,0.8
53,0,1,0.010537797,0.486715915,0.2
47,1,1,0.133298656,0.50389893,0.8
53,0,1,0.193783895,0.443581721,1
53,0,1,0.187267003,0.443581721,0.4
53,0,1,0.007196895,0.443581721,1
35,1,1,0.138238341,0.555474031,1
41,1,1,0.115044304,0.441840178,1
51,0,1,0.028256478,0.441840178,1
32,1,1,0.096809853,0.483553831,0.8
53,0,1,0.064133124,0.519226801,0.8
53,0,1,0.134996178,0.550792397,0.8
53,0,1,0.046307562,0.519226801,0.8
53,0,1,0.057255289,0.467080565,0.2
52,0,1,0.047519755,0.581182373,1
32,1,1,0.084573494,0.483553831,0.4
40,1,1,0.05036705,0.550792397,0.8
53,0,1,0.045087138,0.453005438,0.4
53,0,1,0.050962743,0.519226801,0.2
53,0,1,0.013161742,0.519226801,0.8
42,1,1,0.111383754,0.499263153,1
48,1,1,0.264897529,0.453005438,1
53,0,1,0.111866822,0.453005438,0.4
53,0,1,0.027206394,0.426947954,0.4
46,1,1,0.027656669,0.426947954,0.4
53,0,1,0.031412702,0.50389893,0.4
53,0,1,0.002311533,0.50389893,0.4
53,0,1,0.103823382,0.50389893,0.8
53,0,1,0.014932538,0.50389893,0.4
53,0,1,0.009620557,0.50389893,0.8
53,0,1,0.070559101,0.555474031,1
53,0,1,0.079150289,0.555474031,1
30,1,1,0.370062916,0.617655764,1
53,0,1,0.022818981,0.555474031,0.2
51,0,1,0.091966511,0.436649943,1
53,0,1,0.262274127,0.527461349,1
42,1,1,0.033475691,0.436649943,0.8
53,0,1,0.048088309,0.441840178,1
53,0,1,0.007625053,0.456600041,0.8
53,0,1,0.025249427,0.555474031,0.8
53,0,1,0.017273291,0.555474031,0.8
31,1,1,0.043697504,0.555474031,0.4
53,0,1,0.033782131,0.555474031,0.2
37,1,1,0.080370171,0.524978791,0.4
41,1,1,0.086794791,0.528248223,0.8
52,0,1,0.104827059,0.514849494,0.4
52,0,1,0.035015944,0.514849494,0.4
53,0,1,0.15715578,0.514849494,0.4
53,0,1,0.136465735,0.53015652,0.4
53,0,1,0.058065829,0.505114154,0.4
53,0,1,0.02878342,0.518977711,0.8
30,1,1,0.117464166,0.518977711,1
53,0,1,0.026608439,0.518977711,0.8
53,0,1,0.072124548,0.518977711,0.8
53,0,1,0.035278556,0.505114154,0.2
53,0,1,0.054203549,0.446690652,0.4
53,0,1,0.000683523,0.576782137,0.8
53,0,1,0.056219497,0.446690652,0.4
53,0,1,0.028881933,0.530707852,0.4
53,0,1,0.035686856,0.446690652,0.4
53,0,1,0.031622981,0.533372799,0.4
30,1,1,0.016568364,0.505612333,0.4
53,0,1,0.00980225,0.518627527,0.8
53,0,1,0.042552841,0.505612333,0.4
49,1,1,0.054387187,0.505612333,0.4
53,0,1,0.003870074,0.402321432,1
53,0,1,0.091510129,0.527461349,0.4
50,0,1,0.052920796,0.527461349,1
53,0,1,0.013791539,0.521666628,0.8
53,0,1,0.396751957,0.55140522,0.8
53,0,1,0.279209994,0.507189206,0.8
53,0,1,0.083990465,0.55140522,0.8
53,0,1,0.031129374,0.55140522,0.8
32,1,1,0.094311742,0.555785654,0.2
53,0,1,0.001014275,0.489574713,0.4
53,0,1,0.023887158,0.505114154,0.6
53,0,1,0.037896937,0.525919912,0.6
53,0,1,0.036839887,0.489574713,0.4
53,0,1,0.045080308,0.525919912,0.8
47,1,1,0.019029839,0.501347585,0.2
53,0,1,0.060719083,0.507189206,0.8
39,1,1,0.076630014,0.507189206,0.8
53,0,1,0.176678412,0.577368905,0.8
53,0,1,0.034963069,0.443821431,0.2
29,1,1,0.265171629,0.470880485,0.8
53,0,1,0.002492155,0.435440972,0.8
53,0,1,0.014451234,0.470880485,0.8
51,0,1,0.040704293,0.470880485,0.6
53,0,1,0.022754843,0.470880485,0.4
53,0,1,0.028775414,0.443821431,0.2
53,0,1,0.03060682,0.446690652,0.4
53,0,1,0.071883014,0.529077826,0.4
53,0,1,0.058740224,0.580343389,0.6
51,0,1,0.043086025,0.576831121,0.2
51,0,1,0.032519461,0.580343389,0.2
53,0,1,0.270722838,0.576831121,0.8
53,0,1,0.132050279,0.480149954,0.8
53,0,1,0.082589659,0.472105089,0.8
53,0,1,0.07121857,0.533372799,0.4
53,0,1,0.11030047,0.533372799,0.6
28,1,1,0.060947953,0.533372799,0.6
53,0,1,0.049489567,0.480149954,1
53,0,1,0.030936826,0.505612333,0.4
53,0,1,0.000980225,0.505612333,0.4
53,0,1,0.089843365,0.443821431,0.8
53,0,1,0.095626156,0.464370804,0.4
53,0,1,0.040853329,0.464370804,0.4
53,0,1,0.050210098,0.464370804,0.4
53,0,1,0.043635854,0.464370804,0.4
53,0,1,0.005780032,0.505769708,1
53,0,1,0.470163329,0.55763246,0.8
53,0,1,0.434633425,0.576831121,0.8
53,0,1,0.021833215,0.435440972,0.4
53,0,1,0.002468255,0.443821431,0.4
53,0,1,0.052611868,0.55763246,0.8
53,0,1,0.051215133,0.505769708,0.2
53,0,1,0.02678475,0.576831121,0.8
53,0,1,0.012119256,0.514797383,0.4
53,0,1,0.02221388,0.576831121,0.8
53,0,1,0.007316939,0.55763246,0.2
53,0,1,0.034664544,0.55763246,0.8
53,0,1,0.009399558,0.55763246,0.8
46,1,1,0.02816683,0.55763246,0.8
53,0,1,0.016827358,0.576831121,0.8
53,0,1,0.02915047,0.480149954,0.4
41,1,1,0.056495859,0.559350032,0.8
53,0,1,0.041027514,0.587796276,0.2
53,0,1,0.016227096,0.552372396,0.4
37,1,1,0.075071352,0.559350032,0.4
53,0,1,0.003110178,0.531956427,1
53,0,1,0.364916526,0.454029937,0.8
53,0,1,0.01401783,1,0.8
53,0,1,0.050984454,0.402321432,0.4
28,1,1,0.020138452,1,0.8
37,1,1,0.033907738,1,0.8
53,0,1,0.013935962,0.559350032,0.4
36,1,1,0.091938468,0.559350032,0.4
53,0,1,0.036812341,0.664907753,0.8
53,0,1,0.018066327,0.454029937,0.8
53,0,1,0.016720612,0.628375998,0.8
53,0,1,0.018975607,0.559350032,0.4
53,0,1,0.038016935,0.41030168,0.4
32,1,1,0.042474546,0.672778569,0.4
36,1,1,0.00721942,0.505671739,0.2
53,0,1,0.007307666,0.505671739,0.2
53,0,1,0.018356936,0.505671739,0.2
53,0,1,0.033152379,0.670066723,1
53,0,1,0.059065436,0.487101535,0.4
53,0,1,0.038951815,0.402321432,0.4
53,0,1,0.09979646,0.445383713,1
42,1,1,0.019662757,0.442066339,0.4
53,0,1,0.018900523,0.495920767,1
42,1,1,0.018944805,0.499691504,0.8
53,0,1,0.010441274,0.495920767,0.8
53,0,1,0.01957424,0.499691504,0.8
53,0,1,0.022678719,0.402321432,0.8
53,0,1,0.010577465,0.670066723,0.4
53,0,1,0.026819759,0.541469775,0.4
46,1,1,0.073527164,0.544319193,0.6
40,1,1,0.005536011,0.668045866,0.4
53,0,1,0.061334678,0.544319193,0.8
53,0,1,0.062431984,0.445383713,0.4
53,0,1,0.049671849,0.498506504,0.4
53,0,1,0.02287172,0.544319193,0.4
53,0,1,0.008071121,0.527572867,0.8
30,1,1,0.206634945,0.433707767,0.4
53,0,1,0.039645072,0.494730556,0.4
53,0,1,0.020778381,0.433707767,0.2
53,0,1,0.014830768,0.494730556,0.4
30,1,1,0.205067688,0.583907768,0.6
53,0,1,0.018442061,0.539288417,0.4
53,0,1,0.01464324,0.539288417,0.4
53,0,1,0.020263019,0.539288417,0.4
30,1,1,0.206872408,0.583907768,1
38,1,1,0.072893476,0.583907768,1
53,0,1,0.027971749,0.481051471,0.4
53,0,1,0.026851873,0.539288417,0.4
41,1,1,0.087380533,0.539288417,0.2
53,0,1,0.027522061,0.402321432,1
53,0,1,0.03640101,0.483184887,1
53,0,1,0.102349301,0.529490544,0.8
53,0,1,0.021753292,0.544210803,1
53,0,1,0.009796144,0.483184887,1
33,1,1,0.152649862,0.483184887,1
53,0,1,0.073095207,0.544210803,1
53,0,1,0.023352074,0.544210803,1
53,0,1,0.056726085,0.544210803,1
53,0,1,0.08725072,0.544210803,0.8
53,0,1,0.057120952,0.544210803,0.8
42,1,1,0.044479911,0.544210803,0.4
52,0,1,0.033716229,0.544210803,0.2
53,0,1,0.087812038,0.544210803,0.8
53,0,1,0.003104203,0.481051471,0.6
47,1,1,0.060982781,0.481051471,0.6
53,0,1,0.030402873,0.481051471,0.6
53,0,1,0.057781778,0.546811132,0.8
21,1,1,0.140202273,0.557238503,1
42,1,1,0.02403633,0.544207676,1
53,0,1,0.022949291,0.544207676,0.2
31,1,1,0.019899497,0.402321432,0.6
53,0,1,0.023998109,0.539288417,0.2
47,1,1,0.056456056,0.546811132,0.8
53,0,1,0.027967994,0.546811132,0.2
53,0,1,0.078096858,0.546601646,0.6
53,0,1,0.011854971,0.532979883,0.8
53,0,1,0.053909547,0.538915303,0.8
53,0,1,0.026566012,0.544207676,1
53,0,1,0.008473678,0.557238503,0.8
42,1,1,0.052434562,0.557238503,0.8
53,0,1,0.016169969,0.557238503,0.4
41,1,1,0.088757819,0.557238503,0.4
53,0,1,0.020087296,0.557238503,0.8
53,0,1,0.017968537,0.557238503,0.4
53,0,1,0.007057855,0.557238503,0.8
53,0,1,0.086343837,0.492919184,0.6
53,0,1,0.100547748,0.491201613,1
53,0,1,0.048453324,0.556749703,1
27,1,1,0.024646135,0.556749703,1
53,0,1,0.114282613,0.559973278,1
53,0,1,0.054454581,0.544702729,1
53,0,1,0.088557898,0.566846692,0.6
53,0,1,0.09823825,0.566846692,0.4
50,0,1,0.06072632,0.566846692,0.4
53,0,1,0.032746973,0.559973278,0.8
53,0,1,0.169883801,0.559973278,0.8
53,0,1,0.038057688,0.544702729,0.2
53,0,1,0.026722829,0.544702729,1
53,0,1,0.108095908,0.544702729,0.2
53,0,1,0.085527869,0.564872735,0.4
26,1,1,0.077597055,0.564872735,0.6
53,0,1,0.050948722,0.538915303,0.4
53,0,1,0.03484583,0.564872735,0.4
53,0,1,0.036588085,0.564872735,0.4
26,1,1,0.186297249,0.456822033,0.6
53,0,1,0.086968931,0.491201613,0.6
48,1,1,0.017092457,0.456822033,0.8
41,1,1,0.030251349,0.553299969,0.4
53,0,1,0.079747792,0.556749703,1
53,0,1,0.009676507,0.556749703,1
53,0,1,0.07078797,0.553299969,0.4
53,0,1,0.044636908,0.491201613,0.2
53,0,1,0.118113231,0.491201613,1
53,0,1,0.047307621,0.491201613,0.2
53,0,1,0.038633524,0.551119653,0.2
53,0,1,0.060552633,0.551119653,0.2
53,0,1,0.130000859,0.402321432,0.8
53,0,1,0.031807298,0.402321432,0.8
29,1,1,0.148238929,0.553212422,1
53,0,1,0.015511857,0.553212422,1
53,0,1,0.108789752,0.553212422,1
53,0,1,0.095494986,0.638970124,1
53,0,1,0.026245098,0.402321432,1
53,0,1,0.041766499,0.751240758,0.2
53,0,1,0.03355394,0.604968869,0.8
28,1,1,0.11745919,0.604968869,0.8
53,0,1,0.069732277,0.564872735,1
53,0,1,0.061529624,0.564872735,0.4
53,0,1,0.03103552,0.481745587,0.2
27,1,1,0.095429401,0.604968869,0.8
39,1,1,0.127322276,0.604968869,0.8
53,0,1,0.09417831,0.604968869,0.8
53,0,1,0.031771384,0.456822033,0.2
50,0,1,0.037284598,0.564872735,0.4
53,0,1,0.052750275,0.604968869,0.8
53,0,1,0.001181426,0.604968869,1
53,0,1,0.057461542,0.553299969,1
38,1,1,0.059928897,0.553299969,0.4
53,0,1,0.001252186,0.481745587,1
53,0,1,0.090468006,0.538229525,1
53,0,1,0.053045181,0.469568335,1
53,0,1,0.017201147,0.481745587,1
53,0,1,0.056712064,0.481745587,0.6
53,0,1,0.145976018,0.601520176,0.8
32,1,1,0.17803263,0.539236306,0.8
53,0,1,0.088817072,0.601520176,0.8
53,0,1,0.079394989,0.469568335,0.8
30,1,1,0.105977737,0.601520176,0.8
41,1,1,0.078920515,0.469568335,0.8
53,0,1,0.013006056,0.469568335,0.4
53,0,1,0.09107365,0.536790225,0.8
53,0,1,0.039248441,0.535062231,0.8
51,0,1,0.009810889,0.751240758,1
38,1,1,0.152493362,0.524092907,0.8
28,1,1,0.110791679,0.554737184,1
53,0,1,0.104407315,0.554737184,1
29,1,1,0.076658962,0.535062231,0.8
36,1,1,0.094737366,0.601520176,1
53,0,1,0.135327722,0.444277921,0.2
53,0,1,0.129190771,0.444277921,1
40,1,1,0.346535527,0.541888746,1
41,1,1,0.097848811,0.751240758,1
53,0,1,0.018199532,0.751240758,1
53,0,1,0.013833242,0.751240758,1
28,1,1,0.079588126,0.564915466,0.8
53,0,1,0.046749017,0.500956754,0.2
53,0,1,0.149073894,0.541888746,1
53,0,1,0.008932728,0.541888746,0.8
53,0,1,0.033830709,0.564915466,0.8
38,1,1,0.099200315,0.564915466,0.8
53,0,1,0.00596661,0.60465412,0.6
28,1,1,0.038113412,0.515747884,0.8
53,0,1,0.009144862,0.515747884,0.2
53,0,1,0.086881183,0.515747884,0.4
43,1,1,0.01355575,0.515747884,0.4
53,0,1,0.074779159,0.60465412,0.6
53,0,1,0.144886402,0.515747884,1
53,0,1,0.029746118,0.48313903,0.4
53,0,1,0.091767494,0.60465412,0.8
53,0,1,0.013661816,0.538229525,1
53,0,1,0.01361265,0.538229525,0.6
53,0,1,0.014742341,0.538229525,0.4
53,0,1,0.021635827,0.538229525,1
53,0,1,0.010498537,0.538229525,1
53,0,1,0.006447824,0.538229525,1
39,1,1,0.073595462,0.48313903,0.4
42,1,1,0.066379299,0.542984115,0.6
42,1,1,0.10792403,0.48313903,0.6
53,0,1,0.045189405,0.469568335,0.8
53,0,1,0.041699241,0.538229525,0.6
53,0,1,0.026355914,0.539236306,0.8
53,0,1,0.032551349,0.538229525,0.4
53,0,1,0.040119636,0.539236306,0.8
53,0,1,0.015001108,0.539236306,0.8
53,0,1,0.170272336,0.5152101,1
29,1,1,0.034786125,0.5152101,0.8
53,0,1,0.01095727,0.524092907,1
53,0,1,0.020027093,0.524092907,0.6
41,1,1,0.026833192,0.751240758,1
27,1,1,0.117579505,0.567495993,0.8
53,0,1,0.014691909,0.620364484,1
32,1,1,0.016929535,0.620364484,0.8
53,0,1,0.021904092,0.620364484,0.4
53,0,1,0.019623994,0.468453164,0.6
53,0,1,0.017065228,0.4638893,1
53,0,1,0.014963024,0.4638893,1
53,0,1,0.000567727,0.4638893,1
47,1,1,0.10883815,0.476399019,1
41,1,1,0.051212871,0.564915466,0.8
28,1,1,0.075482955,0.475875826,1
53,0,1,0.088089757,0.475875826,0.8
53,0,1,0.069789721,0.476399019,0.6
53,0,1,0.058061306,0.476399019,1
53,0,1,0.131540072,0.476399019,1
51,0,1,0.106584738,0.476399019,1
32,1,1,0.063626988,0.515747884,0.8
26,1,1,0.070171471,0.515747884,1
29,1,1,0.19112657,0.542984115,1
39,1,1,0.017193141,0.515747884,0.8
53,0,1,0.03162669,0.542984115,0.6
53,0,1,0.03004695,0.520640046,0.8
53,0,1,0.068072297,0.520640046,0.8
31,1,1,0.047305359,0.542984115,0.6
53,0,1,0.031306499,0.520640046,0.6
53,0,1,0.012498745,0.520640046,0.8
53,0,1,0.042060049,0.567495993,1
53,0,1,0.048665457,0.620364484,0.6
37,1,1,0.032783248,0.5152101,0.6
53,0,1,0.053600619,0.56875499,0.8
53,0,1,0.016571938,0.56875499,1
53,0,1,0.072329445,0.56875499,0.8
53,0,1,0.007915346,0.56875499,1
29,1,1,0.060109369,0.56875499,0.6
53,0,1,0.02997449,0.567495993,1
53,0,1,0.015457987,0.56875499,1
40,1,1,0.097986765,0.475875826,0.8
30,1,1,0.117564579,0.475875826,0.8
53,0,1,0.054706971,0.475875826,0.8
53,0,1,0.024074278,0.476399019,0.8
53,0,1,0.011815077,0.475875826,0.8
38,1,1,0.092213473,0.475875826,0.8
53,0,1,0.047398988,0.613530673,0.8
53,0,1,0.000949273,0.498719117,1
53,0,1,0.08168549,0.570679963,1
35,1,1,0.28867188,0.621508837,1
53,0,1,0.063609801,0.570679963,0.2
53,0,1,0.008998946,0.621508837,1
53,0,1,0.016433757,0.648594989,1
53,0,1,0.00711851,0.509957332,0.8
53,0,1,0.028611497,0.509957332,0.8
53,0,1,0.035495755,0.568351652,0.8
32,1,1,0.119625306,0.568351652,0.8
51,0,1,0.019155174,0.531753195,0.4
53,0,1,0.024604567,0.531753195,1
44,1,1,0.03087495,0.531753195,1
35,1,1,0.05574819,0.570679963,1
37,1,1,0.096865487,0.62536191,1
32,1,1,0.117494471,0.621508837,1
53,0,1,0.026041242,0.62536191,1
53,0,1,0.010872643,0.565016561,1
53,0,1,0.030184136,0.62536191,0.6
53,0,1,0.030628395,0.62536191,0.4
53,0,1,0.009893255,0.62536191,0.6
53,0,1,0.03690606,0.599765085,0.8
53,0,1,0.002157743,0.599765085,0.8
26,1,1,0.029173538,0.502520078,0.8
33,1,1,0.033455291,0.502520078,0.4
53,0,1,0.011500857,0.565016561,1
76,0,1,0.062682112,0.768109024,1
54,0,1,0.115797853,0.71748234,1
53,0,1,0.016638156,0.530848551,1
53,0,1,0.033886253,0.418296519,0.2
53,0,1,0.021159272,0.596706181,1
40,1,1,0.013779915,0.596706181,1
53,0,1,0.008204779,0.596706181,1
53,0,1,0.053407482,0.497354856,0.6
53,0,1,0.009596494,0.587039627,1
53,0,1,0.021940096,0.596761418,0.2
53,0,1,0.02566899,0.596761418,0.2
26,1,1,0.070113575,0.596706181,0.2
53,0,1,0.061855288,0.596706181,1
53,0,1,0.115923143,0.596761418,1
53,0,1,0.032648686,0.596761418,1
53,0,1,0.024058357,0.507262161,0.4
53,0,1,0.089156305,0.490244858,0.4
26,1,1,0.110414905,0.546759021,0.8
42,1,1,0.074901736,0.450762589,0.2
42,1,1,0.081042757,0.596761418,0.8
40,1,1,0.06723507,0.546759021,0.8
26,1,1,0.134950947,0.546759021,0.8
53,0,1,0.024851122,0.546759021,0.8
53,0,1,0.01575226,0.596761418,0.4
53,0,1,0.016030929,0.596761418,0.4
38,1,1,0.034202237,0.596761418,0.2
53,0,1,0.006934465,0.450762589,1
34,1,1,0.396699942,0.611759948,1
53,0,1,0.020375101,0.549405207,0.4
53,0,1,0.006223432,0.450762589,0.2
35,1,1,0.313785976,0.512941196,1
53,0,1,0.101040314,0.611759948,1
53,0,1,0.027525454,0.611759948,0.8
53,0,1,0.0103514,0.466949246,1
53,0,1,0.088233139,0.434755194,0.4
53,0,1,0.069227499,0.434755194,0.6
53,0,1,0.136128311,0.484124966,0.8
52,0,1,0.034831718,0.484124966,0.8
53,0,1,0.078139375,0.484124966,0.4
53,0,1,0.047505733,0.456786598,0.4
53,0,1,0.112005681,0.507543559,0.8
53,0,1,0.022204426,0.507543559,0.8
53,0,1,0.145129745,0.49219276,0.4
53,0,1,0.048833717,0.507543559,0.2
53,0,1,0.098845703,0.507543559,0.2
53,0,1,0.031634922,0.507543559,0.6
53,0,1,0.006430093,0.507543559,0.6
53,0,1,0.009251471,0.507543559,0.6
46,1,1,0.276522364,0.480116603,0.2
53,0,1,0.115179092,0.447343079,0.6
53,0,1,0.061126163,0.447343079,0.6
53,0,1,0.029674743,0.480116603,0.2
53,0,1,0.00533428,0.539679248,0.4
53,0,1,0.22076739,0.426296569,0.8
53,0,1,0.054262349,0.476157225,0.2
53,0,1,0.004344828,0.539679248,1
53,0,1,0.151532202,0.539679248,1
53,0,1,0.049207326,0.513138175,0.8
53,0,1,0.01052269,0.460556293,0.2
53,0,1,0.002217254,0.516810944,0.2
53,0,1,0.000956872,0.516810944,0.2
53,0,1,0.009523265,0.426296569,0.2
53,0,1,0.004515042,0.413044792,0.8
53,0,1,0.005030373,0.413044792,0.4
53,0,1,0.007885855,0.413044792,0.2
53,0,1,0.007931719,0.513138175,0.2
53,0,1,0.073918412,0.516810944,0.2
53,0,1,0.085934044,0.516810944,0.2
53,0,1,0.109640096,0.482282328,0.4
53,0,1,0.033992094,0.512583716,0.6
53,0,1,0.063038985,0.447343079,0.6
76,0,1,0.035313655,0.66556435,1
53,0,1,0.059894521,0.460556293,0.6
53,0,1,0.068563054,0.516810944,0.6
53,0,1,0.039698625,0.582829074,0.4
53,0,1,0.021253217,0.582829074,0.2
39,1,1,0.115159191,0.530188829,0.4
53,0,1,0.017561548,0.482282328,0.4
53,0,1,0.113753862,0.482282328,0.4
53,0,1,0.013153645,0.516810944,0.6
53,0,1,0.002050709,0.516810944,0.4
30,1,1,0.070862149,0.488780545,0.2
53,0,1,0.033881956,0.48720263,0.4
50,0,1,0.034755142,0.48720263,0.4
51,0,1,0.01394347,0.509931276,0.6
27,1,1,0.159404669,0.493008815,0.4
40,1,1,0.078589424,0.493008815,0.4
53,0,1,0.060593341,0.493008815,0.4
53,0,1,0.039565013,0.595286682,0.2
53,0,1,0.024994007,0.595286682,0.4
53,0,1,0.009868061,0.595286682,0.4
41,1,1,0.370249268,0.542902822,1
53,0,1,0.06958211,0.47817287,0.4
38,1,1,0.334776807,0.468162386,0.8
53,0,1,0.337948409,0.481200508,0.8
53,0,1,0.336957397,0.481200508,0.8
53,0,1,0.032928259,0.476184322,0.6
53,0,1,0.015156748,0.477381828,0.6
50,0,1,0.034513336,0.512973505,0.2
53,0,1,0.02722625,0.512973505,0.2
53,0,1,0.045563511,0.512973505,0.6
53,0,1,0.015184565,0.512973505,0.2
32,1,1,0.034155242,0.586986474,0.2
53,0,1,0.098871937,0.411154213,0.2
53,0,1,0.000394458,0.471821606,0.2
30,1,1,0.086110898,0.526887088,0.4
72,0,1,0.010427434,0.494562759,1
53,0,1,0.019952507,0.418562284,0.4
53,0,1,0.015448896,0.418562284,0.4
53,0,1,0.040043105,0.423071953,0.6
53,0,1,0.124429297,0.426733257,0.4
53,0,1,0.234902097,0.432496712,1
31,1,1,0.172421716,0.519735402,0.8
53,0,1,0.037659202,0.526887088,0.4
53,0,1,0.048665457,0.505691542,0.4
53,0,1,0.06070868,0.505691542,0.6
53,0,1,0.104377915,0.505691542,0.6
51,0,1,0.041390403,0.426733257,0.2
53,0,1,0.062986517,0.500389789,0.6
53,0,1,0.000680176,0.402321432,0.6
53,0,1,0.051759715,0.412810294,0.6
42,1,1,0.011520442,0.418562284,0.4
53,0,1,0.074863289,0.426733257,0.4
53,0,1,0.028899121,0.426733257,1
53,0,1,0.100308476,0.410712313,1
53,0,1,0.119965896,0.406643502,1
53,0,1,0.027335438,0.424097493,0.2
73,0,1,0.038280496,0.513795813,1
53,0,1,0.038704266,0.406643502,0.4
53,0,1,0.054659026,0.406643502,0.2
53,0,1,0.015019336,0.406643502,0.4
53,0,1,0.051662015,0.424097493,0.4
53,0,1,0.089744761,0.402321432,1
53,0,1,0.017256148,0.402321432,0.2
53,0,1,0.025846929,0.402321432,0.2
53,0,1,0.060314265,0.402321432,0.4
53,0,1,0.060431414,0.402321432,0.2
53,0,1,0.036881273,0.402321432,0.4
53,0,1,0.12498383,0.406643502,1
42,1,1,0.118384166,0.506070908,1
53,0,1,0.033922302,0.406643502,0.2
53,0,1,0.066628069,0.500389789,0.6
74,0,1,0.040197434,0.538673509,0.6
48,1,1,0.104301926,0.50136843,0.2
53,0,1,0.022632584,0.50136843,1
53,0,1,0.064344805,0.50136843,0.2
73,0,1,0.065566949,0.538673509,0.6
53,0,1,0.007089381,0.50136843,1
53,0,1,0.106452211,0.478526182,0.6
53,0,1,0.103944149,0.478526182,0.4
53,0,1,0.088858685,0.478526182,0.2
53,0,1,0.13527842,0.478526182,0.6
53,0,1,0.005486392,0.465208745,0.6
53,0,1,0.047239774,0.430031871,0.2
53,0,1,0.002947337,0.424097493,0.4
53,0,1,0.009051098,0.50136843,0.6
53,0,1,0.007784718,0.417777495,0.2
53,0,1,0.002738483,0.402321432,0.4
53,0,1,0.003113942,0.502797308,0.4
53,0,1,0.002668705,0.502797308,0.4
53,0,1,0.000436021,0.502797308,0.2
53,0,1,0.029780358,0.422002639,0.4
53,0,1,0.010874497,0.44795486,0.4
51,0,1,0.082375716,0.455441097,0.6
35,1,1,0.217075179,0.455441097,0.6
53,0,1,0.054881562,0.467138929,0.6
53,0,1,0.04230493,0.455441097,0.2
53,0,1,0.062471787,0.440193477,0.6
53,0,1,0.004123748,0.467138929,0.4
53,0,1,0.138964751,0.452323829,0.8
27,1,1,0.171934578,0.416306928,0.6
53,0,1,0.064611216,0.441990257,0.6
34,1,1,0.199494769,0.493864474,0.6
26,1,1,0.100090914,0.402321432,0.6
53,0,1,0.00566008,0.452323829,0.6
53,0,1,0.032963539,0.402321432,0.6
38,1,1,0.050461583,0.525064253,0.2
53,0,1,0.01990601,0.462671992,1
53,0,1,0.125957202,0.52750408,0.8
53,0,1,0.072447046,0.462671992,0.8
53,0,1,0.164429388,0.525064253,0.8
50,0,1,0.061012633,0.502797308,0.8
53,0,1,0.116435159,0.559429241,0.8
36,1,1,0.010668289,0.52750408,0.8
53,0,1,0.052990452,0.52750408,0.8
53,0,1,0.001375228,0.52750408,0.2
53,0,1,0.045440935,0.559429241,0.8
41,0,1,0.018730455,0.529895966,0.8
53,0,1,0.020971654,0.411753487,1
51,0,1,0.010591306,0.411753487,1
53,0,1,0.025108215,0.411753487,1
53,0,1,0.055184158,0.411753487,1
53,0,1,0.175444508,0.428259062,0.8
35,1,1,0.020811762,0.422002639,1
30,1,1,0.073695875,0.406471536,1
37,1,1,0.219935139,0.429518058,1
53,0,1,0.018489871,0.406471536,0.2
53,0,1,0.024072514,0.406471536,1
53,0,1,0.045168689,0.458002864,0.8
53,0,1,0.028036655,0.440193477,1
53,0,1,0.040448376,0.429518058,1
53,0,1,0.100235202,0.419294962,0.8
53,0,1,0.014436896,0.440193477,1
67,0,1,0.009086921,0.520833898,1
53,0,1,0.06518158,0.419294962,1
53,0,1,0.032539724,0.458033088,1
53,0,1,0.087555578,0.439173148,1
53,0,1,0.110997481,0.439173148,0.8
53,0,1,0.151994464,0.458033088,1
53,0,1,0.098301574,0.429783824,1
53,0,1,0.048473225,0.489551785,0.6
53,0,1,0.045473501,0.469186884,0.2
53,0,1,0.047015428,0.43588704,0.2
53,0,1,0.067891825,0.473354706,0.2
53,0,1,0.032316057,0.45826446,0.4
53,0,1,0.021688114,0.416706097,0.2
53,0,1,0.006040835,0.457230582,0.2
53,0,1,0.035783741,0.457230582,0.6
53,0,1,0.04720359,0.457230582,0.6
53,0,1,0.047083727,0.457230582,0.6
53,0,1,0.048904278,0.416706097,0.6
53,0,1,0.01017821,0.416706097,0.6
53,0,1,0.034103136,0.457230582,0.6
53,0,1,0.083226965,0.467705895,0.2
53,0,1,0.0074425,0.467705895,0.6
53,0,1,0.085031232,0.429783824,0.2
30,1,1,0.124877085,0.447940269,0.2
51,0,1,0.015686178,0.447940269,0.2
53,0,1,0.019328273,0.488499146,0.6
53,0,1,0.515765287,0.488499146,0.6
53,0,1,0.132333878,0.429783824,1
53,0,1,0.025758457,0.429783824,1
42,1,1,0.202106863,0.41691454,0.6
53,0,1,0.069479436,0.41691454,1
53,0,1,0.001042372,0.4274305,0.2
53,0,1,0.062215327,0.46833852,0.6
53,0,1,0.033733281,0.473987331,0.2
53,0,1,0.109055711,0.471321342,0.6
53,0,1,0.041151447,0.415289726,0.4
53,0,1,0.007673088,0.4437318,0.6
53,0,1,0.064318119,0.488445993,0.8
53,0,1,0.005831505,0.471321342,0.6
53,0,1,0.022783384,0.471321342,0.6
53,0,1,0.008587796,0.439616089,0.8
53,0,1,0.081474714,0.498696188,0.2
53,0,1,0.064409034,0.4906409,0.4
53,0,1,0.026701841,0.467532887,0.2
53,0,1,0.065412711,0.467532887,0.2
53,0,1,0.003787731,0.467532887,0.8
53,0,1,0.142604043,0.467532887,0.8
53,0,1,0.063004609,0.469830973,0.6
53,0,1,0.186903346,0.458416624,0.6
51,0,1,0.059154089,0.494616954,0.4
53,0,1,0.005090349,0.494616954,0.4
53,0,1,0.01234903,0.494616954,0.4
53,0,1,0.049066205,0.520371154,0.4
53,0,1,0.129881449,0.520371154,0.4
53,0,1,0.326892128,0.44663333,0.8
53,0,1,0.188911153,0.520705705,0.4
53,0,1,0.014587244,0.520705705,0.6
53,0,1,0.235715352,0.520705705,0.6
53,0,1,0.032293848,0.520705705,0.6
53,0,1,0.062566772,0.484843053,0.4
53,0,1,0.047812852,0.495297521,0.2
53,0,1,0.007411426,0.520705705,0.2
42,1,1,0.049733363,0.493682087,0.6
53,0,1,0.132617476,0.523499886,0.2
53,0,1,0.021021724,0.520705705,0.6
53,0,1,0.000847454,0.520705705,0.8
53,0,1,0.025006717,0.508832781,0.4
53,0,1,0.207265013,0.534858999,0.4
53,0,1,0.068542248,0.523499886,0.6
53,0,1,0.075641263,0.508832781,0.4
53,0,1,0.064080204,0.508832781,0.4
53,0,1,0.014693085,0.527802154,0.8
53,0,1,0.010174818,0.508449245,0.8
53,0,1,0.092239254,0.444277921,0.8
53,0,1,0.057003352,0.444277921,0.6
47,1,1,0.153580717,0.444277921,0.8
53,0,1,0.017089969,0.575428299,0.2
53,0,1,0.035965796,0.575428299,0.2
53,0,1,0.007827055,0.479422487,0.2
76,0,1,0.220628079,0.616753205,0.8
52,0,1,0.039005414,0.453548433,0.8
40,1,1,0.030445571,0.479422487,0.2
73,0,1,0.012888501,0.565560598,0.2
53,0,1,0.13567781,0.453548433,0.2
76,0,1,0.153911808,0.615977797,0.8
41,1,1,0.095537051,0.499880145,0.4
53,0,1,0.196711702,0.463482836,0.2
76,0,1,0.034592219,0.621098204,0.8
55,1,1,0.109000529,0.60626747,1
53,0,1,0.013831026,0.499880145,1
53,0,1,0.105667452,0.495297521,0.2
27,1,1,0.046424711,0.463482836,0.2
76,0,1,0.034055417,0.615977797,0.8
53,0,1,0.013990556,0.519738529,0.8
53,0,1,0.040951209,0.489451732,0.2
53,0,1,0.045534563,0.489451732,0.2
76,0,1,0.220400114,0.609447271,0.8
53,0,1,0.031090521,0.489451732,0.8
53,0,1,0.08986779,0.489451732,0.4
53,0,1,0.349788545,0.508832781,0.4
47,1,1,0.053960658,0.489451732,0.4
53,0,1,0.059492869,0.489451732,0.4
53,0,1,0.032355091,0.489451732,0.8
53,0,1,0.040776617,0.489451732,0.4
41,0,1,0.000596824,0.482854505,0.2
53,0,1,0.096542538,0.52511011,0.8
53,0,1,0.007251806,0.527802154,0.4
53,0,1,0.17858083,0.426296569,0.8
53,0,1,0.022577176,0.482089518,0.4
53,0,1,0.066807637,0.494475213,0.6
53,0,1,0.038419265,0.494475213,0.4
53,0,1,0.001250567,0.494475213,0.6
50,0,1,0.035085374,0.544233732,0.8
53,0,1,0.119855984,0.48660544,0.4
50,0,1,0.130577555,0.488803473,0.6
53,0,1,0.046632321,0.438698939,0.6
53,0,1,0.0585887,0.477694493,0.8
53,0,1,0.09147892,0.438698939,0.6
53,0,1,0.069644529,0.447655744,0.8
53,0,1,0.041099748,0.439375337,0.4
53,0,1,0.056480028,0.535757389,0.8
53,0,1,0.071309937,0.493487192,1
53,0,1,0.010882141,0.535757389,1
53,0,1,0.135113779,0.493487192,0.6
53,0,1,0.025724127,0.493487192,0.4
53,0,1,0.049745123,0.429414879,0.2
76,0,1,0.137755725,0.563216654,1
53,0,1,0.179480024,0.448938711,0.4
76,0,1,0.080935107,0.608043406,0.2
53,0,1,0.034827014,0.488195862,1
53,0,1,0.162180499,0.505946885,1
53,0,1,0.083358587,0.488195862,1
53,0,1,0.010192232,0.488195862,0.4
53,0,1,0.044687521,0.449476495,0.2
53,0,1,0.071978452,0.448938711,0.4
53,0,1,0.158096586,0.470387517,0.4
53,0,1,0.229531361,0.470387517,0.2
53,0,1,0.157447973,0.470387517,0.6
53,0,1,0.068883743,0.451039819,0.2
53,0,1,0.046973816,0.451039819,0.2
53,0,1,0.07500441,0.505946885,0.2
50,0,1,0.147729627,0.508658731,0.2
53,0,1,0.016430862,0.508658731,0.2
42,1,1,0.211101964,0.454053908,0.4
53,0,1,0.049714818,0.454053908,0.6
53,0,1,0.00260388,0.454053908,0.4
53,0,1,0.159164492,0.46641042,0.4
53,0,1,0.035783696,0.508412768,0.6
53,0,1,0.061304373,0.508412768,0.4
53,0,1,0.040127371,0.508412768,0.4
53,0,1,0.047457788,0.46641042,0.4
53,0,1,0.034059488,0.454053908,0.2
53,0,1,0.004452564,0.454053908,0.6
40,1,1,0.083966945,0.508124074,0.2
53,0,1,0.11535866,0.508124074,0.4
53,0,1,0.177883367,0.471565221,0.6
53,0,1,0.026370072,0.460193602,0.2
53,0,1,0.019621145,0.435052225,0.2
53,0,1,0.041632932,0.460193602,0.2
53,0,1,0.099004012,0.508124074,0.2
53,0,1,0.246570355,0.426733257,0.4
53,0,1,0.021374165,0.449481706,1
53,0,1,0.091821319,0.508475301,0.6
53,0,1,0.040385278,0.439375337,0.2
53,0,1,0.042217001,0.508475301,0.6
53,0,1,0.153056037,0.49553202,0.4
40,1,1,0.055529724,0.4713672,1
53,0,1,0.01723602,0.471565221,0.4
46,1,1,0.058050451,0.530110662,0.4
53,0,1,0.131657673,0.451258684,0.4
53,0,1,0.065703999,0.451258684,0.2
53,0,1,0.030943565,0.470074852,0.2
53,0,1,0.028413701,0.42063004,0.2
53,0,1,0.07872376,0.45780797,0.2
53,0,1,0.057753283,0.469065987,0.2
53,0,1,0.044425,0.42063004,0.2
53,0,1,0.0282667,0.492002034,0.2
39,1,1,1,0.558265086,0.8
53,0,1,0.007194589,0.470834627,0.6
53,0,1,0.05755698,0.558265086,0.2
53,0,1,0.136272146,0.490972325,0.2
53,0,1,0.042198772,0.486699239,0.4
53,0,1,0.11462863,0.48462523,0.2
53,0,1,0.231065146,0.529392576,0.4
53,0,1,0.156933696,0.530573406,0.4
53,0,1,0.055606616,0.466634497,0.2
53,0,1,0.011947966,0.466634497,0.2
29,1,1,0.04662825,0.474884679,0.2
53,0,1,0.014324723,0.474884679,0.8
53,0,1,0.104570599,0.597702539,0.6
53,0,1,0.229453564,0.48462523,0.6
53,0,1,0.154683903,0.498177164,0.6
53,0,1,0.046670768,0.47210092,1
53,0,1,0.011888306,0.47210092,1
53,0,1,0.105360333,0.471354693,1
53,0,1,0.038354991,0.660694074,1
53,0,1,0.017703393,0.47210092,1
53,0,1,0.001249323,0.473536051,0.4
53,0,1,0.002757756,0.48462523,0.2
53,0,1,0.104894906,0.660694074,1
40,1,1,0.089492824,0.498177164,1
53,0,1,0.01929227,0.660694074,0.6
53,0,1,0.047750433,0.541259247,0.2
53,0,1,0.047470905,0.475688227,0.6
