   0.84972690,  0.05489599,  0.07611804,  0.00333674,  0.00508715,  0.00652133,  0.00031906,  0.00093421,  0.00306059,  0.00000000,
   0.00000000,  0.75053519,  0.06315258,  0.00276838,  0.13470553,  0.00627078,  0.00030680,  0.03920015,  0.00306059,  0.00000000,
   0.00000000,  0.00000000,  0.78188160,  0.00266017,  0.00406281,  0.11740305,  0.00029032,  0.00085246,  0.09284959,  0.00000000,
   0.00000000,  0.00000000,  0.00000000,  0.81950825,  0.00427191,  0.00543926,  0.16680305,  0.00093683,  0.00306872,  0.00000000,
   0.00000000,  0.00000000,  0.00000000,  0.00000000,  0.59263933,  0.00391321,  0.00019153,  0.40018720,  0.00306872,  0.00000000,
   0.00000000,  0.00000000,  0.00000000,  0.00000000,  0.00000000,  0.28801705,  0.00009247,  0.00027100,  0.71161949,  0.00000000,
   0.00000000,  0.00000000,  0.00000000,  0.00000000,  0.00000000,  0.00000000,  0.99599444,  0.00093683,  0.00306873,  0.00000000,
   0.00000000,  0.00000000,  0.00000000,  0.00000000,  0.00000000,  0.00000000,  0.00000000,  0.99693127,  0.00306873,  0.00000000,
   0.00000000,  0.00000000,  0.00000000,  0.00000000,  0.00000000,  0.00000000,  0.00000000,  0.00000000,  1.00000000,  0.00000000,
   0.00000000,  0.00000000,  0.00000000,  0.00000000,  0.00000000,  0.00000000,  0.00000000,  0.00000000,  0.00000000,  1.00000000,
   0.72191811,  0.08787237,  0.12708729,  0.00585350,  0.01551599,  0.01676797,  0.00117954,  0.00614387,  0.01766135,  0.00000000,
   0.00000000,  0.56314128,  0.08837854,  0.00407062,  0.18674598,  0.01473969,  0.00103686,  0.12422569,  0.01766135,  0.00000000,
   0.00000000,  0.00000000,  0.60486327,  0.00377911,  0.01002518,  0.12576178,  0.00090059,  0.00469712,  0.24997295,  0.00000000,
   0.00000000,  0.00000000,  0.00000000,  0.65404260,  0.01096162,  0.01164054,  0.29970964,  0.00615186,  0.01768237,  0.00000000,
   0.00000000,  0.00000000,  0.00000000,  0.00000000,  0.34531116,  0.00604620,  0.00042546,  0.63053481,  0.01768237,  0.00000000,
   0.00000000,  0.00000000,  0.00000000,  0.00000000,  0.00000000,  0.08243987,  0.00009983,  0.00052017,  0.91694013,  0.00000000,
   0.00000000,  0.00000000,  0.00000000,  0.00000000,  0.00000000,  0.00000000,  0.97616575,  0.00615187,  0.01768238,  0.00000000,
   0.00000000,  0.00000000,  0.00000000,  0.00000000,  0.00000000,  0.00000000,  0.00000000,  0.98231762,  0.01768238,  0.00000000,
   0.00000000,  0.00000000,  0.00000000,  0.00000000,  0.00000000,  0.00000000,  0.00000000,  0.00000000,  1.00000000,  0.00000000,
   0.00000000,  0.00000000,  0.00000000,  0.00000000,  0.00000000,  0.00000000,  0.00000000,  0.00000000,  0.00000000,  1.00000000,
   0.61333325,  0.10559356,  0.15805472,  0.00756425,  0.02648438,  0.02520248,  0.00240897,  0.01692917,  0.04442921,  0.00000000,
   0.00000000,  0.42253595,  0.09289374,  0.00444575,  0.19330550,  0.01972924,  0.00188581,  0.22077479,  0.04442921,  0.00000000,
   0.00000000,  0.00000000,  0.46406748,  0.00400273,  0.01402106,  0.10756809,  0.00151722,  0.01067134,  0.39815208,  0.00000000,
   0.00000000,  0.00000000,  0.00000000,  0.51149310,  0.01574579,  0.01457859,  0.39720267,  0.01694262,  0.04446123,  0.00000000,
   0.00000000,  0.00000000,  0.00000000,  0.00000000,  0.19870057,  0.00549866,  0.00052573,  0.75081381,  0.04446123,  0.00000000,
   0.00000000,  0.00000000,  0.00000000,  0.00000000,  0.00000000,  0.02343853,  0.00006035,  0.00042418,  0.97607695,  0.00000000,
   0.00000000,  0.00000000,  0.00000000,  0.00000000,  0.00000000,  0.00000000,  0.93859614,  0.01694263,  0.04446124,  0.00000000,
   0.00000000,  0.00000000,  0.00000000,  0.00000000,  0.00000000,  0.00000000,  0.00000000,  0.95553876,  0.04446124,  0.00000000,
   0.00000000,  0.00000000,  0.00000000,  0.00000000,  0.00000000,  0.00000000,  0.00000000,  0.00000000,  1.00000000,  0.00000000,
   0.00000000,  0.00000000,  0.00000000,  0.00000000,  0.00000000,  0.00000000,  0.00000000,  0.00000000,  0.00000000,  1.00000000,
   0.52108082,  0.11292462,  0.17385365,  0.00857270,  0.03563922,  0.03082783,  0.00382500,  0.03260903,  0.08066714,  0.00000000,
   0.00000000,  0.31703702,  0.08693623,  0.00428681,  0.17757129,  0.02119531,  0.00262983,  0.30967636,  0.08066714,  0.00000000,
   0.00000000,  0.00000000,  0.35367303,  0.00375305,  0.01560732,  0.08593582,  0.00198840,  0.01696186,  0.52208053,  0.00000000,
   0.00000000,  0.00000000,  0.00000000,  0.39365226,  0.01781120,  0.01486736,  0.46095745,  0.03262667,  0.08070709,  0.00000000,
   0.00000000,  0.00000000,  0.00000000,  0.00000000,  0.11322948,  0.00409750,  0.00050852,  0.80145740,  0.08070709,  0.00000000,
   0.00000000,  0.00000000,  0.00000000,  0.00000000,  0.00000000,  0.00661713,  0.00002868,  0.00024455,  0.99310964,  0.00000000,
   0.00000000,  0.00000000,  0.00000000,  0.00000000,  0.00000000,  0.00000000,  0.88666622,  0.03262667,  0.08070710,  0.00000000,
   0.00000000,  0.00000000,  0.00000000,  0.00000000,  0.00000000,  0.00000000,  0.00000000,  0.91929290,  0.08070710,  0.00000000,
   0.00000000,  0.00000000,  0.00000000,  0.00000000,  0.00000000,  0.00000000,  0.00000000,  0.00000000,  1.00000000,  0.00000000,
   0.00000000,  0.00000000,  0.00000000,  0.00000000,  0.00000000,  0.00000000,  0.00000000,  0.00000000,  0.00000000,  1.00000000,
   0.44270422,  0.11335703,  0.17860603,  0.00901520,  0.04212940,  0.03389929,  0.00526531,  0.05160896,  0.12341457,  0.00000000,
   0.00000000,  0.23787910,  0.07640641,  0.00385664,  0.15294577,  0.02032235,  0.00315651,  0.38201866,  0.12341457,  0.00000000,
   0.00000000,  0.00000000,  0.26806774,  0.00328949,  0.01537569,  0.06681241,  0.00227095,  0.02226960,  0.62191411,  0.00000000,
   0.00000000,  0.00000000,  0.00000000,  0.29908652,  0.01767808,  0.01363541,  0.49524246,  0.05162902,  0.12345969,  0.00000000,
   0.00000000,  0.00000000,  0.00000000,  0.00000000,  0.06402763,  0.00276250,  0.00042917,  0.80932102,  0.12345969,  0.00000000,
   0.00000000,  0.00000000,  0.00000000,  0.00000000,  0.00000000,  0.00185576,  0.00001192,  0.00011689,  0.99801543,  0.00000000,
   0.00000000,  0.00000000,  0.00000000,  0.00000000,  0.00000000,  0.00000000,  0.82491127,  0.05162903,  0.12345969,  0.00000000,
   0.00000000,  0.00000000,  0.00000000,  0.00000000,  0.00000000,  0.00000000,  0.00000000,  0.87654031,  0.12345969,  0.00000000,
   0.00000000,  0.00000000,  0.00000000,  0.00000000,  0.00000000,  0.00000000,  0.00000000,  0.00000000,  1.00000000,  0.00000000,
   0.00000000,  0.00000000,  0.00000000,  0.00000000,  0.00000000,  0.00000000,  0.00000000,  0.00000000,  0.00000000,  1.00000000,
   0.37611637,  0.10937557,  0.17565191,  0.00902964,  0.04592547,  0.03495770,  0.00660414,  0.07216405,  0.17017515,  0.00000000,
   0.00000000,  0.17848535,  0.06457634,  0.00331964,  0.12663544,  0.01820951,  0.00344010,  0.43515846,  0.17017515,  0.00000000,
   0.00000000,  0.00000000,  0.20226339,  0.00276243,  0.01405226,  0.05125918,  0.00237711,  0.02598476,  0.70130087,  0.00000000,
   0.00000000,  0.00000000,  0.00000000,  0.22487026,  0.01616484,  0.01173108,  0.50557823,  0.07218483,  0.17022322,  0.00000000,
   0.00000000,  0.00000000,  0.00000000,  0.00000000,  0.03598141,  0.00175668,  0.00033193,  0.79170675,  0.17022322,  0.00000000,
   0.00000000,  0.00000000,  0.00000000,  0.00000000,  0.00000000,  0.00051733,  0.00000455,  0.00004973,  0.99942840,  0.00000000,
   0.00000000,  0.00000000,  0.00000000,  0.00000000,  0.00000000,  0.00000000,  0.75759193,  0.07218483,  0.17022323,  0.00000000,
   0.00000000,  0.00000000,  0.00000000,  0.00000000,  0.00000000,  0.00000000,  0.00000000,  0.82977677,  0.17022323,  0.00000000,
   0.00000000,  0.00000000,  0.00000000,  0.00000000,  0.00000000,  0.00000000,  0.00000000,  0.00000000,  1.00000000,  0.00000000,
   0.00000000,  0.00000000,  0.00000000,  0.00000000,  0.00000000,  0.00000000,  0.00000000,  0.00000000,  0.00000000,  1.00000000,
   0.31954410,  0.10272995,  0.16759696,  0.00873951,  0.04738655,  0.03454345,  0.00775656,  0.09269719,  0.21900572,  0.00000000,
   0.00000000,  0.13392106,  0.05315213,  0.00277167,  0.10215519,  0.01561414,  0.00350608,  0.46987401,  0.21900572,  0.00000000,
   0.00000000,  0.00000000,  0.15203489,  0.00225255,  0.01221508,  0.03901629,  0.00234243,  0.02800284,  0.76413593,  0.00000000,
   0.00000000,  0.00000000,  0.00000000,  0.16761919,  0.01398024,  0.00967349,  0.49766443,  0.09271727,  0.21905505,  0.00000000,
   0.00000000,  0.00000000,  0.00000000,  0.00000000,  0.02011842,  0.00107588,  0.00024162,  0.75950903,  0.21905505,  0.00000000,
   0.00000000,  0.00000000,  0.00000000,  0.00000000,  0.00000000,  0.00014345,  0.00000164,  0.00001955,  0.99983537,  0.00000000,
   0.00000000,  0.00000000,  0.00000000,  0.00000000,  0.00000000,  0.00000000,  0.68822766,  0.09271727,  0.21905506,  0.00000000,
   0.00000000,  0.00000000,  0.00000000,  0.00000000,  0.00000000,  0.00000000,  0.00000000,  0.78094494,  0.21905506,  0.00000000,
   0.00000000,  0.00000000,  0.00000000,  0.00000000,  0.00000000,  0.00000000,  0.00000000,  0.00000000,  1.00000000,  0.00000000,
   0.00000000,  0.00000000,  0.00000000,  0.00000000,  0.00000000,  0.00000000,  0.00000000,  0.00000000,  0.00000000,  1.00000000,
   0.27148096,  0.09463562,  0.15641082,  0.00824745,  0.04700820,  0.03311697,  0.00867506,  0.11197774,  0.26844717,  0.00000000,
   0.00000000,  0.10048360,  0.04292819,  0.00226358,  0.08093703,  0.01298881,  0.00340245,  0.48854916,  0.26844717,  0.00000000,
   0.00000000,  0.00000000,  0.11391532,  0.00179801,  0.01024920,  0.02953278,  0.00220810,  0.02851001,  0.81378657,  0.00000000,
   0.00000000,  0.00000000,  0.00000000,  0.12405291,  0.01161770,  0.00774065,  0.47672598,  0.11199608,  0.26849652,  0.00000000,
   0.00000000,  0.00000000,  0.00000000,  0.00000000,  0.01120227,  0.00064212,  0.00016823,  0.71949085,  0.26849652,  0.00000000,
   0.00000000,  0.00000000,  0.00000000,  0.00000000,  0.00000000,  0.00003960,  0.00000056,  0.00000726,  0.99995258,  0.00000000,
   0.00000000,  0.00000000,  0.00000000,  0.00000000,  0.00000000,  0.00000000,  0.61950739,  0.11199608,  0.26849653,  0.00000001,
   0.00000000,  0.00000000,  0.00000000,  0.00000000,  0.00000000,  0.00000000,  0.00000000,  0.73150347,  0.26849653,  0.00000000,
   0.00000000,  0.00000000,  0.00000000,  0.00000000,  0.00000000,  0.00000000,  0.00000000,  0.00000000,  1.00000000,  0.00000000,
   0.00000000,  0.00000000,  0.00000000,  0.00000000,  0.00000000,  0.00000000,  0.00000000,  0.00000000,  0.00000000,  1.00000000,
   0.23064708,  0.08592176,  0.14353938,  0.00763427,  0.04528864,  0.03104442,  0.00934246,  0.12915157,  0.31743043,  0.00000000,
   0.00000000,  0.07539482,  0.03418570,  0.00181820,  0.06330763,  0.01057179,  0.00318146,  0.49410998,  0.31743043,  0.00000000,
   0.00000000,  0.00000000,  0.08512261,  0.00141238,  0.00837932,  0.02225776,  0.00201199,  0.02782074,  0.85299520,  0.00000000,
   0.00000000,  0.00000000,  0.00000000,  0.09126190,  0.00937181,  0.00605746,  0.44719721,  0.12916749,  0.31747890,  0.00000000,
   0.00000000,  0.00000000,  0.00000000,  0.00000000,  0.00621620,  0.00037617,  0.00011322,  0.67581550,  0.31747890,  0.00000000,
   0.00000000,  0.00000000,  0.00000000,  0.00000000,  0.00000000,  0.00001089,  0.00000019,  0.00000258,  0.99998634,  0.00000000,
   0.00000000,  0.00000000,  0.00000000,  0.00000000,  0.00000000,  0.00000000,  0.55335359,  0.12916750,  0.31747891,  0.00000001,
   0.00000000,  0.00000000,  0.00000000,  0.00000000,  0.00000000,  0.00000000,  0.00000000,  0.68252109,  0.31747891,  0.00000000,
   0.00000000,  0.00000000,  0.00000000,  0.00000000,  0.00000000,  0.00000000,  0.00000000,  0.00000000,  1.00000000,  0.00000000,
   0.00000000,  0.00000000,  0.00000000,  0.00000000,  0.00000000,  0.00000000,  0.00000000,  0.00000000,  0.00000000,  1.00000000,
   0.19595508,  0.07714022,  0.13001247,  0.00696081,  0.04266639,  0.02860448,  0.00976387,  0.14370540,  0.36519128,  0.00000000,
   0.00000000,  0.05657021,  0.02693138,  0.00144189,  0.04905595,  0.00846629,  0.00288989,  0.48945311,  0.36519128,  0.00000000,
   0.00000000,  0.00000000,  0.06346075,  0.00109583,  0.00671735,  0.01671522,  0.00178484,  0.02627505,  0.88395096,  0.00000000,
   0.00000000,  0.00000000,  0.00000000,  0.06680096,  0.00739007,  0.00465993,  0.41263145,  0.14371854,  0.36523823,  0.00000000,
   0.00000000,  0.00000000,  0.00000000,  0.00000000,  0.00343954,  0.00021732,  0.00007419,  0.63103072,  0.36523823,  0.00000000,
   0.00000000,  0.00000000,  0.00000000,  0.00000000,  0.00000000,  0.00000298,  0.00000006,  0.00000089,  0.99999607,  0.00000000,
   0.00000000,  0.00000000,  0.00000000,  0.00000000,  0.00000000,  0.00000000,  0.49104322,  0.14371854,  0.36523823,  0.00000001,
   0.00000000,  0.00000000,  0.00000000,  0.00000000,  0.00000000,  0.00000000,  0.00000000,  0.63476177,  0.36523823,  0.00000000,
   0.00000000,  0.00000000,  0.00000000,  0.00000000,  0.00000000,  0.00000000,  0.00000000,  0.00000000,  1.00000000,  0.00000000,
   0.00000000,  0.00000000,  0.00000000,  0.00000000,  0.00000000,  0.00000000,  0.00000000,  0.00000000,  0.00000000,  1.00000000,
   0.16648116,  0.06864532,  0.11653859,  0.00627098,  0.03949855,  0.02600165,  0.00995925,  0.15540407,  0.41120042,  0.00000000,
   0.00000000,  0.04244574,  0.02103790,  0.00113206,  0.03774847,  0.00669704,  0.00256513,  0.47717324,  0.41120042,  0.00000000,
   0.00000000,  0.00000000,  0.04721792,  0.00084200,  0.00530374,  0.01251522,  0.00154948,  0.02418268,  0.90838896,  0.00000000,
   0.00000000,  0.00000000,  0.00000000,  0.04868813,  0.00572460,  0.00353700,  0.37574208,  0.15541431,  0.41124542,  0.00000000,
   0.00000000,  0.00000000,  0.00000000,  0.00000000,  0.00189860,  0.00012422,  0.00004758,  0.58668418,  0.41124542,  0.00000000,
   0.00000000,  0.00000000,  0.00000000,  0.00000000,  0.00000000,  0.00000081,  0.00000002,  0.00000030,  0.99999887,  0.00000000,
   0.00000000,  0.00000000,  0.00000000,  0.00000000,  0.00000000,  0.00000000,  0.43334026,  0.15541431,  0.41124542,  0.00000001,
   0.00000000,  0.00000000,  0.00000000,  0.00000000,  0.00000000,  0.00000000,  0.00000000,  0.58875458,  0.41124542,  0.00000000,
   0.00000000,  0.00000000,  0.00000000,  0.00000000,  0.00000000,  0.00000000,  0.00000000,  0.00000000,  1.00000000,  0.00000000,
   0.00000000,  0.00000000,  0.00000000,  0.00000000,  0.00000000,  0.00000000,  0.00000000,  0.00000000,  0.00000000,  1.00000000,
   0.14144046,  0.06065218,  0.10358388,  0.00559504,  0.03606001,  0.02338054,  0.00995716,  0.16422275,  0.45510798,  0.00000000,
   0.00000000,  0.03184787,  0.01632383,  0.00088173,  0.02889502,  0.00524708,  0.00223460,  0.45946189,  0.45510798,  0.00000000,
   0.00000000,  0.00000000,  0.03507278,  0.00064197,  0.00413764,  0.00934655,  0.00132146,  0.02179863,  0.92768096,  0.00000000,
   0.00000000,  0.00000000,  0.00000000,  0.03535807,  0.00437207,  0.00265593,  0.33850878,  0.16423015,  0.45515075,  0.00000000,
   0.00000000,  0.00000000,  0.00000000,  0.00000000,  0.00104590,  0.00007041,  0.00002999,  0.54370296,  0.45515075,  0.00000000,
   0.00000000,  0.00000000,  0.00000000,  0.00000000,  0.00000000,  0.00000022,  0.00000001,  0.00000010,  0.99999967,  0.00000000,
   0.00000000,  0.00000000,  0.00000000,  0.00000000,  0.00000000,  0.00000000,  0.38061909,  0.16423015,  0.45515075,  0.00000001,
   0.00000000,  0.00000000,  0.00000000,  0.00000000,  0.00000000,  0.00000000,  0.00000000,  0.54484925,  0.45515075,  0.00000000,
   0.00000000,  0.00000000,  0.00000000,  0.00000000,  0.00000000,  0.00000000,  0.00000000,  0.00000000,  1.00000000,  0.00000000,
   0.00000000,  0.00000000,  0.00000000,  0.00000000,  0.00000000,  0.00000000,  0.00000000,  0.00000000,  0.00000000,  1.00000000,
   0.12016618,  0.05327907,  0.09143578,  0.00495268,  0.03255256,  0.02083902,  0.00979004,  0.17028474,  0.49669992,  0.00000000,
   0.00000000,  0.02389608,  0.01259739,  0.00068235,  0.02202939,  0.00408014,  0.00191683,  0.43809791,  0.49669992,  0.00000000,
   0.00000000,  0.00000000,  0.02601337,  0.00048639,  0.00319703,  0.00696479,  0.00111043,  0.01931758,  0.94291040,  0.00000000,
   0.00000000,  0.00000000,  0.00000000,  0.02559824,  0.00330110,  0.00197698,  0.30230672,  0.17028949,  0.49674030,  0.00000001,
   0.00000000,  0.00000000,  0.00000000,  0.00000000,  0.00057519,  0.00003964,  0.00001862,  0.50262625,  0.49674030,  0.00000000,
   0.00000000,  0.00000000,  0.00000000,  0.00000000,  0.00000000,  0.00000006,  0.00000000,  0.00000003,  0.99999991,  0.00000000,
   0.00000000,  0.00000000,  0.00000000,  0.00000000,  0.00000000,  0.00000000,  0.33297020,  0.17028949,  0.49674030,  0.00000001,
   0.00000000,  0.00000000,  0.00000000,  0.00000000,  0.00000000,  0.00000000,  0.00000000,  0.50325969,  0.49674031,  0.00000000,
   0.00000000,  0.00000000,  0.00000000,  0.00000000,  0.00000000,  0.00000000,  0.00000000,  0.00000000,  1.00000000,  0.00000000,
   0.00000000,  0.00000000,  0.00000000,  0.00000000,  0.00000000,  0.00000000,  0.00000000,  0.00000000,  0.00000000,  1.00000000,
   0.10209179,  0.04657810,  0.08025291,  0.00435569,  0.02911744,  0.01843959,  0.00949084,  0.17380955,  0.53586408,  0.00000000,
   0.00000000,  0.01792970,  0.00967856,  0.00052530,  0.01674308,  0.00315366,  0.00162318,  0.41448244,  0.53586408,  0.00000000,
   0.00000000,  0.00000000,  0.01926956,  0.00036664,  0.00245104,  0.00518013,  0.00092150,  0.01687839,  0.95493274,  0.00000000,
   0.00000000,  0.00000000,  0.00000000,  0.01848337,  0.00246927,  0.00146106,  0.26803452,  0.17381190,  0.53590201,  0.00000001,
   0.00000000,  0.00000000,  0.00000000,  0.00000000,  0.00031586,  0.00002220,  0.00001143,  0.46374850,  0.53590201,  0.00000000,
   0.00000000,  0.00000000,  0.00000000,  0.00000000,  0.00000000,  0.00000002,  0.00000000,  0.00000001,  0.99999997,  0.00000000,
   0.00000000,  0.00000000,  0.00000000,  0.00000000,  0.00000000,  0.00000000,  0.29028608,  0.17381190,  0.53590201,  0.00000001,
   0.00000000,  0.00000000,  0.00000000,  0.00000000,  0.00000000,  0.00000000,  0.00000000,  0.46409799,  0.53590201,  0.00000000,
   0.00000000,  0.00000000,  0.00000000,  0.00000000,  0.00000000,  0.00000000,  0.00000000,  0.00000000,  1.00000000,  0.00000000,
   0.00000000,  0.00000000,  0.00000000,  0.00000000,  0.00000000,  0.00000000,  0.00000000,  0.00000000,  0.00000000,  1.00000000,
   0.08673600,  0.04055724,  0.07010331,  0.00381013,  0.02584805,  0.01621858,  0.00909078,  0.17507206,  0.57256385,  0.00000000,
   0.00000000,  0.01345301,  0.00740888,  0.00040267,  0.01269457,  0.00242571,  0.00135965,  0.38969167,  0.57256385,  0.00000000,
   0.00000000,  0.00000000,  0.01425834,  0.00027521,  0.00186710,  0.00384645,  0.00075661,  0.01457295,  0.96442334,  0.00000000,
   0.00000000,  0.00000000,  0.00000000,  0.01331573,  0.00183285,  0.00107335,  0.23622867,  0.17507229,  0.57259931,  0.00000001,
   0.00000000,  0.00000000,  0.00000000,  0.00000000,  0.00017324,  0.00001237,  0.00000694,  0.42720814,  0.57259931,  0.00000000,
   0.00000000,  0.00000000,  0.00000000,  0.00000000,  0.00000000,  0.00000000,  0.00000000,  0.00000000,  0.99999999,  0.00000000,
   0.00000000,  0.00000000,  0.00000000,  0.00000000,  0.00000000,  0.00000000,  0.25232840,  0.17507228,  0.57259931,  0.00000001,
   0.00000000,  0.00000000,  0.00000000,  0.00000000,  0.00000000,  0.00000000,  0.00000000,  0.42740069,  0.57259931,  0.00000000,
   0.00000000,  0.00000000,  0.00000000,  0.00000000,  0.00000000,  0.00000000,  0.00000000,  0.00000000,  1.00000000,  0.00000000,
   0.00000000,  0.00000000,  0.00000000,  0.00000000,  0.00000000,  0.00000000,  0.00000000,  0.00000000,  0.00000000,  1.00000000,
   0.07368990,  0.03519605,  0.06099327,  0.00331802,  0.02280143,  0.01419355,  0.00861804,  0.17437204,  0.60681770,  0.00000000,
   0.00000000,  0.01009405,  0.00565426,  0.00030759,  0.00960669,  0.00185840,  0.00112838,  0.36453292,  0.60681770,  0.00000000,
   0.00000000,  0.00000000,  0.01054023,  0.00020587,  0.00141476,  0.00285209,  0.00061554,  0.01245618,  0.97191533,  0.00000000,
   0.00000000,  0.00000000,  0.00000000,  0.00957412,  0.00135174,  0.00078461,  0.20715960,  0.17437046,  0.60685074,  0.00000001,
   0.00000000,  0.00000000,  0.00000000,  0.00000000,  0.00009492,  0.00000687,  0.00000417,  0.39304329,  0.60685075,  0.00000000,
   0.00000000,  0.00000000,  0.00000000,  0.00000000,  0.00000000,  0.00000000,  0.00000000,  0.00000000,  1.00000000,  0.00000000,
   0.00000000,  0.00000000,  0.00000000,  0.00000000,  0.00000000,  0.00000000,  0.21877879,  0.17437045,  0.60685074,  0.00000001,
   0.00000000,  0.00000000,  0.00000000,  0.00000000,  0.00000000,  0.00000000,  0.00000000,  0.39314925,  0.60685075,  0.00000000,
   0.00000000,  0.00000000,  0.00000000,  0.00000000,  0.00000000,  0.00000000,  0.00000000,  0.00000000,  1.00000000,  0.00000000,
   0.00000000,  0.00000000,  0.00000000,  0.00000000,  0.00000000,  0.00000000,  0.00000000,  0.00000000,  0.00000000,  1.00000000,
   0.06260608,  0.03045671,  0.05288857,  0.00287868,  0.02000782,  0.01236895,  0.00809712,  0.17201249,  0.63868357,  0.00000000,
   0.00000000,  0.00757377,  0.00430425,  0.00023428,  0.00725895,  0.00141912,  0.00092901,  0.33959705,  0.63868357,  0.00000000,
   0.00000000,  0.00000000,  0.00778519,  0.00015355,  0.00106726,  0.00211218,  0.00049681,  0.01055540,  0.97782961,  0.00000000,
   0.00000000,  0.00000000,  0.00000000,  0.00687227,  0.00099157,  0.00057115,  0.18090904,  0.17200940,  0.63871426,  0.00000001,
   0.00000000,  0.00000000,  0.00000000,  0.00000000,  0.00005196,  0.00000381,  0.00000249,  0.36122748,  0.63871426,  0.00000000,
   0.00000000,  0.00000000,  0.00000000,  0.00000000,  0.00000000,  0.00000000,  0.00000000,  0.00000000,  1.00000000,  0.00000000,
   0.00000000,  0.00000000,  0.00000000,  0.00000000,  0.00000000,  0.00000000,  0.18927633,  0.17200939,  0.63871426,  0.00000001,
   0.00000000,  0.00000000,  0.00000000,  0.00000000,  0.00000000,  0.00000000,  0.00000000,  0.36128573,  0.63871427,  0.00000000,
   0.00000000,  0.00000000,  0.00000000,  0.00000000,  0.00000000,  0.00000000,  0.00000000,  0.00000000,  1.00000000,  0.00000000,
   0.00000000,  0.00000000,  0.00000000,  0.00000000,  0.00000000,  0.00000000,  0.00000000,  0.00000000,  0.00000000,  1.00000000,
   0.05318940,  0.02629176,  0.04573001,  0.00248969,  0.01747836,  0.01074045,  0.00754864,  0.16828495,  0.66824673,  0.00000000,
   0.00000000,  0.00568275,  0.00326961,  0.00017801,  0.00547833,  0.00108076,  0.00075958,  0.31530424,  0.66824673,  0.00000000,
   0.00000000,  0.00000000,  0.00574609,  0.00011425,  0.00080212,  0.00156255,  0.00039820,  0.00887838,  0.98249841,  0.00000000,
   0.00000000,  0.00000000,  0.00000000,  0.00492571,  0.00072407,  0.00041429,  0.15743002,  0.16828063,  0.66827516,  0.00000001,
   0.00000000,  0.00000000,  0.00000000,  0.00000000,  0.00002842,  0.00000210,  0.00000148,  0.33169283,  0.66827517,  0.00000000,
   0.00000000,  0.00000000,  0.00000000,  0.00000000,  0.00000000,  0.00000000,  0.00000000,  0.00000000,  1.00000000,  0.00000000,
   0.00000000,  0.00000000,  0.00000000,  0.00000000,  0.00000000,  0.00000000,  0.16344420,  0.16828063,  0.66827516,  0.00000001,
   0.00000000,  0.00000000,  0.00000000,  0.00000000,  0.00000000,  0.00000000,  0.00000000,  0.33172483,  0.66827517,  0.00000000,
   0.00000000,  0.00000000,  0.00000000,  0.00000000,  0.00000000,  0.00000000,  0.00000000,  0.00000000,  1.00000000,  0.00000000,
   0.00000000,  0.00000000,  0.00000000,  0.00000000,  0.00000000,  0.00000000,  0.00000000,  0.00000000,  0.00000000,  1.00000000,
   0.04518910,  0.02264938,  0.03944440,  0.00214758,  0.01521107,  0.00929811,  0.00698943,  0.16346029,  0.69561063,  0.00000000,
   0.00000000,  0.00426388,  0.00247921,  0.00013498,  0.00413047,  0.00082122,  0.00061732,  0.29194229,  0.69561063,  0.00000000,
   0.00000000,  0.00000000,  0.00423837,  0.00008484,  0.00060094,  0.00115487,  0.00031722,  0.00741972,  0.98618403,  0.00000000,
   0.00000000,  0.00000000,  0.00000000,  0.00352606,  0.00052670,  0.00029961,  0.13659226,  0.16345500,  0.69563692,  0.00000001,
   0.00000000,  0.00000000,  0.00000000,  0.00000000,  0.00001554,  0.00000116,  0.00000087,  0.30434550,  0.69563693,  0.00000000,
   0.00000000,  0.00000000,  0.00000000,  0.00000000,  0.00000000,  0.00000000,  0.00000000,  0.00000000,  1.00000000,  0.00000000,
   0.00000000,  0.00000000,  0.00000000,  0.00000000,  0.00000000,  0.00000000,  0.14090806,  0.16345500,  0.69563693,  0.00000001,
   0.00000000,  0.00000000,  0.00000000,  0.00000000,  0.00000000,  0.00000000,  0.00000000,  0.30436307,  0.69563693,  0.00000000,
   0.00000000,  0.00000000,  0.00000000,  0.00000000,  0.00000000,  0.00000000,  0.00000000,  0.00000000,  1.00000000,  0.00000000,
   0.00000000,  0.00000000,  0.00000000,  0.00000000,  0.00000000,  0.00000000,  0.00000000,  0.00000000,  0.00000000,  1.00000000,
   0.03839213,  0.01947690,  0.03395223,  0.00184835,  0.01319535,  0.00802868,  0.00643285,  0.15778352,  0.72088998,  0.00000000,
   0.00000000,  0.00319927,  0.00187704,  0.00010219,  0.00311175,  0.00062284,  0.00049904,  0.26969789,  0.72088998,  0.00000000,
   0.00000000,  0.00000000,  0.00312452,  0.00006290,  0.00044902,  0.00085286,  0.00025135,  0.00616585,  0.98909350,  0.00000000,
   0.00000000,  0.00000000,  0.00000000,  0.00252136,  0.00038188,  0.00021611,  0.11821558,  0.15777749,  0.72091424,  0.00000001,
   0.00000000,  0.00000000,  0.00000000,  0.00000000,  0.00000849,  0.00000064,  0.00000051,  0.27907611,  0.72091425,  0.00000000,
   0.00000000,  0.00000000,  0.00000000,  0.00000000,  0.00000000,  0.00000000,  0.00000000,  0.00000000,  1.00000000,  0.00000000,
   0.00000000,  0.00000000,  0.00000000,  0.00000000,  0.00000000,  0.00000000,  0.12130825,  0.15777749,  0.72091425,  0.00000001,
   0.00000000,  0.00000000,  0.00000000,  0.00000000,  0.00000000,  0.00000000,  0.00000000,  0.27908575,  0.72091425,  0.00000000,
   0.00000000,  0.00000000,  0.00000000,  0.00000000,  0.00000000,  0.00000000,  0.00000000,  0.00000000,  1.00000000,  0.00000000,
   0.00000000,  0.00000000,  0.00000000,  0.00000000,  0.00000000,  0.00000000,  0.00000000,  0.00000000,  0.00000000,  1.00000000,
   0.03261751,  0.01672311,  0.02917293,  0.00158781,  0.01141528,  0.00691727,  0.00588917,  0.15147147,  0.74420545,  0.00000000,
   0.00000000,  0.00240047,  0.00141929,  0.00007725,  0.00234277,  0.00047163,  0.00040154,  0.24868159,  0.74420545,  0.00000000,
   0.00000000,  0.00000000,  0.00230228,  0.00004656,  0.00033474,  0.00062938,  0.00019821,  0.00509857,  0.99139027,  0.00000000,
   0.00000000,  0.00000000,  0.00000000,  0.00180124,  0.00027610,  0.00015555,  0.10209379,  0.15146491,  0.74422781,  0.00000001,
   0.00000000,  0.00000000,  0.00000000,  0.00000000,  0.00000464,  0.00000035,  0.00000030,  0.25576689,  0.74422782,  0.00000000,
   0.00000000,  0.00000000,  0.00000000,  0.00000000,  0.00000000,  0.00000000,  0.00000000,  0.00000000,  1.00000000,  0.00000000,
   0.00000000,  0.00000000,  0.00000000,  0.00000000,  0.00000000,  0.00000000,  0.10430727,  0.15146490,  0.74422781,  0.00000001,
   0.00000000,  0.00000000,  0.00000000,  0.00000000,  0.00000000,  0.00000000,  0.00000000,  0.25577218,  0.74422782,  0.00000000,
   0.00000000,  0.00000000,  0.00000000,  0.00000000,  0.00000000,  0.00000000,  0.00000000,  0.00000000,  1.00000000,  0.00000000,
   0.00000000,  0.00000000,  0.00000000,  0.00000000,  0.00000000,  0.00000000,  0.00000000,  0.00000000,  0.00000000,  1.00000000,
   0.02771146,  0.01433964,  0.02502822,  0.00136181,  0.00985205,  0.00594843,  0.00536600,  0.14471252,  0.76567987,  0.00000000,
   0.00000000,  0.00180112,  0.00107200,  0.00005833,  0.00176288,  0.00035666,  0.00032174,  0.22894740,  0.76567987,  0.00000000,
   0.00000000,  0.00000000,  0.00169568,  0.00003443,  0.00024905,  0.00046417,  0.00015563,  0.00419766,  0.99320337,  0.00000000,
   0.00000000,  0.00000000,  0.00000000,  0.00128573,  0.00019914,  0.00011175,  0.08801139,  0.14470559,  0.76570045,  0.00000001,
   0.00000000,  0.00000000,  0.00000000,  0.00000000,  0.00000253,  0.00000019,  0.00000017,  0.23429664,  0.76570046,  0.00000000,
   0.00000000,  0.00000000,  0.00000000,  0.00000000,  0.00000000,  0.00000000,  0.00000000,  0.00000000,  1.00000000,  0.00000000,
   0.00000000,  0.00000000,  0.00000000,  0.00000000,  0.00000000,  0.00000000,  0.08959394,  0.14470559,  0.76570045,  0.00000001,
   0.00000000,  0.00000000,  0.00000000,  0.00000000,  0.00000000,  0.00000000,  0.00000000,  0.23429954,  0.76570046,  0.00000000,
   0.00000000,  0.00000000,  0.00000000,  0.00000000,  0.00000000,  0.00000000,  0.00000000,  0.00000000,  1.00000000,  0.00000000,
   0.00000000,  0.00000000,  0.00000000,  0.00000000,  0.00000000,  0.00000000,  0.00000000,  0.00000000,  0.00000000,  1.00000000,
   0.02354333,  0.01228174,  0.02144426,  0.00116639,  0.00848562,  0.00510699,  0.00486871,  0.13766761,  0.78543535,  0.00000000,
   0.00000000,  0.00135142,  0.00080893,  0.00004400,  0.00132594,  0.00026941,  0.00025684,  0.21050811,  0.78543535,  0.00000000,
   0.00000000,  0.00000000,  0.00124845,  0.00002543,  0.00018498,  0.00034215,  0.00012174,  0.00344260,  0.99463465,  0.00000000,
   0.00000000,  0.00000000,  0.00000000,  0.00091710,  0.00014334,  0.00008015,  0.07575483,  0.13766046,  0.78545427,  0.00000001,
   0.00000000,  0.00000000,  0.00000000,  0.00000000,  0.00000138,  0.00000011,  0.00000010,  0.21454413,  0.78545428,  0.00000000,
   0.00000000,  0.00000000,  0.00000000,  0.00000000,  0.00000000,  0.00000000,  0.00000000,  0.00000000,  1.00000000,  0.00000000,
   0.00000000,  0.00000000,  0.00000000,  0.00000000,  0.00000000,  0.00000000,  0.07688525,  0.13766046,  0.78545427,  0.00000002,
   0.00000000,  0.00000000,  0.00000000,  0.00000000,  0.00000000,  0.00000000,  0.00000000,  0.21454571,  0.78545429,  0.00000000,
   0.00000000,  0.00000000,  0.00000000,  0.00000000,  0.00000000,  0.00000000,  0.00000000,  0.00000000,  1.00000000,  0.00000000,
   0.00000000,  0.00000000,  0.00000000,  0.00000000,  0.00000000,  0.00000000,  0.00000000,  0.00000000,  0.00000000,  1.00000000,
   0.02000214,  0.01050867,  0.01835279,  0.00099786,  0.00729589,  0.00437844,  0.00440083,  0.13047209,  0.80359128,  0.00000000,
   0.00000000,  0.00101400,  0.00060994,  0.00003316,  0.00099693,  0.00020331,  0.00020435,  0.19334704,  0.80359128,  0.00000000,
   0.00000000,  0.00000000,  0.00091886,  0.00001876,  0.00013720,  0.00025208,  0.00009490,  0.00281367,  0.99576453,  0.00000000,
   0.00000000,  0.00000000,  0.00000000,  0.00065375,  0.00010299,  0.00005741,  0.06511965,  0.13046486,  0.80360866,  0.00000001,
   0.00000000,  0.00000000,  0.00000000,  0.00000000,  0.00000075,  0.00000006,  0.00000006,  0.19639046,  0.80360867,  0.00000000,
   0.00000000,  0.00000000,  0.00000000,  0.00000000,  0.00000000,  0.00000000,  0.00000000,  0.00000000,  1.00000000,  0.00000000,
   0.00000000,  0.00000000,  0.00000000,  0.00000000,  0.00000000,  0.00000000,  0.06592647,  0.13046486,  0.80360866,  0.00000002,
   0.00000000,  0.00000000,  0.00000000,  0.00000000,  0.00000000,  0.00000000,  0.00000000,  0.19639133,  0.80360867,  0.00000000,
   0.00000000,  0.00000000,  0.00000000,  0.00000000,  0.00000000,  0.00000000,  0.00000000,  0.00000000,  1.00000000,  0.00000000,
   0.00000000,  0.00000000,  0.00000000,  0.00000000,  0.00000000,  0.00000000,  0.00000000,  0.00000000,  0.00000000,  1.00000000,
   0.01699359,  0.00898375,  0.01569172,  0.00085284,  0.00626346,  0.00374930,  0.00396441,  0.12323803,  0.82026290,  0.00000000,
   0.00000000,  0.00076082,  0.00045958,  0.00002498,  0.00074933,  0.00015330,  0.00016209,  0.17742701,  0.82026290,  0.00000000,
   0.00000000,  0.00000000,  0.00067609,  0.00001384,  0.00010163,  0.00018564,  0.00007374,  0.00229259,  0.99665647,  0.00000000,
   0.00000000,  0.00000000,  0.00000000,  0.00046577,  0.00007388,  0.00004107,  0.05591488,  0.12323081,  0.82027885,  0.00000001,
   0.00000000,  0.00000000,  0.00000000,  0.00000000,  0.00000041,  0.00000003,  0.00000003,  0.17972066,  0.82027886,  0.00000000,
   0.00000000,  0.00000000,  0.00000000,  0.00000000,  0.00000000,  0.00000000,  0.00000000,  0.00000000,  1.00000000,  0.00000000,
   0.00000000,  0.00000000,  0.00000000,  0.00000000,  0.00000000,  0.00000000,  0.05649033,  0.12323081,  0.82027885,  0.00000002,
   0.00000000,  0.00000000,  0.00000000,  0.00000000,  0.00000000,  0.00000000,  0.00000000,  0.17972114,  0.82027886,  0.00000000,
   0.00000000,  0.00000000,  0.00000000,  0.00000000,  0.00000000,  0.00000000,  0.00000000,  0.00000000,  1.00000000,  0.00000000,
   0.00000000,  0.00000000,  0.00000000,  0.00000000,  0.00000000,  0.00000000,  0.00000000,  0.00000000,  0.00000000,  1.00000000,
   0.01443756,  0.00767429,  0.01340522,  0.00072828,  0.00537006,  0.00320722,  0.00356032,  0.11605670,  0.83556035,  0.00000000,
   0.00000000,  0.00057086,  0.00034608,  0.00001880,  0.00056308,  0.00011551,  0.00012823,  0.16269709,  0.83556035,  0.00000000,
   0.00000000,  0.00000000,  0.00049734,  0.00001020,  0.00007520,  0.00013667,  0.00005714,  0.00186288,  0.99736057,  0.00000000,
   0.00000000,  0.00000000,  0.00000000,  0.00033169,  0.00005293,  0.00002935,  0.04796525,  0.11604957,  0.83557498,  0.00000001,
   0.00000000,  0.00000000,  0.00000000,  0.00000000,  0.00000022,  0.00000002,  0.00000002,  0.16442475,  0.83557499,  0.00000000,
   0.00000000,  0.00000000,  0.00000000,  0.00000000,  0.00000000,  0.00000000,  0.00000000,  0.00000000,  1.00000000,  0.00000000,
   0.00000000,  0.00000000,  0.00000000,  0.00000000,  0.00000000,  0.00000000,  0.04837544,  0.11604957,  0.83557498,  0.00000002,
   0.00000000,  0.00000000,  0.00000000,  0.00000000,  0.00000000,  0.00000000,  0.00000000,  0.16442500,  0.83557499,  0.00000000,
   0.00000000,  0.00000000,  0.00000000,  0.00000000,  0.00000000,  0.00000000,  0.00000000,  0.00000000,  1.00000000,  0.00000000,
   0.00000000,  0.00000000,  0.00000000,  0.00000000,  0.00000000,  0.00000000,  0.00000000,  0.00000000,  0.00000000,  1.00000000,
   0.01226598,  0.00655135,  0.01144358,  0.00062146,  0.00459884,  0.00274105,  0.00318854,  0.10900107,  0.84958811,  0.00000000,
   0.00000000,  0.00042833,  0.00026048,  0.00001415,  0.00042303,  0.00008699,  0.00010119,  0.14909774,  0.84958811,  0.00000000,
   0.00000000,  0.00000000,  0.00036576,  0.00000751,  0.00005559,  0.00010058,  0.00004417,  0.00150999,  0.99791640,  0.00000000,
   0.00000000,  0.00000000,  0.00000000,  0.00023611,  0.00003788,  0.00002096,  0.04111214,  0.10899410,  0.84960152,  0.00000001,
   0.00000000,  0.00000000,  0.00000000,  0.00000000,  0.00000012,  0.00000001,  0.00000001,  0.15039832,  0.84960153,  0.00000000,
   0.00000000,  0.00000000,  0.00000000,  0.00000000,  0.00000000,  0.00000000,  0.00000000,  0.00000000,  1.00000000,  0.00000000,
   0.00000000,  0.00000000,  0.00000000,  0.00000000,  0.00000000,  0.00000000,  0.04140436,  0.10899410,  0.84960152,  0.00000002,
   0.00000000,  0.00000000,  0.00000000,  0.00000000,  0.00000000,  0.00000000,  0.00000000,  0.15039846,  0.84960154,  0.00000000,
   0.00000000,  0.00000000,  0.00000000,  0.00000000,  0.00000000,  0.00000000,  0.00000000,  0.00000000,  1.00000000,  0.00000000,
   0.00000000,  0.00000000,  0.00000000,  0.00000000,  0.00000000,  0.00000000,  0.00000000,  0.00000000,  0.00000000,  1.00000000,
   0.01042103,  0.00558948,  0.00976286,  0.00052999,  0.00393447,  0.00234082,  0.00284839,  0.10212830,  0.86244465,  0.00000000,
   0.00000000,  0.00032138,  0.00019597,  0.00001064,  0.00031775,  0.00006547,  0.00007967,  0.13656446,  0.86244465,  0.00000000,
   0.00000000,  0.00000000,  0.00026894,  0.00000553,  0.00004106,  0.00007400,  0.00003406,  0.00122123,  0.99835518,  0.00000000,
   0.00000000,  0.00000000,  0.00000000,  0.00016801,  0.00002708,  0.00001495,  0.03521341,  0.10212154,  0.86245694,  0.00000001,
   0.00000000,  0.00000000,  0.00000000,  0.00000000,  0.00000007,  0.00000001,  0.00000001,  0.13754297,  0.86245695,  0.00000000,
   0.00000000,  0.00000000,  0.00000000,  0.00000000,  0.00000000,  0.00000000,  0.00000000,  0.00000000,  1.00000000,  0.00000000,
   0.00000000,  0.00000000,  0.00000000,  0.00000000,  0.00000000,  0.00000000,  0.03542151,  0.10212154,  0.86245694,  0.00000002,
   0.00000000,  0.00000000,  0.00000000,  0.00000000,  0.00000000,  0.00000000,  0.00000000,  0.13754305,  0.86245695,  0.00000000,
   0.00000000,  0.00000000,  0.00000000,  0.00000000,  0.00000000,  0.00000000,  0.00000000,  0.00000000,  1.00000000,  0.00000000,
   0.00000000,  0.00000000,  0.00000000,  0.00000000,  0.00000000,  0.00000000,  0.00000000,  0.00000000,  0.00000000,  1.00000000,
   0.00885359,  0.00476642,  0.00832445,  0.00045174,  0.00336316,  0.00199768,  0.00253868,  0.09548195,  0.87422233,  0.00000000,
   0.00000000,  0.00024114,  0.00014738,  0.00000800,  0.00023864,  0.00004926,  0.00006260,  0.12503066,  0.87422233,  0.00000000,
   0.00000000,  0.00000000,  0.00019772,  0.00000407,  0.00003030,  0.00005443,  0.00002621,  0.00098571,  0.99870156,  0.00000000,
   0.00000000,  0.00000000,  0.00000000,  0.00011951,  0.00001934,  0.00001066,  0.03014285,  0.09547543,  0.87423358,  0.00000002,
   0.00000000,  0.00000000,  0.00000000,  0.00000000,  0.00000004,  0.00000000,  0.00000000,  0.12576636,  0.87423359,  0.00000000,
   0.00000000,  0.00000000,  0.00000000,  0.00000000,  0.00000000,  0.00000000,  0.00000000,  0.00000000,  1.00000000,  0.00000000,
   0.00000000,  0.00000000,  0.00000000,  0.00000000,  0.00000000,  0.00000000,  0.03029097,  0.09547543,  0.87423358,  0.00000002,
   0.00000000,  0.00000000,  0.00000000,  0.00000000,  0.00000000,  0.00000000,  0.00000000,  0.12576640,  0.87423360,  0.00000000,
   0.00000000,  0.00000000,  0.00000000,  0.00000000,  0.00000000,  0.00000000,  0.00000000,  0.00000000,  1.00000000,  0.00000000,
   0.00000000,  0.00000000,  0.00000000,  0.00000000,  0.00000000,  0.00000000,  0.00000000,  0.00000000,  0.00000000,  1.00000000,
   0.00752191,  0.00406274,  0.00709462,  0.00038487,  0.00287264,  0.00170384,  0.00225790,  0.08909408,  0.88500740,  0.00000000,
   0.00000000,  0.00018093,  0.00011081,  0.00000601,  0.00017920,  0.00003704,  0.00004909,  0.11442952,  0.88500740,  0.00000000,
   0.00000000,  0.00000000,  0.00014534,  0.00000299,  0.00002235,  0.00004003,  0.00002012,  0.00079417,  0.99897499,  0.00000000,
   0.00000000,  0.00000000,  0.00000000,  0.00008499,  0.00001380,  0.00000760,  0.02578906,  0.08908783,  0.88501770,  0.00000002,
   0.00000000,  0.00000000,  0.00000000,  0.00000000,  0.00000002,  0.00000000,  0.00000000,  0.11498226,  0.88501771,  0.00000000,
   0.00000000,  0.00000000,  0.00000000,  0.00000000,  0.00000000,  0.00000000,  0.00000000,  0.00000000,  1.00000000,  0.00000000,
   0.00000000,  0.00000000,  0.00000000,  0.00000000,  0.00000000,  0.00000000,  0.02589446,  0.08908783,  0.88501770,  0.00000002,
   0.00000000,  0.00000000,  0.00000000,  0.00000000,  0.00000000,  0.00000000,  0.00000000,  0.11498229,  0.88501771,  0.00000000,
   0.00000000,  0.00000000,  0.00000000,  0.00000000,  0.00000000,  0.00000000,  0.00000000,  0.00000000,  1.00000000,  0.00000000,
   0.00000000,  0.00000000,  0.00000000,  0.00000000,  0.00000000,  0.00000000,  0.00000000,  0.00000000,  0.00000000,  1.00000000,
   0.00639053,  0.00346160,  0.00604400,  0.00032777,  0.00245205,  0.00145249,  0.00200432,  0.08298709,  0.89488015,  0.00000000,
   0.00000000,  0.00013576,  0.00008328,  0.00000452,  0.00013455,  0.00002785,  0.00003843,  0.10469546,  0.89488015,  0.00000000,
   0.00000000,  0.00000000,  0.00010682,  0.00000220,  0.00001648,  0.00002943,  0.00001543,  0.00063880,  0.99919085,  0.00000000,
   0.00000000,  0.00000000,  0.00000000,  0.00006043,  0.00000984,  0.00000541,  0.02205430,  0.08298113,  0.89488958,  0.00000002,
   0.00000000,  0.00000000,  0.00000000,  0.00000000,  0.00000001,  0.00000000,  0.00000000,  0.10511040,  0.89488959,  0.00000000,
   0.00000000,  0.00000000,  0.00000000,  0.00000000,  0.00000000,  0.00000000,  0.00000000,  0.00000000,  1.00000000,  0.00000000,
   0.00000000,  0.00000000,  0.00000000,  0.00000000,  0.00000000,  0.00000000,  0.02212927,  0.08298113,  0.89488957,  0.00000002,
   0.00000000,  0.00000000,  0.00000000,  0.00000000,  0.00000000,  0.00000000,  0.00000000,  0.10511041,  0.89488959,  0.00000000,
   0.00000000,  0.00000000,  0.00000000,  0.00000000,  0.00000000,  0.00000000,  0.00000000,  0.00000000,  1.00000000,  0.00000000,
   0.00000000,  0.00000000,  0.00000000,  0.00000000,  0.00000000,  0.00000000,  0.00000000,  0.00000000,  0.00000000,  1.00000000,
   0.00542932,  0.00294839,  0.00514714,  0.00027905,  0.00209184,  0.00123767,  0.00177607,  0.07717542,  0.90391511,  0.00000000,
   0.00000000,  0.00010186,  0.00006258,  0.00000339,  0.00010101,  0.00002093,  0.00003004,  0.09576507,  0.90391511,  0.00000000,
   0.00000000,  0.00000000,  0.00007850,  0.00000162,  0.00001214,  0.00002164,  0.00001181,  0.00051306,  0.99936124,  0.00000000,
   0.00000000,  0.00000000,  0.00000000,  0.00004296,  0.00000702,  0.00000385,  0.01885318,  0.07716975,  0.90392373,  0.00000002,
   0.00000000,  0.00000000,  0.00000000,  0.00000000,  0.00000001,  0.00000000,  0.00000000,  0.09607625,  0.90392374,  0.00000000,
   0.00000000,  0.00000000,  0.00000000,  0.00000000,  0.00000000,  0.00000000,  0.00000000,  0.00000000,  1.00000000,  0.00000000,
   0.00000000,  0.00000000,  0.00000000,  0.00000000,  0.00000000,  0.00000000,  0.01890650,  0.07716975,  0.90392373,  0.00000002,
   0.00000000,  0.00000000,  0.00000000,  0.00000000,  0.00000000,  0.00000000,  0.00000000,  0.09607625,  0.90392375,  0.00000000,
   0.00000000,  0.00000000,  0.00000000,  0.00000000,  0.00000000,  0.00000000,  0.00000000,  0.00000000,  1.00000000,  0.00000000,
   0.00000000,  0.00000000,  0.00000000,  0.00000000,  0.00000000,  0.00000000,  0.00000000,  0.00000000,  0.00000000,  1.00000000,
   0.00461268,  0.00251051,  0.00438201,  0.00023751,  0.00178364,  0.00105422,  0.00157125,  0.07166689,  0.91218128,  0.00000000,
   0.00000000,  0.00007643,  0.00004702,  0.00000255,  0.00007583,  0.00001573,  0.00002344,  0.08757772,  0.91218128,  0.00000000,
   0.00000000,  0.00000000,  0.00005768,  0.00000119,  0.00000894,  0.00001590,  0.00000902,  0.00041151,  0.99949576,  0.00000000,
   0.00000000,  0.00000000,  0.00000000,  0.00003053,  0.00000500,  0.00000274,  0.01611137,  0.07166154,  0.91218916,  0.00000002,
   0.00000000,  0.00000000,  0.00000000,  0.00000000,  0.00000000,  0.00000000,  0.00000000,  0.08781082,  0.91218918,  0.00000000,
   0.00000000,  0.00000000,  0.00000000,  0.00000000,  0.00000000,  0.00000000,  0.00000000,  0.00000000,  1.00000000,  0.00000000,
   0.00000000,  0.00000000,  0.00000000,  0.00000000,  0.00000000,  0.00000000,  0.01614928,  0.07166154,  0.91218916,  0.00000002,
   0.00000000,  0.00000000,  0.00000000,  0.00000000,  0.00000000,  0.00000000,  0.00000000,  0.08781082,  0.91218918,  0.00000000,
   0.00000000,  0.00000000,  0.00000000,  0.00000000,  0.00000000,  0.00000000,  0.00000000,  0.00000000,  1.00000000,  0.00000000,
   0.00000000,  0.00000000,  0.00000000,  0.00000000,  0.00000000,  0.00000000,  0.00000000,  0.00000000,  0.00000000,  1.00000000,
   0.00391888,  0.00213710,  0.00372962,  0.00020210,  0.00152018,  0.00089767,  0.00138796,  0.06646406,  0.91974243,  0.00000000,
   0.00000000,  0.00005735,  0.00003532,  0.00000191,  0.00005692,  0.00001182,  0.00001827,  0.08007598,  0.91974243,  0.00000000,
   0.00000000,  0.00000000,  0.00004238,  0.00000088,  0.00000658,  0.00001169,  0.00000688,  0.00032965,  0.99960194,  0.00000000,
   0.00000000,  0.00000000,  0.00000000,  0.00002169,  0.00000356,  0.00000195,  0.01376439,  0.06645901,  0.91974964,  0.00000002,
   0.00000000,  0.00000000,  0.00000000,  0.00000000,  0.00000000,  0.00000000,  0.00000000,  0.08025034,  0.91974966,  0.00000000,
   0.00000000,  0.00000000,  0.00000000,  0.00000000,  0.00000000,  0.00000000,  0.00000000,  0.00000000,  1.00000000,  0.00000000,
   0.00000000,  0.00000000,  0.00000000,  0.00000000,  0.00000000,  0.00000000,  0.01379134,  0.06645900,  0.91974964,  0.00000002,
   0.00000000,  0.00000000,  0.00000000,  0.00000000,  0.00000000,  0.00000000,  0.00000000,  0.08025034,  0.91974966,  0.00000000,
   0.00000000,  0.00000000,  0.00000000,  0.00000000,  0.00000000,  0.00000000,  0.00000000,  0.00000000,  1.00000000,  0.00000000,
   0.00000000,  0.00000000,  0.00000000,  0.00000000,  0.00000000,  0.00000000,  0.00000000,  0.00000000,  0.00000000,  1.00000000,
   0.00332944,  0.00181881,  0.00317361,  0.00017193,  0.00129514,  0.00076414,  0.00122436,  0.06156518,  0.92665740,  0.00000000,
   0.00000000,  0.00004303,  0.00002652,  0.00000144,  0.00004273,  0.00000888,  0.00001422,  0.07320579,  0.92665740,  0.00000000,
   0.00000000,  0.00000000,  0.00003113,  0.00000064,  0.00000485,  0.00000859,  0.00000525,  0.00026377,  0.99968577,  0.00000000,
   0.00000000,  0.00000000,  0.00000000,  0.00001541,  0.00000253,  0.00000139,  0.01175641,  0.06156043,  0.92666399,  0.00000002,
   0.00000000,  0.00000000,  0.00000000,  0.00000000,  0.00000000,  0.00000000,  0.00000000,  0.07333599,  0.92666401,  0.00000000,
   0.00000000,  0.00000000,  0.00000000,  0.00000000,  0.00000000,  0.00000000,  0.00000000,  0.00000000,  1.00000000,  0.00000000,
   0.00000000,  0.00000000,  0.00000000,  0.00000000,  0.00000000,  0.00000000,  0.01177556,  0.06156043,  0.92666399,  0.00000002,
   0.00000000,  0.00000000,  0.00000000,  0.00000000,  0.00000000,  0.00000000,  0.00000000,  0.07333599,  0.92666401,  0.00000000,
   0.00000000,  0.00000000,  0.00000000,  0.00000000,  0.00000000,  0.00000000,  0.00000000,  0.00000000,  1.00000000,  0.00000000,
   0.00000000,  0.00000000,  0.00000000,  0.00000000,  0.00000000,  0.00000000,  0.00000000,  0.00000000,  0.00000000,  1.00000000,
   0.00282865,  0.00154760,  0.00269995,  0.00014624,  0.00110304,  0.00065031,  0.00107864,  0.05696518,  0.93298039,  0.00000000,
   0.00000000,  0.00003228,  0.00001992,  0.00000108,  0.00003207,  0.00000667,  0.00001106,  0.06691654,  0.93298039,  0.00000000,
   0.00000000,  0.00000000,  0.00002287,  0.00000047,  0.00000357,  0.00000631,  0.00000399,  0.00021084,  0.99975194,  0.00000000,
   0.00000000,  0.00000000,  0.00000000,  0.00001095,  0.00000180,  0.00000099,  0.01003923,  0.05696073,  0.93298641,  0.00000002,
   0.00000000,  0.00000000,  0.00000000,  0.00000000,  0.00000000,  0.00000000,  0.00000000,  0.06701357,  0.93298643,  0.00000000,
   0.00000000,  0.00000000,  0.00000000,  0.00000000,  0.00000000,  0.00000000,  0.00000000,  0.00000000,  1.00000000,  0.00000000,
   0.00000000,  0.00000000,  0.00000000,  0.00000000,  0.00000000,  0.00000000,  0.01005284,  0.05696073,  0.93298641,  0.00000002,
   0.00000000,  0.00000000,  0.00000000,  0.00000000,  0.00000000,  0.00000000,  0.00000000,  0.06701357,  0.93298643,  0.00000000,
   0.00000000,  0.00000000,  0.00000000,  0.00000000,  0.00000000,  0.00000000,  0.00000000,  0.00000000,  1.00000000,  0.00000000,
   0.00000000,  0.00000000,  0.00000000,  0.00000000,  0.00000000,  0.00000000,  0.00000000,  0.00000000,  0.00000000,  1.00000000,
   0.00240319,  0.00131660,  0.00229658,  0.00012437,  0.00093915,  0.00055332,  0.00094912,  0.05265640,  0.93876127,  0.00000000,
   0.00000000,  0.00002422,  0.00001496,  0.00000081,  0.00002407,  0.00000501,  0.00000859,  0.06116108,  0.93876127,  0.00000000,
   0.00000000,  0.00000000,  0.00001680,  0.00000035,  0.00000262,  0.00000464,  0.00000303,  0.00016838,  0.99980418,  0.00000000,
   0.00000000,  0.00000000,  0.00000000,  0.00000778,  0.00000128,  0.00000070,  0.00857130,  0.05265224,  0.93876677,  0.00000002,
   0.00000000,  0.00000000,  0.00000000,  0.00000000,  0.00000000,  0.00000000,  0.00000000,  0.06123321,  0.93876679,  0.00000000,
   0.00000000,  0.00000000,  0.00000000,  0.00000000,  0.00000000,  0.00000000,  0.00000000,  0.00000000,  1.00000000,  0.00000000,
   0.00000000,  0.00000000,  0.00000000,  0.00000000,  0.00000000,  0.00000000,  0.00858097,  0.05265224,  0.93876677,  0.00000002,
   0.00000000,  0.00000000,  0.00000000,  0.00000000,  0.00000000,  0.00000000,  0.00000000,  0.06123321,  0.93876679,  0.00000000,
   0.00000000,  0.00000000,  0.00000000,  0.00000000,  0.00000000,  0.00000000,  0.00000000,  0.00000000,  1.00000000,  0.00000000,
   0.00000000,  0.00000000,  0.00000000,  0.00000000,  0.00000000,  0.00000000,  0.00000000,  0.00000000,  0.00000000,  1.00000000,
   0.00204172,  0.00111990,  0.00195317,  0.00010575,  0.00079940,  0.00047070,  0.00083423,  0.04862924,  0.94404588,  0.00000000,
   0.00000000,  0.00001818,  0.00001123,  0.00000061,  0.00001806,  0.00000376,  0.00000666,  0.05589562,  0.94404588,  0.00000000,
   0.00000000,  0.00000000,  0.00001234,  0.00000026,  0.00000193,  0.00000341,  0.00000230,  0.00013435,  0.99984542,  0.00000000,
   0.00000000,  0.00000000,  0.00000000,  0.00000552,  0.00000091,  0.00000050,  0.00731685,  0.04862535,  0.94405091,  0.00000002,
   0.00000000,  0.00000000,  0.00000000,  0.00000000,  0.00000000,  0.00000000,  0.00000000,  0.05594907,  0.94405093,  0.00000000,
   0.00000000,  0.00000000,  0.00000000,  0.00000000,  0.00000000,  0.00000000,  0.00000000,  0.00000000,  1.00000000,  0.00000000,
   0.00000000,  0.00000000,  0.00000000,  0.00000000,  0.00000000,  0.00000000,  0.00732372,  0.04862535,  0.94405091,  0.00000002,
   0.00000000,  0.00000000,  0.00000000,  0.00000000,  0.00000000,  0.00000000,  0.00000000,  0.05594907,  0.94405093,  0.00000000,
   0.00000000,  0.00000000,  0.00000000,  0.00000000,  0.00000000,  0.00000000,  0.00000000,  0.00000000,  1.00000000,  0.00000000,
   0.00000000,  0.00000000,  0.00000000,  0.00000000,  0.00000000,  0.00000000,  0.00000000,  0.00000000,  0.00000000,  1.00000000,
   0.00173462,  0.00095245,  0.00166089,  0.00008991,  0.00068030,  0.00040035,  0.00073248,  0.04487266,  0.94887633,  0.00000000,
   0.00000000,  0.00001364,  0.00000843,  0.00000046,  0.00001356,  0.00000282,  0.00000516,  0.05107960,  0.94887633,  0.00000000,
   0.00000000,  0.00000000,  0.00000906,  0.00000019,  0.00000142,  0.00000250,  0.00000175,  0.00010711,  0.99987797,  0.00000000,
   0.00000000,  0.00000000,  0.00000000,  0.00000392,  0.00000065,  0.00000035,  0.00624514,  0.04486903,  0.94888093,  0.00000002,
   0.00000000,  0.00000000,  0.00000000,  0.00000000,  0.00000000,  0.00000000,  0.00000000,  0.05111905,  0.94888095,  0.00000000,
   0.00000000,  0.00000000,  0.00000000,  0.00000000,  0.00000000,  0.00000000,  0.00000000,  0.00000000,  1.00000000,  0.00000000,
   0.00000000,  0.00000000,  0.00000000,  0.00000000,  0.00000000,  0.00000000,  0.00625002,  0.04486903,  0.94888092,  0.00000003,
   0.00000000,  0.00000000,  0.00000000,  0.00000000,  0.00000000,  0.00000000,  0.00000000,  0.05111905,  0.94888095,  0.00000000,
   0.00000000,  0.00000000,  0.00000000,  0.00000000,  0.00000000,  0.00000000,  0.00000000,  0.00000000,  1.00000000,  0.00000000,
   0.00000000,  0.00000000,  0.00000000,  0.00000000,  0.00000000,  0.00000000,  0.00000000,  0.00000000,  0.00000000,  1.00000000,
   0.00147372,  0.00080994,  0.00141219,  0.00007644,  0.00057882,  0.00034047,  0.00064251,  0.04137467,  0.95329125,  0.00000000,
   0.00000000,  0.00001023,  0.00000633,  0.00000034,  0.00001017,  0.00000212,  0.00000400,  0.04667556,  0.95329125,  0.00000000,
   0.00000000,  0.00000000,  0.00000666,  0.00000014,  0.00000104,  0.00000184,  0.00000133,  0.00008533,  0.99990367,  0.00000000,
   0.00000000,  0.00000000,  0.00000000,  0.00000279,  0.00000046,  0.00000025,  0.00532977,  0.04137129,  0.95329545,  0.00000002,
   0.00000000,  0.00000000,  0.00000000,  0.00000000,  0.00000000,  0.00000000,  0.00000000,  0.04670453,  0.95329547,  0.00000000,
   0.00000000,  0.00000000,  0.00000000,  0.00000000,  0.00000000,  0.00000000,  0.00000000,  0.00000000,  1.00000000,  0.00000000,
   0.00000000,  0.00000000,  0.00000000,  0.00000000,  0.00000000,  0.00000000,  0.00533324,  0.04137129,  0.95329545,  0.00000003,
   0.00000000,  0.00000000,  0.00000000,  0.00000000,  0.00000000,  0.00000000,  0.00000000,  0.04670453,  0.95329547,  0.00000000,
   0.00000000,  0.00000000,  0.00000000,  0.00000000,  0.00000000,  0.00000000,  0.00000000,  0.00000000,  1.00000000,  0.00000000,
   0.00000000,  0.00000000,  0.00000000,  0.00000000,  0.00000000,  0.00000000,  0.00000000,  0.00000000,  0.00000000,  1.00000000,
   0.00125205,  0.00068868,  0.00120060,  0.00006498,  0.00049239,  0.00028951,  0.00056307,  0.03812264,  0.95732607,  0.00000000,
   0.00000000,  0.00000768,  0.00000475,  0.00000026,  0.00000763,  0.00000159,  0.00000309,  0.04264892,  0.95732607,  0.00000000,
   0.00000000,  0.00000000,  0.00000489,  0.00000010,  0.00000077,  0.00000135,  0.00000100,  0.00006794,  0.99992395,  0.00000000,
   0.00000000,  0.00000000,  0.00000000,  0.00000198,  0.00000033,  0.00000018,  0.00454810,  0.03811950,  0.95732991,  0.00000002,
   0.00000000,  0.00000000,  0.00000000,  0.00000000,  0.00000000,  0.00000000,  0.00000000,  0.04267007,  0.95732993,  0.00000000,
   0.00000000,  0.00000000,  0.00000000,  0.00000000,  0.00000000,  0.00000000,  0.00000000,  0.00000000,  1.00000000,  0.00000000,
   0.00000000,  0.00000000,  0.00000000,  0.00000000,  0.00000000,  0.00000000,  0.00455057,  0.03811950,  0.95732991,  0.00000003,
   0.00000000,  0.00000000,  0.00000000,  0.00000000,  0.00000000,  0.00000000,  0.00000000,  0.04267007,  0.95732993,  0.00000000,
   0.00000000,  0.00000000,  0.00000000,  0.00000000,  0.00000000,  0.00000000,  0.00000000,  0.00000000,  1.00000000,  0.00000000,
   0.00000000,  0.00000000,  0.00000000,  0.00000000,  0.00000000,  0.00000000,  0.00000000,  0.00000000,  0.00000000,  1.00000000,
   0.00106373,  0.00058551,  0.00102063,  0.00005523,  0.00041881,  0.00024615,  0.00049304,  0.03510362,  0.96101328,  0.00000000,
   0.00000000,  0.00000576,  0.00000356,  0.00000019,  0.00000573,  0.00000119,  0.00000239,  0.03896789,  0.96101328,  0.00000000,
   0.00000000,  0.00000000,  0.00000359,  0.00000007,  0.00000056,  0.00000099,  0.00000076,  0.00005405,  0.99993997,  0.00000000,
   0.00000000,  0.00000000,  0.00000000,  0.00000141,  0.00000023,  0.00000013,  0.00388073,  0.03510071,  0.96101678,  0.00000002,
   0.00000000,  0.00000000,  0.00000000,  0.00000000,  0.00000000,  0.00000000,  0.00000000,  0.03898319,  0.96101680,  0.00000000,
   0.00000000,  0.00000000,  0.00000000,  0.00000000,  0.00000000,  0.00000000,  0.00000000,  0.00000000,  1.00000000,  0.00000000,
   0.00000000,  0.00000000,  0.00000000,  0.00000000,  0.00000000,  0.00000000,  0.00388248,  0.03510071,  0.96101678,  0.00000003,
   0.00000000,  0.00000000,  0.00000000,  0.00000000,  0.00000000,  0.00000000,  0.00000000,  0.03898319,  0.96101680,  0.00000000,
   0.00000000,  0.00000000,  0.00000000,  0.00000000,  0.00000000,  0.00000000,  0.00000000,  0.00000000,  1.00000000,  0.00000000,
   0.00000000,  0.00000000,  0.00000000,  0.00000000,  0.00000000,  0.00000000,  0.00000000,  0.00000000,  0.00000000,  1.00000000,
   0.00090373,  0.00049776,  0.00086757,  0.00004695,  0.00035617,  0.00020926,  0.00043136,  0.03230458,  0.96438262,  0.00000000,
   0.00000000,  0.00000432,  0.00000268,  0.00000014,  0.00000430,  0.00000090,  0.00000185,  0.03560319,  0.96438262,  0.00000000,
   0.00000000,  0.00000000,  0.00000264,  0.00000005,  0.00000041,  0.00000073,  0.00000057,  0.00004298,  0.99995261,  0.00000000,
   0.00000000,  0.00000000,  0.00000000,  0.00000100,  0.00000017,  0.00000009,  0.00331103,  0.03230188,  0.96438582,  0.00000002,
   0.00000000,  0.00000000,  0.00000000,  0.00000000,  0.00000000,  0.00000000,  0.00000000,  0.03561416,  0.96438584,  0.00000000,
   0.00000000,  0.00000000,  0.00000000,  0.00000000,  0.00000000,  0.00000000,  0.00000000,  0.00000000,  1.00000000,  0.00000000,
   0.00000000,  0.00000000,  0.00000000,  0.00000000,  0.00000000,  0.00000000,  0.00331227,  0.03230188,  0.96438582,  0.00000003,
   0.00000000,  0.00000000,  0.00000000,  0.00000000,  0.00000000,  0.00000000,  0.00000000,  0.03561416,  0.96438584,  0.00000000,
   0.00000000,  0.00000000,  0.00000000,  0.00000000,  0.00000000,  0.00000000,  0.00000000,  0.00000000,  1.00000000,  0.00000000,
   0.00000000,  0.00000000,  0.00000000,  0.00000000,  0.00000000,  0.00000000,  0.00000000,  0.00000000,  0.00000000,  1.00000000,
   0.00076780,  0.00042313,  0.00073741,  0.00003990,  0.00030286,  0.00017789,  0.00037711,  0.02971254,  0.96746135,  0.00000000,
   0.00000000,  0.00000324,  0.00000201,  0.00000011,  0.00000323,  0.00000067,  0.00000143,  0.03252796,  0.96746135,  0.00000000,
   0.00000000,  0.00000000,  0.00000194,  0.00000004,  0.00000030,  0.00000053,  0.00000043,  0.00003416,  0.99996259,  0.00000000,
   0.00000000,  0.00000000,  0.00000000,  0.00000071,  0.00000012,  0.00000006,  0.00282477,  0.02971005,  0.96746427,  0.00000003,
   0.00000000,  0.00000000,  0.00000000,  0.00000000,  0.00000000,  0.00000000,  0.00000000,  0.03253571,  0.96746429,  0.00000000,
   0.00000000,  0.00000000,  0.00000000,  0.00000000,  0.00000000,  0.00000000,  0.00000000,  0.00000000,  1.00000000,  0.00000000,
   0.00000000,  0.00000000,  0.00000000,  0.00000000,  0.00000000,  0.00000000,  0.00282566,  0.02971005,  0.96746427,  0.00000003,
   0.00000000,  0.00000000,  0.00000000,  0.00000000,  0.00000000,  0.00000000,  0.00000000,  0.03253571,  0.96746429,  0.00000000,
   0.00000000,  0.00000000,  0.00000000,  0.00000000,  0.00000000,  0.00000000,  0.00000000,  0.00000000,  1.00000000,  0.00000000,
   0.00000000,  0.00000000,  0.00000000,  0.00000000,  0.00000000,  0.00000000,  0.00000000,  0.00000000,  0.00000000,  1.00000000,
   0.00065231,  0.00035967,  0.00062674,  0.00003391,  0.00025751,  0.00015121,  0.00032945,  0.02731479,  0.97027441,  0.00000000,
   0.00000000,  0.00000243,  0.00000151,  0.00000008,  0.00000242,  0.00000050,  0.00000110,  0.02971754,  0.97027441,  0.00000000,
   0.00000000,  0.00000000,  0.00000142,  0.00000003,  0.00000022,  0.00000039,  0.00000033,  0.00002714,  0.99997047,  0.00000000,
   0.00000000,  0.00000000,  0.00000000,  0.00000050,  0.00000008,  0.00000005,  0.00240979,  0.02731249,  0.97027707,  0.00000003,
   0.00000000,  0.00000000,  0.00000000,  0.00000000,  0.00000000,  0.00000000,  0.00000000,  0.02972290,  0.97027710,  0.00000000,
   0.00000000,  0.00000000,  0.00000000,  0.00000000,  0.00000000,  0.00000000,  0.00000000,  0.00000000,  1.00000000,  0.00000000,
   0.00000000,  0.00000000,  0.00000000,  0.00000000,  0.00000000,  0.00000000,  0.00241042,  0.02731248,  0.97027707,  0.00000003,
   0.00000000,  0.00000000,  0.00000000,  0.00000000,  0.00000000,  0.00000000,  0.00000000,  0.02972290,  0.97027710,  0.00000000,
   0.00000000,  0.00000000,  0.00000000,  0.00000000,  0.00000000,  0.00000000,  0.00000000,  0.00000000,  1.00000000,  0.00000000,
   0.00000000,  0.00000000,  0.00000000,  0.00000000,  0.00000000,  0.00000000,  0.00000000,  0.00000000,  0.00000000,  1.00000000,
   0.00055420,  0.00030570,  0.00053266,  0.00002882,  0.00021893,  0.00012852,  0.00028762,  0.02509893,  0.97284463,  0.00000000,
   0.00000000,  0.00000183,  0.00000113,  0.00000006,  0.00000182,  0.00000038,  0.00000085,  0.02714931,  0.97284463,  0.00000000,
   0.00000000,  0.00000000,  0.00000104,  0.00000002,  0.00000016,  0.00000029,  0.00000025,  0.00002155,  0.99997669,  0.00000000,
   0.00000000,  0.00000000,  0.00000000,  0.00000036,  0.00000006,  0.00000003,  0.00205567,  0.02509680,  0.97284706,  0.00000003,
   0.00000000,  0.00000000,  0.00000000,  0.00000000,  0.00000000,  0.00000000,  0.00000000,  0.02715291,  0.97284708,  0.00000000,
   0.00000000,  0.00000000,  0.00000000,  0.00000000,  0.00000000,  0.00000000,  0.00000000,  0.00000000,  1.00000000,  0.00000000,
   0.00000000,  0.00000000,  0.00000000,  0.00000000,  0.00000000,  0.00000000,  0.00205611,  0.02509680,  0.97284706,  0.00000003,
   0.00000000,  0.00000000,  0.00000000,  0.00000000,  0.00000000,  0.00000000,  0.00000000,  0.02715291,  0.97284708,  0.00000000,
   0.00000000,  0.00000000,  0.00000000,  0.00000000,  0.00000000,  0.00000000,  0.00000000,  0.00000000,  1.00000000,  0.00000000,
   0.00000000,  0.00000000,  0.00000000,  0.00000000,  0.00000000,  0.00000000,  0.00000000,  0.00000000,  0.00000000,  1.00000000,
   0.00047084,  0.00025982,  0.00045268,  0.00002449,  0.00018611,  0.00010923,  0.00025093,  0.02305300,  0.97519290,  0.00000000,
   0.00000000,  0.00000137,  0.00000085,  0.00000005,  0.00000136,  0.00000028,  0.00000065,  0.02480254,  0.97519290,  0.00000000,
   0.00000000,  0.00000000,  0.00000077,  0.00000002,  0.00000012,  0.00000021,  0.00000019,  0.00001710,  0.99998159,  0.00000000,
   0.00000000,  0.00000000,  0.00000000,  0.00000025,  0.00000004,  0.00000002,  0.00175350,  0.02305104,  0.97519511,  0.00000003,
   0.00000000,  0.00000000,  0.00000000,  0.00000000,  0.00000000,  0.00000000,  0.00000000,  0.02480486,  0.97519514,  0.00000000,
   0.00000000,  0.00000000,  0.00000000,  0.00000000,  0.00000000,  0.00000000,  0.00000000,  0.00000000,  1.00000000,  0.00000000,
   0.00000000,  0.00000000,  0.00000000,  0.00000000,  0.00000000,  0.00000000,  0.00175382,  0.02305104,  0.97519511,  0.00000003,
   0.00000000,  0.00000000,  0.00000000,  0.00000000,  0.00000000,  0.00000000,  0.00000000,  0.02480486,  0.97519514,  0.00000000,
   0.00000000,  0.00000000,  0.00000000,  0.00000000,  0.00000000,  0.00000000,  0.00000000,  0.00000000,  1.00000000,  0.00000000,
   0.00000000,  0.00000000,  0.00000000,  0.00000000,  0.00000000,  0.00000000,  0.00000000,  0.00000000,  0.00000000,  1.00000000,
   0.00040002,  0.00022082,  0.00038469,  0.00002081,  0.00015820,  0.00009283,  0.00021879,  0.02116552,  0.97733832,  0.00000000,
   0.00000000,  0.00000103,  0.00000064,  0.00000003,  0.00000102,  0.00000021,  0.00000050,  0.02265824,  0.97733832,  0.00000000,
   0.00000000,  0.00000000,  0.00000056,  0.00000001,  0.00000009,  0.00000016,  0.00000014,  0.00001357,  0.99998547,  0.00000000,
   0.00000000,  0.00000000,  0.00000000,  0.00000018,  0.00000003,  0.00000002,  0.00149570,  0.02116371,  0.97734034,  0.00000003,
   0.00000000,  0.00000000,  0.00000000,  0.00000000,  0.00000000,  0.00000000,  0.00000000,  0.02265963,  0.97734037,  0.00000000,
   0.00000000,  0.00000000,  0.00000000,  0.00000000,  0.00000000,  0.00000000,  0.00000000,  0.00000000,  1.00000000,  0.00000000,
   0.00000000,  0.00000000,  0.00000000,  0.00000000,  0.00000000,  0.00000000,  0.00149592,  0.02116371,  0.97734034,  0.00000003,
   0.00000000,  0.00000000,  0.00000000,  0.00000000,  0.00000000,  0.00000000,  0.00000000,  0.02265963,  0.97734037,  0.00000000,
   0.00000000,  0.00000000,  0.00000000,  0.00000000,  0.00000000,  0.00000000,  0.00000000,  0.00000000,  1.00000000,  0.00000000,
   0.00000000,  0.00000000,  0.00000000,  0.00000000,  0.00000000,  0.00000000,  0.00000000,  0.00000000,  0.00000000,  1.00000000,
   0.00033985,  0.00018766,  0.00032690,  0.00001768,  0.00013447,  0.00007889,  0.00019066,  0.01942551,  0.97929837,  0.00000000,
   0.00000000,  0.00000077,  0.00000048,  0.00000003,  0.00000077,  0.00000016,  0.00000039,  0.02069904,  0.97929837,  0.00000000,
   0.00000000,  0.00000000,  0.00000041,  0.00000001,  0.00000007,  0.00000011,  0.00000011,  0.00001076,  0.99998853,  0.00000000,
   0.00000000,  0.00000000,  0.00000000,  0.00000013,  0.00000002,  0.00000001,  0.00127576,  0.01942384,  0.97930022,  0.00000003,
   0.00000000,  0.00000000,  0.00000000,  0.00000000,  0.00000000,  0.00000000,  0.00000000,  0.02069975,  0.97930024,  0.00000000,
   0.00000000,  0.00000000,  0.00000000,  0.00000000,  0.00000000,  0.00000000,  0.00000000,  0.00000000,  1.00000000,  0.00000000,
   0.00000000,  0.00000000,  0.00000000,  0.00000000,  0.00000000,  0.00000000,  0.00127592,  0.01942384,  0.97930021,  0.00000003,
   0.00000000,  0.00000000,  0.00000000,  0.00000000,  0.00000000,  0.00000000,  0.00000000,  0.02069975,  0.97930024,  0.00000000,
   0.00000000,  0.00000000,  0.00000000,  0.00000000,  0.00000000,  0.00000000,  0.00000000,  0.00000000,  1.00000000,  0.00000000,
   0.00000000,  0.00000000,  0.00000000,  0.00000000,  0.00000000,  0.00000000,  0.00000000,  0.00000000,  0.00000000,  1.00000000,
   0.00028874,  0.00015948,  0.00027779,  0.00001503,  0.00011429,  0.00006704,  0.00016605,  0.01782255,  0.98108903,  0.00000000,
   0.00000000,  0.00000058,  0.00000036,  0.00000002,  0.00000058,  0.00000012,  0.00000030,  0.01890901,  0.98108903,  0.00000000,
   0.00000000,  0.00000000,  0.00000030,  0.00000001,  0.00000005,  0.00000008,  0.00000008,  0.00000853,  0.99999094,  0.00000000,
   0.00000000,  0.00000000,  0.00000000,  0.00000009,  0.00000002,  0.00000001,  0.00108812,  0.01782101,  0.98109072,  0.00000003,
   0.00000000,  0.00000000,  0.00000000,  0.00000000,  0.00000000,  0.00000000,  0.00000000,  0.01890925,  0.98109075,  0.00000000,
   0.00000000,  0.00000000,  0.00000000,  0.00000000,  0.00000000,  0.00000000,  0.00000000,  0.00000000,  1.00000000,  0.00000000,
   0.00000000,  0.00000000,  0.00000000,  0.00000000,  0.00000000,  0.00000000,  0.00108824,  0.01782101,  0.98109072,  0.00000003,
   0.00000000,  0.00000000,  0.00000000,  0.00000000,  0.00000000,  0.00000000,  0.00000000,  0.01890925,  0.98109075,  0.00000000,
   0.00000000,  0.00000000,  0.00000000,  0.00000000,  0.00000000,  0.00000000,  0.00000000,  0.00000000,  1.00000000,  0.00000000,
   0.00000000,  0.00000000,  0.00000000,  0.00000000,  0.00000000,  0.00000000,  0.00000000,  0.00000000,  0.00000000,  1.00000000,
